ve	7.37
bir	7.34
bu	7.11
için	6.9
de	6.87
da	6.81
çok	6.81
ile	6.72
ne	6.64
daha	6.61
en	6.59
gibi	6.58
olarak	6.58
her	6.56
kadar	6.56
o	6.56
olan	6.54
ben	6.53
var	6.53
ama	6.51
sonra	6.45
ki	6.4
iyi	6.37
yok	6.37
ya	6.35
değil	6.33
sen	6.28
büyük	6.26
yeni	6.25
güzel	6.23
sadece	6.23
zaman	6.23
ilk	6.22
iki	6.21
mi	6.2
hiç	6.18
ise	6.17
oldu	6.16
bile	6.14
nasıl	6.14
şey	6.14
benim	6.13
böyle	6.13
son	6.13
tek	6.13
gün	6.11
tüm	6.11
yer	6.11
önce	6.11
artık	6.1
göre	6.1
mı	6.1
seni	6.09
beni	6.08
türkiye	6.08
aynı	6.07
bana	6.07
tarafından	6.07
türk	6.07
doğru	6.06
veya	6.06
biz	6.04
olduğunu	6.04
diye	6.03
kendi	6.03
olduğu	6.03
olur	6.03
d	6.02
şu	6.01
birlikte	5.99
devam	5.98
diğer	5.98
sana	5.98
fazla	5.97
neden	5.97
a	5.96
önemli	5.96
yıl	5.95
içinde	5.94
olmak	5.94
şimdi	5.94
çünkü	5.93
ancak	5.92
başka	5.92
biri	5.92
bunu	5.92
işte	5.92
olsun	5.92
karşı	5.91
arasında	5.9
insanlar	5.9
öyle	5.9
şekilde	5.9
bütün	5.89
istanbul	5.89
iş	5.89
senin	5.89
dünya	5.88
genel	5.88
hemen	5.88
yine	5.88
adam	5.86
siz	5.86
tam	5.86
uzun	5.85
bizim	5.84
bugün	5.84
saat	5.84
az	5.83
bunun	5.83
eden	5.83
hakkında	5.83
küçük	5.83
size	5.83
teşekkürler	5.83
alan	5.82
bazı	5.82
geri	5.82
olacak	5.82
gelen	5.81
insan	5.81
kadın	5.81
onu	5.81
üç	5.81
biraz	5.8
gece	5.8
hem	5.8
kişi	5.8
yani	5.8
ayrıca	5.79
eski	5.79
i	5.79
kabul	5.79
etti	5.78
hiçbir	5.78
ilgili	5.78
yapılan	5.78
özel	5.78
bize	5.77
evet	5.77
gerçek	5.77
e	5.76
vardır	5.76
fakat	5.75
kez	5.75
sahip	5.75
yüksek	5.75
zaten	5.75
üzerine	5.75
geldi	5.74
kim	5.74
mu	5.74
sizin	5.74
bulunan	5.73
devlet	5.73
farklı	5.73
hep	5.73
kız	5.73
üzerinde	5.73
eğer	5.72
geliyor	5.72
herkes	5.72
ediyor	5.71
hala	5.71
lütfen	5.71
çocuk	5.71
burada	5.7
onun	5.7
para	5.7
su	5.7
üzere	5.7
an	5.69
bin	5.69
söz	5.69
bizi	5.68
kimse	5.68
yerine	5.68
yılında	5.68
el	5.67
etmek	5.67
günü	5.67
in	5.67
istiyorum	5.67
hayır	5.66
kötü	5.66
demek	5.65
erkek	5.65
bak	5.64
gerek	5.64
ortaya	5.64
sizi	5.64
yapan	5.64
zor	5.64
ay	5.63
belki	5.63
eğitim	5.63
hafta	5.63
ikinci	5.63
kısa	5.63
olmaz	5.63
oluyor	5.63
ona	5.63
birçok	5.62
kendini	5.62
olabilir	5.62
tekrar	5.62
ardından	5.61
geçen	5.61
olup	5.61
süre	5.61
altında	5.6
başkanı	5.6
bence	5.6
dedi	5.6
yerde	5.6
adı	5.59
aslında	5.59
haber	5.59
hangi	5.59
olması	5.59
pek	5.59
yeniden	5.59
yoksa	5.59
ı	5.59
boyunca	5.58
mutlu	5.58
takip	5.58
yol	5.58
zamanda	5.58
al	5.57
açık	5.57
ev	5.57
yaptığı	5.57
başladı	5.56
buna	5.56
dikkat	5.56
ediyorum	5.56
gerçekten	5.56
lazım	5.56
olsa	5.56
sonunda	5.56
yapmak	5.56
ankara	5.55
bunlar	5.55
gelir	5.55
gereken	5.55
olmayan	5.55
üniversitesi	5.55
ali	5.54
asla	5.54
birkaç	5.54
eder	5.54
ederim	5.54
genç	5.54
hava	5.54
karar	5.54
kaç	5.54
ait	5.53
b	5.53
bağlı	5.53
dakika	5.53
hızlı	5.53
il	5.53
istiyor	5.53
milyon	5.53
onlar	5.53
s	5.53
sosyal	5.53
teşekkür	5.53
yakın	5.53
özellikle	5.53
hadi	5.52
kolay	5.52
tarihi	5.52
yanında	5.52
şeyler	5.52
ana	5.51
destek	5.51
dört	5.51
oyun	5.51
yarın	5.51
yere	5.51
anda	5.5
bilgi	5.5
merak	5.5
rağmen	5.5
sabah	5.5
vardı	5.5
yaptı	5.5
çıktı	5.5
abd	5.49
beraber	5.49
edilen	5.49
et	5.49
kontrol	5.49
m	5.49
niye	5.49
oldukça	5.49
seviyorum	5.49
söyledi	5.49
yalnız	5.49
yanlış	5.49
şeyi	5.49
akşam	5.48
avrupa	5.48
falan	5.48
güçlü	5.48
iç	5.48
nedir	5.48
olmuş	5.48
parti	5.48
verdi	5.48
beri	5.47
cevap	5.47
dr	5.47
dünyanın	5.47
film	5.47
gelecek	5.47
göz	5.47
merkezi	5.47
spor	5.47
teknik	5.47
yaz	5.47
ülke	5.47
bölüm	5.46
değildir	5.46
gel	5.46
insanların	5.46
ol	5.46
yardımcı	5.46
çıkan	5.46
aldı	5.45
almak	5.45
bazen	5.45
dışında	5.45
elde	5.45
herhangi	5.45
kaldı	5.45
yaklaşık	5.45
allah	5.44
belli	5.44
halk	5.44
on	5.44
polis	5.44
temmuz	5.44
tl	5.44
uluslararası	5.44
varsa	5.44
yardım	5.44
yemek	5.44
yüzden	5.44
anne	5.43
hareket	5.43
konusunda	5.43
mehmet	5.43
nedeniyle	5.43
sanki	5.43
tabi	5.43
veren	5.43
beyaz	5.42
bundan	5.42
durum	5.42
eylül	5.42
kan	5.42
savaş	5.42
tamamen	5.42
başına	5.41
bende	5.41
beş	5.41
böylece	5.41
dedim	5.41
den	5.41
dün	5.41
hayat	5.41
kalan	5.41
kitap	5.41
kendine	5.4
mustafa	5.4
musunuz	5.4
sıra	5.4
yaş	5.4
ye	5.4
ahmet	5.39
arada	5.39
belediye	5.39
c	5.39
canlı	5.39
deniz	5.39
dolayı	5.39
edin	5.39
ele	5.39
ister	5.39
olursa	5.39
sürekli	5.39
yolu	5.39
üst	5.39
ara	5.38
at	5.38
başkan	5.38
izmir	5.38
milli	5.38
olun	5.38
ses	5.38
sorun	5.38
tane	5.38
the	5.38
verilen	5.38
video	5.38
altı	5.37
evde	5.37
fark	5.37
görev	5.37
hak	5.37
izin	5.37
müzik	5.37
resmi	5.37
satın	5.37
tarih	5.37
tür	5.37
uygun	5.37
ayrı	5.36
boş	5.36
günlük	5.36
hatta	5.36
ilçe	5.36
içine	5.36
k	5.36
kültür	5.36
rahat	5.36
sahibi	5.36
sağlık	5.36
sistemi	5.36
yaşında	5.36
yeter	5.36
benden	5.35
dolu	5.35
hepsi	5.35
işi	5.35
maç	5.35
sonucu	5.35
soru	5.35
te	5.35
yoktur	5.35
çeşitli	5.35
be	5.34
ciddi	5.34
eve	5.34
hazır	5.34
hizmet	5.34
kendimi	5.34
mart	5.34
sayın	5.34
takım	5.34
yalan	5.34
yeri	5.34
yıllık	5.34
şehir	5.34
şöyle	5.34
geç	5.33
geçti	5.33
grup	5.33
görmek	5.33
güvenlik	5.33
harika	5.33
kadınlar	5.33
mücadele	5.33
nisan	5.33
telefon	5.33
yılı	5.33
alt	5.32
ağır	5.32
dahil	5.32
ifade	5.32
okul	5.32
orta	5.32
seçim	5.32
süper	5.32
t	5.32
tv	5.32
web	5.32
yapıyor	5.32
ünlü	5.32
birini	5.31
dış	5.31
güneş	5.31
halde	5.31
hayal	5.31
isteyen	5.31
kesin	5.31
mükemmel	5.31
onların	5.31
resim	5.31
sanat	5.31
sırasında	5.31
tarihinde	5.31
uzak	5.31
yönetim	5.31
adım	5.3
arkadaş	5.3
başarılı	5.3
birinci	5.3
bulundu	5.3
defa	5.3
ders	5.3
değilim	5.3
edildi	5.3
ilan	5.3
neler	5.3
nin	5.3
olay	5.3
onları	5.3
peki	5.3
senden	5.3
tamam	5.3
toplam	5.3
çocuklar	5.3
şarkı	5.3
durumda	5.29
etme	5.29
gitti	5.29
güç	5.29
itibaren	5.29
kesinlikle	5.29
konuda	5.29
kızı	5.29
nefret	5.29
ortak	5.29
sonrası	5.29
temel	5.29
ülkenin	5.29
acaba	5.28
aile	5.28
ak	5.28
anadolu	5.28
ağustos	5.28
aşk	5.28
dolar	5.28
durumu	5.28
edecek	5.28
ettiği	5.28
konusu	5.28
normal	5.28
sanırım	5.28
siyasi	5.28
sonraki	5.28
türkçe	5.28
öldü	5.28
bayan	5.27
baş	5.27
bi	5.27
cumhurbaşkanı	5.27
diyor	5.27
doğum	5.27
dünyada	5.27
elektrik	5.27
erken	5.27
kendisi	5.27
konu	5.27
vermek	5.27
yalnızca	5.27
zorunda	5.27
ölüm	5.27
önceki	5.27
adamı	5.26
aldığı	5.26
alıp	5.26
arasındaki	5.26
bakanı	5.26
başında	5.26
bunları	5.26
dair	5.26
değer	5.26
git	5.26
gol	5.26
herkesin	5.26
islam	5.26
izle	5.26
merkez	5.26
n	5.26
new	5.26
neyse	5.26
onlara	5.26
sene	5.26
sitesi	5.26
bey	5.25
bunların	5.25
dönem	5.25
gerekiyor	5.25
hayatta	5.25
insanları	5.25
işe	5.25
kemal	5.25
kullanılan	5.25
merhaba	5.25
yanı	5.25
yap	5.25
çalışan	5.25
çoğu	5.25
ön	5.25
adına	5.24
bakalım	5.24
bakın	5.24
dil	5.24
haline	5.24
john	5.24
kasım	5.24
kırmızı	5.24
la	5.24
seninle	5.24
verdiği	5.24
yabancı	5.24
yayın	5.24
yıldır	5.24
zarar	5.24
önünde	5.24
acı	5.23
adını	5.23
altın	5.23
baba	5.23
bilim	5.23
geniş	5.23
hayatını	5.23
haziran	5.23
henüz	5.23
mayıs	5.23
mümkün	5.23
olma	5.23
olmalı	5.23
sayısı	5.23
yana	5.23
ücretsiz	5.23
üzerinden	5.23
üçüncü	5.23
şubat	5.23
adlı	5.22
araştırma	5.22
bulunduğu	5.22
cumhuriyet	5.22
dan	5.22
doğal	5.22
erdoğan	5.22
futbol	5.22
içerisinde	5.22
kere	5.22
mesaj	5.22
oldum	5.22
oluşan	5.22
orada	5.22
serbest	5.22
sırada	5.22
yüz	5.22
acil	5.21
can	5.21
ekim	5.21
g	5.21
internet	5.21
kara	5.21
kurulu	5.21
l	5.21
of	5.21
olmadığını	5.21
seks	5.21
sık	5.21
tatlı	5.21
türlü	5.21
yaşam	5.21
yaşayan	5.21
ziyaret	5.21
asıl	5.2
barış	5.2
başlayan	5.2
birisi	5.2
birliği	5.2
canım	5.2
hale	5.2
insanın	5.2
kardeşim	5.2
milletvekili	5.2
ondan	5.2
oyunu	5.2
sağ	5.2
sezon	5.2
sona	5.2
sıcak	5.2
yapar	5.2
yüzünden	5.2
çocuğu	5.2
çıkar	5.2
askeri	5.19
der	5.19
din	5.19
dizi	5.19
hayatı	5.19
ileri	5.19
kişinin	5.19
maçı	5.19
millet	5.19
oy	5.19
selam	5.19
site	5.19
sonu	5.19
ver	5.19
yapmış	5.19
aday	5.18
altına	5.18
atatürk	5.18
bebek	5.18
bölge	5.18
dünyaya	5.18
düzenlenen	5.18
ederek	5.18
emin	5.18
gerektiğini	5.18
gizli	5.18
hakkı	5.18
olmaya	5.18
osmanlı	5.18
sende	5.18
tespit	5.18
verir	5.18
yapma	5.18
zamanı	5.18
öncesi	5.18
aktif	5.17
alır	5.17
ayında	5.17
bilmiyorum	5.17
bununla	5.17
dönemde	5.17
ediyoruz	5.17
ettim	5.17
h	5.17
hoş	5.17
kapalı	5.17
muhteşem	5.17
r	5.17
siyah	5.17
ulusal	5.17
yada	5.17
yerinde	5.17
çalışma	5.17
üstüne	5.17
üyesi	5.17
arası	5.16
edilir	5.16
edip	5.16
ek	5.16
ekonomik	5.16
enerji	5.16
etmeye	5.16
fenerbahçe	5.16
hasta	5.16
http	5.16
ingilizce	5.16
karşısında	5.16
ocak	5.16
olmadan	5.16
online	5.16
sonrasında	5.16
tercih	5.16
yerel	5.16
yerini	5.16
yeterli	5.16
ın	5.16
alanı	5.15
buraya	5.15
bölümü	5.15
escort	5.15
gelmiş	5.15
hukuk	5.15
isim	5.15
kendisine	5.15
medya	5.15
misin	5.15
oyuncu	5.15
u	5.15
verin	5.15
yola	5.15
yıldız	5.15
ölü	5.15
ışık	5.15
adet	5.14
aralık	5.14
basit	5.14
başbakan	5.14
bulunmaktadır	5.14
doğu	5.14
fotoğraf	5.14
galatasaray	5.14
galiba	5.14
gidiyor	5.14
iletişim	5.14
işin	5.14
kalp	5.14
kimsenin	5.14
puan	5.14
sebep	5.14
sevgili	5.14
soğuk	5.14
tabii	5.14
teslim	5.14
veriyor	5.14
yavaş	5.14
ülkede	5.14
şeyin	5.14
annem	5.13
arka	5.13
bakanlığı	5.13
bekliyor	5.13
bitti	5.13
değerli	5.13
düşük	5.13
etmiş	5.13
gelip	5.13
genellikle	5.13
gidip	5.13
günaydın	5.13
meydana	5.13
nefes	5.13
neredeyse	5.13
olmadı	5.13
suriye	5.13
taş	5.13
toprak	5.13
y	5.13
yapmaya	5.13
yedi	5.13
adalet	5.12
anlamına	5.12
ateş	5.12
aynen	5.12
bilgisayar	5.12
biliyor	5.12
biliyorum	5.12
birinin	5.12
demektir	5.12
diyorum	5.12
giden	5.12
gitmek	5.12
gördüm	5.12
herkese	5.12
kişisel	5.12
kuzey	5.12
müslüman	5.12
nerede	5.12
olanlar	5.12
olduğuna	5.12
pazar	5.12
sol	5.12
terör	5.12
yazar	5.12
çift	5.12
aldım	5.11
aydın	5.11
babası	5.11
benimle	5.11
benzer	5.11
birine	5.11
birşey	5.11
dışı	5.11
evi	5.11
geceler	5.11
gerekir	5.11
grubu	5.11
hediye	5.11
ihtiyacı	5.11
istiyoruz	5.11
kişiler	5.11
mal	5.11
sayesinde	5.11
sayıda	5.11
yapıldı	5.11
çalışmaları	5.11
şeklinde	5.11
şeye	5.11
beşiktaş	5.1
birden	5.1
deli	5.1
doğan	5.1
dur	5.1
düşünüyorum	5.1
filmi	5.1
gücü	5.1
günde	5.1
güney	5.1
iddia	5.1
nedenle	5.1
oda	5.1
olmasına	5.1
ortalama	5.1
parçası	5.1
profesyonel	5.1
sert	5.1
umarım	5.1
x	5.1
yapacak	5.1
yıllar	5.1
örneğin	5.1
amerikan	5.09
bilir	5.09
derece	5.09
döneminde	5.09
gelin	5.09
gençlik	5.09
gider	5.09
ha	5.09
insanlara	5.09
ismi	5.09
istemiyorum	5.09
işler	5.09
kahve	5.09
keşke	5.09
mavi	5.09
mesela	5.09
olmasını	5.09
silah	5.09
takımı	5.09
temiz	5.09
ticaret	5.09
yaptım	5.09
yarım	5.09
yılın	5.09
örnek	5.09
ah	5.08
amacıyla	5.08
aşırı	5.08
ceza	5.08
erkekler	5.08
fatih	5.08
geçmiş	5.08
giriş	5.08
gösteren	5.08
günler	5.08
günün	5.08
güven	5.08
hasan	5.08
kadının	5.08
kimi	5.08
kitabı	5.08
olmuştur	5.08
park	5.08
parça	5.08
sebebi	5.08
suç	5.08
tahmin	5.08
yoğun	5.08
zengin	5.08
çocukları	5.08
öğretim	5.08
adamın	5.07
bol	5.07
bursa	5.07
chp	5.07
edilmiş	5.07
gerekli	5.07
içi	5.07
kararı	5.07
kilo	5.07
kızlar	5.07
net	5.07
no	5.07
olduğundan	5.07
olmadığı	5.07
terk	5.07
yeşil	5.07
yönelik	5.07
yılda	5.07
üniversite	5.07
almış	5.06
alın	5.06
alındı	5.06
asker	5.06
aç	5.06
balık	5.06
beyler	5.06
dalga	5.06
davet	5.06
derin	5.06
fakültesi	5.06
gören	5.06
işleri	5.06
kişilik	5.06
metre	5.06
modern	5.06
mutlaka	5.06
mü	5.06
nereye	5.06
olamaz	5.06
rusya	5.06
san	5.06
sarı	5.06
savunma	5.06
saygı	5.06
sistem	5.06
yan	5.06
yapı	5.06
yolunda	5.06
çay	5.06
adana	5.05
akıllı	5.05
alman	5.05
alınan	5.05
araya	5.05
arkadaşlar	5.05
aşağıdaki	5.05
belediyesi	5.05
binlerce	5.05
bırak	5.05
doktor	5.05
giren	5.05
kısmı	5.05
sonuna	5.05
vakit	5.05
yönetimi	5.05
yılmaz	5.05
öğrenci	5.05
şirket	5.05
açıkladı	5.04
açıklama	5.04
bakan	5.04
başlar	5.04
başta	5.04
bizden	5.04
dini	5.04
eğitimi	5.04
haklı	5.04
isimli	5.04
kapı	5.04
kaynak	5.04
kelime	5.04
kendisini	5.04
kimin	5.04
kral	5.04
mevcut	5.04
murat	5.04
partisi	5.04
programı	5.04
sultan	5.04
yerli	5.04
çıkıyor	5.04
şeyleri	5.04
alıyor	5.03
araba	5.03
arkadaşı	5.03
batı	5.03
bağımsız	5.03
birlik	5.03
dava	5.03
dua	5.03
elbette	5.03
genelde	5.03
girdi	5.03
güvenli	5.03
hata	5.03
hayvan	5.03
inşa	5.03
kimseye	5.03
km	5.03
misiniz	5.03
nedeni	5.03
olduğum	5.03
rahatsız	5.03
sesi	5.03
sigara	5.03
ta	5.03
transfer	5.03
yazık	5.03
çin	5.03
şiir	5.03
alarak	5.02
almaya	5.02
cuma	5.02
f	5.02
halkın	5.02
hedef	5.02
ilgi	5.02
iptal	5.02
kış	5.02
not	5.02
ortadan	5.02
otel	5.02
oğlu	5.02
p	5.02
sefer	5.02
sessiz	5.02
verecek	5.02
verildi	5.02
yazı	5.02
yaşamak	5.02
yerden	5.02
yoktu	5.02
önceden	5.02
özür	5.02
öğretmen	5.02
üye	5.02
antalya	5.01
başlıyor	5.01
bilinen	5.01
dilerim	5.01
doğrudan	5.01
hayata	5.01
ibrahim	5.01
ilginç	5.01
ince	5.01
içindeki	5.01
koca	5.01
kullanarak	5.01
kürt	5.01
milyar	5.01
olmayı	5.01
reklam	5.01
sonucunda	5.01
sonuç	5.01
tarım	5.01
tıp	5.01
yardımcısı	5.01
yolda	5.01
yıllarda	5.01
önüne	5.01
öğrenmek	5.01
şunu	5.01
and	5.0
annesi	5.0
aracılığıyla	5.0
başkanlığı	5.0
buradan	5.0
darbe	5.0
ekonomi	5.0
hakları	5.0
istediği	5.0
koruma	5.0
lan	5.0
musun	5.0
saldırı	5.0
sınıf	5.0
uçak	5.0
yanına	5.0
yapılmış	5.0
yarı	5.0
yaşındaki	5.0
yaşıyor	5.0
üzerindeki	5.0
almanya	4.99
aşık	4.99
bazıları	4.99
demir	4.99
etkisi	4.99
halinde	4.99
hayatın	4.99
herşey	4.99
hüseyin	4.99
israil	4.99
iyice	4.99
kamu	4.99
kardeş	4.99
kendime	4.99
michael	4.99
mısın	4.99
olmasın	4.99
olsaydı	4.99
sizden	4.99
tehdit	4.99
zamanlarda	4.99
çocuğun	4.99
ömer	4.99
adamlar	4.98
alanında	4.98
anlamı	4.98
arkadaşım	4.98
ayak	4.98
aşağı	4.98
babam	4.98
bunlardan	4.98
cinsel	4.98
dahi	4.98
derneği	4.98
diyerek	4.98
elinde	4.98
fikir	4.98
halkı	4.98
haydi	4.98
hepimiz	4.98
herkesi	4.98
ihtiyaç	4.98
iken	4.98
katıldı	4.98
konuşma	4.98
kutsal	4.98
köpek	4.98
kızın	4.98
lig	4.98
sorumlu	4.98
tedavi	4.98
test	4.98
v	4.98
yemin	4.98
yıldırım	4.98
çalışıyor	4.98
öne	4.98
özgür	4.98
ailesi	4.97
araç	4.97
basın	4.97
başarı	4.97
belirli	4.97
boyu	4.97
burası	4.97
bölgede	4.97
devletin	4.97
döndü	4.97
dönemi	4.97
günümüzde	4.97
hz	4.97
iran	4.97
kişiye	4.97
komik	4.97
plan	4.97
sahiptir	4.97
sağlam	4.97
sivil	4.97
siyaset	4.97
sorunu	4.97
telefonu	4.97
un	4.97
yaptık	4.97
yapımı	4.97
amerika	4.96
birbirine	4.96
bırakın	4.96
dans	4.96
dili	4.96
eskiden	4.96
ettiğini	4.96
eşi	4.96
gaz	4.96
george	4.96
hesap	4.96
insanı	4.96
ismail	4.96
kayıt	4.96
kurban	4.96
model	4.96
muhammed	4.96
oyunları	4.96
saçma	4.96
top	4.96
varmış	4.96
yaparak	4.96
yayınları	4.96
yi	4.96
zamanlar	4.96
örgütü	4.96
özellikleri	4.96
şampiyon	4.96
attı	4.95
bilgiler	4.95
burda	4.95
ederiz	4.95
geliyorum	4.95
görevi	4.95
idare	4.95
ingiliz	4.95
istediğim	4.95
li	4.95
meclis	4.95
meslek	4.95
nın	4.95
okula	4.95
okulu	4.95
olurdu	4.95
rol	4.95
sesini	4.95
söyle	4.95
teklif	4.95
temsil	4.95
yapılır	4.95
zamanında	4.95
çıkıp	4.95
adayı	4.94
başı	4.94
beyin	4.94
bizler	4.94
david	4.94
etkili	4.94
etmektedir	4.94
ettik	4.94
geçer	4.94
gurur	4.94
ilişki	4.94
ilçesinde	4.94
kalmış	4.94
karanlık	4.94
kat	4.94
metin	4.94
onunla	4.94
recep	4.94
rus	4.94
sakın	4.94
sekiz	4.94
tarihli	4.94
tatil	4.94
taşıyan	4.94
tepki	4.94
ufak	4.94
unutma	4.94
veri	4.94
vs	4.94
yakında	4.94
yurt	4.94
yüzde	4.94
çıkış	4.94
şehit	4.94
alacak	4.93
baskı	4.93
bilimsel	4.93
cumhurbaşkanlığı	4.93
denir	4.93
devleti	4.93
dünyayı	4.93
dışarı	4.93
engel	4.93
evinde	4.93
general	4.93
hani	4.93
hepsini	4.93
ikisi	4.93
imza	4.93
içeren	4.93
işçi	4.93
kafa	4.93
kredi	4.93
madde	4.93
memnun	4.93
olacağını	4.93
sayı	4.93
sevgi	4.93
silahlı	4.93
teknoloji	4.93
televizyon	4.93
verme	4.93
yapın	4.93
yaşlı	4.93
çabuk	4.93
çıkmış	4.93
ü	4.93
üstünde	4.93
şirketi	4.93
amacı	4.92
anayasa	4.92
aziz	4.92
azından	4.92
dolayısıyla	4.92
fiziksel	4.92
gazetesi	4.92
geldik	4.92
geldim	4.92
getirdi	4.92
güvenilir	4.92
istedi	4.92
istedim	4.92
kadını	4.92
karşılık	4.92
kurulan	4.92
kızım	4.92
olayı	4.92
savaşı	4.92
sağlar	4.92
si	4.92
sürece	4.92
tavsiye	4.92
tayyip	4.92
toplum	4.92
uygulama	4.92
van	4.92
yapalım	4.92
yorum	4.92
yukarı	4.92
yıllardır	4.92
çiçek	4.92
üretim	4.92
şaka	4.92
alma	4.91
arama	4.91
boy	4.91
bölgesinde	4.91
cm	4.91
cok	4.91
cumartesi	4.91
cumhuriyeti	4.91
değişik	4.91
düşen	4.91
düştü	4.91
gemi	4.91
işaret	4.91
kar	4.91
kavga	4.91
mısınız	4.91
peter	4.91
ruh	4.91
sanayi	4.91
sağlayan	4.91
süleyman	4.91
tanrı	4.91
tip	4.91
vay	4.91
verdim	4.91
yapıyorum	4.91
yaşadığı	4.91
çözüm	4.91
açısından	4.9
bilmem	4.9
birer	4.9
birileri	4.9
farkında	4.9
garip	4.9
gazi	4.9
geçici	4.9
geçiyor	4.9
haberi	4.9
halka	4.9
herşeyi	4.9
hissediyorum	4.9
idi	4.9
kalmadı	4.9
kanal	4.9
kayıp	4.9
köy	4.9
lideri	4.9
maçında	4.9
numaralı	4.9
olacaktır	4.9
orospu	4.9
renk	4.9
sahte	4.9
seksi	4.9
seri	4.9
suyu	4.9
to	4.9
trabzon	4.9
yaşar	4.9
zeki	4.9
zevk	4.9
çocukların	4.9
üyeleri	4.9
şehrin	4.9
bizimle	4.89
biçimde	4.89
derken	4.89
eksik	4.89
emekli	4.89
etmesi	4.89
gayet	4.89
gazete	4.89
gelince	4.89
geriye	4.89
hafif	4.89
hakim	4.89
hükümet	4.89
isterim	4.89
kaya	4.89
kent	4.89
konya	4.89
kuş	4.89
kıbrıs	4.89
mezun	4.89
olmayacak	4.89
oraya	4.89
osman	4.89
rapor	4.89
sonuçları	4.89
söyler	4.89
tehlikeli	4.89
ticari	4.89
vermiş	4.89
yaparken	4.89
yağmur	4.89
çek	4.89
dek	4.88
elektronik	4.88
fransız	4.88
kapsamında	4.88
kimseyi	4.88
klasik	4.88
numara	4.88
yapıp	4.88
yazdı	4.88
şeker	4.88
başkanlık	4.87
bilen	4.87
bulmak	4.87
büyükşehir	4.87
bıraktı	4.87
demokrasi	4.87
demokratik	4.87
düşman	4.87
eline	4.87
etmez	4.87
evden	4.87
evli	4.87
eğlenceli	4.87
fırsat	4.87
https	4.87
intihar	4.87
kaza	4.87
kişiyi	4.87
korku	4.87
matematik	4.87
mobil	4.87
oranı	4.87
prof	4.87
projesi	4.87
sağlıklı	4.87
sinema	4.87
sokak	4.87
süren	4.87
ters	4.87
umut	4.87
çevre	4.87
çıkacak	4.87
ödül	4.87
abdullah	4.86
adama	4.86
arap	4.86
bağlantı	4.86
biridir	4.86
bok	4.86
dersin	4.86
değeri	4.86
değildi	4.86
dile	4.86
dışişleri	4.86
ederken	4.86
elini	4.86
ettiler	4.86
gözaltına	4.86
herhalde	4.86
james	4.86
kalmak	4.86
katılan	4.86
kaybetti	4.86
kültürel	4.86
lider	4.86
maalesef	4.86
mersin	4.86
müthiş	4.86
nokta	4.86
onur	4.86
ordu	4.86
oğlum	4.86
popüler	4.86
proje	4.86
saha	4.86
söylemek	4.86
tipi	4.86
vakti	4.86
w	4.86
yandan	4.86
yusuf	4.86
yüce	4.86
akıl	4.85
alanda	4.85
bayanlar	4.85
bekliyorum	4.85
buldum	4.85
diyen	4.85
edelim	4.85
edilmesi	4.85
ekibi	4.85
elinden	4.85
evlilik	4.85
eşit	4.85
fena	4.85
geldiği	4.85
geleneksel	4.85
google	4.85
huzur	4.85
hızla	4.85
kadro	4.85
kaynağı	4.85
kazanan	4.85
kendinizi	4.85
kullanan	4.85
kullanılır	4.85
lik	4.85
lisans	4.85
metal	4.85
motor	4.85
müdürlüğü	4.85
olmaktan	4.85
olunca	4.85
orman	4.85
program	4.85
sabit	4.85
saniye	4.85
sağlamak	4.85
sözü	4.85
sınav	4.85
sınır	4.85
tarihleri	4.85
usta	4.85
çalışmak	4.85
çalışmalar	4.85
çalışmaya	4.85
çanakkale	4.85
şehri	4.85
şimdiden	4.85
aklıma	4.84
anlaşma	4.84
ayı	4.84
birleşik	4.84
bizde	4.84
bugünkü	4.84
cidden	4.84
değiliz	4.84
düğün	4.84
gazeteci	4.84
gitsin	4.84
gösterir	4.84
gösteriyor	4.84
hanım	4.84
hariç	4.84
ilaç	4.84
ilişkin	4.84
istifa	4.84
iyisi	4.84
içinden	4.84
kulübü	4.84
ligi	4.84
muhtemelen	4.84
müdürü	4.84
ortada	4.84
rüya	4.84
saatte	4.84
sakin	4.84
söylüyor	4.84
yapıyoruz	4.84
yasal	4.84
yaşanan	4.84
yerlerde	4.84
önemi	4.84
şeyden	4.84
ab	4.83
anlam	4.83
aylık	4.83
aşağıda	4.83
bakış	4.83
buldu	4.83
buz	4.83
bölgesi	4.83
düzenli	4.83
edilmiştir	4.83
etmeyin	4.83
evine	4.83
eş	4.83
gül	4.83
güne	4.83
gıda	4.83
imam	4.83
kadınların	4.83
kahraman	4.83
katı	4.83
kedi	4.83
korumak	4.83
lira	4.83
lise	4.83
neyi	4.83
odası	4.83
olanı	4.83
olduklarını	4.83
olmuyor	4.83
paul	4.83
pazartesi	4.83
paşa	4.83
petrol	4.83
posta	4.83
renkli	4.83
sahne	4.83
sayılı	4.83
sensin	4.83
sevdiğim	4.83
sözleri	4.83
tiyatro	4.83
you	4.83
özelliği	4.83
adil	4.82
almaktadır	4.82
aşkın	4.82
bedava	4.82
biliyoruz	4.82
bomba	4.82
budur	4.82
değilsin	4.82
dokuz	4.82
evin	4.82
facebook	4.82
final	4.82
gidiyorum	4.82
gördü	4.82
harekete	4.82
hâlâ	4.82
istersen	4.82
kazanmak	4.82
kime	4.82
kulak	4.82
kullanımı	4.82
lisesi	4.82
mutluluk	4.82
parlak	4.82
resmen	4.82
rica	4.82
saç	4.82
sinir	4.82
sözleşme	4.82
turizm	4.82
ucuz	4.82
uyku	4.82
uzay	4.82
yapılacak	4.82
yasa	4.82
yayınlanan	4.82
çalışması	4.82
ıı	4.82
şans	4.82
aldık	4.81
arkasında	4.81
başladım	4.81
bugüne	4.81
bulunur	4.81
bölümünde	4.81
daima	4.81
düşünce	4.81
ekmek	4.81
ermeni	4.81
farkı	4.81
geldiğinde	4.81
gösterdi	4.81
haberler	4.81
hakan	4.81
halen	4.81
idari	4.81
ismini	4.81
kalın	4.81
konuşmak	4.81
küresel	4.81
maçta	4.81
oku	4.81
olası	4.81
olmanın	4.81
sizinle	4.81
tasarım	4.81
yanımda	4.81
yapısı	4.81
zafer	4.81
zamanla	4.81
zayıf	4.81
üstü	4.81
aman	4.8
anladım	4.8
anında	4.8
atan	4.8
ayakta	4.8
başlangıç	4.8
baştan	4.8
bunlara	4.8
dijital	4.8
emre	4.8
gelebilir	4.8
gelmez	4.8
gerçeği	4.8
giderek	4.8
görüntü	4.8
hakkındaki	4.8
hali	4.8
ilçesi	4.8
kalır	4.8
kazandı	4.8
kendilerini	4.8
kilometre	4.8
lanet	4.8
mahalle	4.8
mm	4.8
olmasa	4.8
oysa	4.8
salak	4.8
samsun	4.8
sebebiyle	4.8
sever	4.8
toplu	4.8
toplumsal	4.8
vb	4.8
verilir	4.8
vermeye	4.8
yapmayı	4.8
yoluyla	4.8
york	4.8
çekti	4.8
ödeme	4.8
önde	4.8
aracı	4.79
aralarında	4.79
açıldı	4.79
bayram	4.79
cep	4.79
dersi	4.79
desteği	4.79
doğa	4.79
dünyadaki	4.79
düzgün	4.79
edebiyat	4.79
emir	4.79
emniyet	4.79
etki	4.79
eşlik	4.79
gençler	4.79
geride	4.79
geçiş	4.79
gidecek	4.79
girip	4.79
görünce	4.79
görüyorum	4.79
hayatına	4.79
inanılmaz	4.79
ingiltere	4.79
inşallah	4.79
iyidir	4.79
kahvaltı	4.79
karşılıklı	4.79
konuyu	4.79
mesele	4.79
mısır	4.79
nesil	4.79
neyin	4.79
noktası	4.79
oldukları	4.79
oturup	4.79
performans	4.79
radyo	4.79
sizde	4.79
standart	4.79
sıradan	4.79
tebrikler	4.79
ten	4.79
tren	4.79
unutmayın	4.79
yaptığım	4.79
yatak	4.79
yüzünü	4.79
çeken	4.79
çeşit	4.79
ırak	4.79
bayrak	4.78
bülent	4.78
bırakıp	4.78
diyarbakır	4.78
doktora	4.78
dost	4.78
duruma	4.78
edeceğiz	4.78
efendi	4.78
etmeyi	4.78
gecesi	4.78
ilişkiler	4.78
iyilik	4.78
izlemek	4.78
kaldım	4.78
kardeşi	4.78
kocaman	4.78
köyü	4.78
mahallesi	4.78
miyim	4.78
nereden	4.78
neye	4.78
olduğunda	4.78
oranda	4.78
paralel	4.78
seyahat	4.78
sonuçta	4.78
sürede	4.78
süredir	4.78
tur	4.78
windows	4.78
yolunu	4.78
yılından	4.78
zamana	4.78
üretimi	4.78
derecede	4.77
dev	4.77
dir	4.77
dizisi	4.77
duygusal	4.77
dönüş	4.77
ekip	4.77
gönderdi	4.77
görülen	4.77
günleri	4.77
güzellik	4.77
hayatım	4.77
hele	4.77
hikaye	4.77
hoca	4.77
inşaat	4.77
kamera	4.77
kartı	4.77
kontrolü	4.77
le	4.77
listesi	4.77
masum	4.77
modeli	4.77
nükleer	4.77
olumlu	4.77
olurum	4.77
ortasında	4.77
planı	4.77
pozitif	4.77
saati	4.77
sanatçı	4.77
sevdim	4.77
severim	4.77
siktir	4.77
sonradan	4.77
sürü	4.77
sıkıntı	4.77
sırf	4.77
ulaşım	4.77
yaygın	4.77
yazılım	4.77
yazıyor	4.77
çalıştı	4.77
çekici	4.77
ölümü	4.77
şehirde	4.77
akp	4.76
anlamda	4.76
attığı	4.76
açılan	4.76
ağaç	4.76
bina	4.76
buradaki	4.76
dakikada	4.76
dostum	4.76
düz	4.76
etmiştir	4.76
etrafında	4.76
fransa	4.76
geldiğini	4.76
henry	4.76
işbirliği	4.76
kalma	4.76
karşılığında	4.76
mahkeme	4.76
müdür	4.76
olacağız	4.76
olduk	4.76
olmuştu	4.76
operasyon	4.76
otomatik	4.76
satış	4.76
sinan	4.76
sistemleri	4.76
sohbet	4.76
tarafında	4.76
tel	4.76
vali	4.76
vergi	4.76
yarısı	4.76
çelik	4.76
çocuklara	4.76
ölen	4.76
ada	4.75
akşamlar	4.75
açıdan	4.75
açıklaması	4.75
ağrı	4.75
cami	4.75
cem	4.75
dar	4.75
dinle	4.75
ege	4.75
esas	4.75
eser	4.75
ey	4.75
gelmiyor	4.75
gidin	4.75
göze	4.75
hastalık	4.75
heyecan	4.75
icin	4.75
ikili	4.75
isterseniz	4.75
kanun	4.75
karakter	4.75
kimyasal	4.75
konuşuyor	4.75
memur	4.75
okulda	4.75
olaylar	4.75
olduğumuz	4.75
olmazsa	4.75
olsam	4.75
servisi	4.75
sizler	4.75
sonuçlar	4.75
sıkı	4.75
talep	4.75
tarafı	4.75
trt	4.75
uyuşturucu	4.75
yangın	4.75
yönünde	4.75
z	4.75
ülkeye	4.75
abi	4.74
adında	4.74
ailenin	4.74
akdeniz	4.74
aksine	4.74
asya	4.74
açtı	4.74
başa	4.74
bebeğim	4.74
di	4.74
dikkatli	4.74
düşün	4.74
er	4.74
eğlence	4.74
filmin	4.74
geleceği	4.74
gezi	4.74
geçerli	4.74
gitme	4.74
gücünü	4.74
günden	4.74
günlerde	4.74
haberleri	4.74
insana	4.74
içeri	4.74
kaliteli	4.74
karadeniz	4.74
konuk	4.74
konuşan	4.74
koç	4.74
kullandığı	4.74
kuran	4.74
madem	4.74
numarası	4.74
orhan	4.74
otobüs	4.74
sayfa	4.74
topu	4.74
trafik	4.74
tıbbi	4.74
verici	4.74
yaptığımız	4.74
yerin	4.74
yolculuk	4.74
yolun	4.74
çizgi	4.74
öz	4.74
özgürlük	4.74
üstelik	4.74
üstün	4.74
şirketin	4.74
anahtar	4.73
arasına	4.73
aslan	4.73
bekliyoruz	4.73
bilmek	4.73
cesur	4.73
döner	4.73
edebilir	4.73
eskişehir	4.73
eylem	4.73
gerekirse	4.73
gerçekleştirilen	4.73
getiren	4.73
gittim	4.73
hacı	4.73
hakkını	4.73
idam	4.73
iktidar	4.73
insanlarla	4.73
is	4.73
istediğini	4.73
istediğiniz	4.73
işgal	4.73
işini	4.73
kadına	4.73
kendilerine	4.73
kullanıcı	4.73
kupa	4.73
kurt	4.73
maruz	4.73
mhp	4.73
na	4.73
olağanüstü	4.73
oradan	4.73
otomobil	4.73
rüzgar	4.73
sakarya	4.73
servis	4.73
sevgilim	4.73
seviyor	4.73
show	4.73
söyleyen	4.73
süreci	4.73
tanesi	4.73
taraftan	4.73
tom	4.73
vatan	4.73
verdik	4.73
yakışıklı	4.73
yaptıkları	4.73
yavuz	4.73
yazan	4.73
yerleri	4.73
yirmi	4.73
önem	4.73
şiddet	4.73
alternatif	4.72
amaçlı	4.72
bakma	4.72
bankası	4.72
basketbol	4.72
bay	4.72
başarısız	4.72
bekleyen	4.72
benzeri	4.72
dediği	4.72
denilen	4.72
değişiklik	4.72
diyelim	4.72
diyorlar	4.72
diş	4.72
durumunda	4.72
dördüncü	4.72
edilebilir	4.72
emri	4.72
gelişmiş	4.72
gibidir	4.72
giderken	4.72
göreve	4.72
gözden	4.72
halil	4.72
hazırlık	4.72
ihanet	4.72
ihtiyacım	4.72
ikna	4.72
işten	4.72
kaptan	4.72
kayseri	4.72
koyun	4.72
kusura	4.72
kısmını	4.72
lee	4.72
max	4.72
meclisi	4.72
mevcuttur	4.72
meydan	4.72
miktarda	4.72
pkk	4.72
selim	4.72
selçuk	4.72
seven	4.72
sizce	4.72
sürpriz	4.72
süt	4.72
vakfı	4.72
yaptığını	4.72
yapım	4.72
yasak	4.72
yerler	4.72
yeterince	4.72
yoluna	4.72
yukarıda	4.72
yüzüne	4.72
çeviri	4.72
çıkmak	4.72
ölçüde	4.72
şükür	4.72
anlamak	4.71
aptal	4.71
ayağa	4.71
açıklandı	4.71
açıkça	4.71
başıma	4.71
başını	4.71
bilgileri	4.71
cezası	4.71
cilt	4.71
civarında	4.71
deme	4.71
denize	4.71
diğerleri	4.71
duruyor	4.71
duygu	4.71
dönüp	4.71
efendim	4.71
ettiğim	4.71
futbolcu	4.71
geleni	4.71
gönül	4.71
gümüş	4.71
gündüz	4.71
hangisi	4.71
hapis	4.71
hayatında	4.71
hayırlı	4.71
hizmetleri	4.71
indir	4.71
isterdim	4.71
itiraf	4.71
jack	4.71
kalsın	4.71
kuru	4.71
kurumu	4.71
kör	4.71
merkezine	4.71
onlardan	4.71
parayı	4.71
takımın	4.71
taraf	4.71
türü	4.71
tıpkı	4.71
uğur	4.71
yatırım	4.71
yerlere	4.71
yolları	4.71
yüzü	4.71
çalışır	4.71
öldürüldü	4.71
ürün	4.71
akademik	4.7
anlatan	4.7
babasının	4.7
banka	4.7
başarılar	4.7
bilet	4.7
bitki	4.7
dediğim	4.7
degil	4.7
dergisi	4.7
diğeri	4.7
dürüst	4.7
ekran	4.7
eren	4.7
faaliyet	4.7
fikri	4.7
frank	4.7
gelmek	4.7
gene	4.7
gerçekleşen	4.7
gördüğüm	4.7
harry	4.7
hastalığı	4.7
hizmeti	4.7
kart	4.7
kısaca	4.7
lar	4.7
nüfus	4.7
oldun	4.7
olduğun	4.7
saf	4.7
siyasal	4.7
sözler	4.7
sıfır	4.7
tarzı	4.7
uzaktan	4.7
uçuş	4.7
varken	4.7
yarar	4.7
yazılı	4.7
yılının	4.7
zamandır	4.7
çoktan	4.7
ödülü	4.7
ürünleri	4.7
şarkılar	4.7
şeytan	4.7
şikayet	4.7
adamları	4.69
altındaki	4.69
apple	4.69
bahar	4.69
bakmak	4.69
boşa	4.69
dediler	4.69
dışına	4.69
edici	4.69
eli	4.69
emek	4.69
fazlası	4.69
filan	4.69
forma	4.69
gaziantep	4.69
görünüyor	4.69
hareketi	4.69
hocam	4.69
inan	4.69
içişleri	4.69
işlem	4.69
kafayı	4.69
karısı	4.69
kendim	4.69
kendinize	4.69
kullanmak	4.69
kurşun	4.69
kılıç	4.69
ler	4.69
makine	4.69
mesajı	4.69
milyonlarca	4.69
müdahale	4.69
orda	4.69
oyunun	4.69
pis	4.69
profesör	4.69
programları	4.69
tebrik	4.69
vücut	4.69
yapabilir	4.69
yaparım	4.69
yapılması	4.69
yaralı	4.69
yolcu	4.69
yunan	4.69
çirkin	4.69
çıkardı	4.69
çıktığı	4.69
ülkeler	4.69
ün	4.69
şair	4.69
şampiyonluk	4.69
adnan	4.68
alanları	4.68
alışveriş	4.68
anlamadım	4.68
arkadaşları	4.68
bayrağı	4.68
başlamış	4.68
başından	4.68
belirtti	4.68
birbirinden	4.68
cesaret	4.68
cevabı	4.68
denk	4.68
doğrusu	4.68
gecenin	4.68
girmek	4.68
görüyor	4.68
gününde	4.68
hız	4.68
inanıyorum	4.68
iphone	4.68
işine	4.68
kal	4.68
kalacak	4.68
kalıyor	4.68
kartal	4.68
katil	4.68
kendisinin	4.68
kurtuluş	4.68
mantıklı	4.68
merkezinde	4.68
meyve	4.68
moda	4.68
nerde	4.68
okuma	4.68
olduğumu	4.68
parası	4.68
problem	4.68
seçimi	4.68
sonsuz	4.68
sorunları	4.68
temsilcisi	4.68
tutan	4.68
twitter	4.68
valisi	4.68
veda	4.68
vefat	4.68
yazdığı	4.68
youtube	4.68
yüzlerce	4.68
yılları	4.68
zorla	4.68
çalışırken	4.68
çekiyor	4.68
çekmek	4.68
öncelikle	4.68
şampiyonlar	4.68
aa	4.67
aldığım	4.67
açan	4.67
baktım	4.67
bölgeye	4.67
cam	4.67
canını	4.67
charles	4.67
diyorsun	4.67
dönemin	4.67
edilmektedir	4.67
ediyorlar	4.67
eminim	4.67
filmleri	4.67
getirmek	4.67
görmedim	4.67
göstermek	4.67
gözleri	4.67
gözlerini	4.67
güncel	4.67
günümüz	4.67
haftada	4.67
hastanesi	4.67
hepimizin	4.67
hesabı	4.67
istediğin	4.67
istiyorsan	4.67
istiyorsanız	4.67
japon	4.67
kalabalık	4.67
kendinden	4.67
kişilerin	4.67
kuruluş	4.67
los	4.67
maddesi	4.67
marmara	4.67
minik	4.67
mutluyum	4.67
olduğunuz	4.67
pahalı	4.67
peşinde	4.67
psikolojik	4.67
robert	4.67
roma	4.67
roman	4.67
suudi	4.67
süresi	4.67
sınırları	4.67
tarihte	4.67
veriyorum	4.67
yargı	4.67
yemeği	4.67
yoldan	4.67
yumurta	4.67
çocuğa	4.67
çık	4.67
öğrendim	4.67
şansı	4.67
anlar	4.66
anlatmak	4.66
arayan	4.66
arıyorum	4.66
atmak	4.66
bakıyorum	4.66
bisiklet	4.66
denen	4.66
deprem	4.66
derler	4.66
değilse	4.66
dik	4.66
düzenleme	4.66
esnasında	4.66
gelmiştir	4.66
gelsin	4.66
girer	4.66
görür	4.66
haftalık	4.66
hasar	4.66
hattı	4.66
hayatımda	4.66
hayatımın	4.66
hayatının	4.66
hepiniz	4.66
imkansız	4.66
karmaşık	4.66
karışık	4.66
katıldığı	4.66
kaybeden	4.66
kendimizi	4.66
keskin	4.66
kg	4.66
kitaplar	4.66
krizi	4.66
kural	4.66
köşe	4.66
maçın	4.66
mühendisliği	4.66
müziği	4.66
oh	4.66
olmam	4.66
olmaması	4.66
olumsuz	4.66
olursun	4.66
oyuna	4.66
parmak	4.66
peygamber	4.66
richard	4.66
sa	4.66
satışı	4.66
sex	4.66
sezonu	4.66
sürdü	4.66
sıvı	4.66
tbmm	4.66
yahudi	4.66
yük	4.66
zira	4.66
çekip	4.66
ümit	4.66
şarkısı	4.66
şarkıyı	4.66
şimdiye	4.66
alkol	4.65
android	4.65
anı	4.65
ayda	4.65
bakımından	4.65
bas	4.65
biriyle	4.65
devre	4.65
direk	4.65
duran	4.65
duvar	4.65
ederler	4.65
etsin	4.65
gelmedi	4.65
getirir	4.65
geçirdi	4.65
gördüğü	4.65
görevini	4.65
görüş	4.65
gözü	4.65
gündür	4.65
havalimanı	4.65
isyan	4.65
kalkınma	4.65
karşıya	4.65
kimlik	4.65
kitapları	4.65
kullanım	4.65
kıza	4.65
mark	4.65
me	4.65
off	4.65
orijinal	4.65
oynayan	4.65
oyunlar	4.65
programında	4.65
real	4.65
rengi	4.65
salonu	4.65
suya	4.65
suçu	4.65
sınırlı	4.65
tecavüz	4.65
vermektedir	4.65
yapması	4.65
yağ	4.65
yumuşak	4.65
ziraat	4.65
zorunlu	4.65
çalıştığı	4.65
çağdaş	4.65
üretilen	4.65
şahin	4.65
şeylerin	4.65
adresi	4.64
adıyla	4.64
alana	4.64
analiz	4.64
avukat	4.64
ayakkabı	4.64
bakanları	4.64
birinde	4.64
bulur	4.64
cemal	4.64
demiş	4.64
deneme	4.64
don	4.64
engelli	4.64
erişim	4.64
ertesi	4.64
euro	4.64
federal	4.64
fetö	4.64
geceleri	4.64
gelişme	4.64
geliştirme	4.64
geçirmek	4.64
girmiş	4.64
gönüllü	4.64
görmüş	4.64
göç	4.64
hastaneye	4.64
havada	4.64
ilişkileri	4.64
kaldığı	4.64
kalıcı	4.64
kaynakları	4.64
kağıt	4.64
kenara	4.64
komisyonu	4.64
konser	4.64
kullandı	4.64
kızıl	4.64
lı	4.64
oluşturan	4.64
organize	4.64
oynanan	4.64
protesto	4.64
romantik	4.64
sadık	4.64
salı	4.64
sevdiği	4.64
tan	4.64
tarafta	4.64
tarihe	4.64
tokat	4.64
ton	4.64
türkler	4.64
uefa	4.64
verip	4.64
öncesinde	4.64
önümüzdeki	4.64
örgüt	4.64
şok	4.64
alex	4.63
amerikalı	4.63
anlattı	4.63
atılan	4.63
açığa	4.63
bal	4.63
başladığı	4.63
başlamıştır	4.63
bireysel	4.63
cengiz	4.63
dağ	4.63
devamı	4.63
devrim	4.63
durumlarda	4.63
etmeden	4.63
gerektiği	4.63
gereği	4.63
geçecek	4.63
gördük	4.63
görsel	4.63
görünen	4.63
hal	4.63
insanlık	4.63
intikam	4.63
istemez	4.63
isteği	4.63
kadınları	4.63
kalbi	4.63
kanser	4.63
kaçak	4.63
keyifli	4.63
kod	4.63
korkuyorum	4.63
kuralları	4.63
mahmut	4.63
mali	4.63
manisa	4.63
maça	4.63
meselesi	4.63
mühendislik	4.63
okumak	4.63
olayları	4.63
personel	4.63
politik	4.63
resimler	4.63
rıza	4.63
saray	4.63
sisteminin	4.63
sivas	4.63
sizlere	4.63
teşvik	4.63
trabzonspor	4.63
tutmak	4.63
uygulaması	4.63
yazısı	4.63
zamanın	4.63
çalışıyorum	4.63
çalışıyoruz	4.63
çıkma	4.63
ölmek	4.63
ölümüne	4.63
ötürü	4.63
öğrenciler	4.63
şampiyonu	4.63
aklına	4.62
alanlar	4.62
artan	4.62
aydır	4.62
bardak	4.62
bilmiyor	4.62
bunca	4.62
bölgesel	4.62
bölümde	4.62
derdi	4.62
deri	4.62
derim	4.62
fizik	4.62
garanti	4.62
genelinde	4.62
geçmek	4.62
geçmişte	4.62
gitmiş	4.62
hüküm	4.62
it	4.62
italyan	4.62
işkence	4.62
kadıköy	4.62
kapıyı	4.62
kokusu	4.62
kolayca	4.62
korkunç	4.62
kullanılabilir	4.62
kupası	4.62
martin	4.62
misafir	4.62
onca	4.62
ordusu	4.62
parçaları	4.62
pes	4.62
pişman	4.62
sanal	4.62
sizleri	4.62
sordu	4.62
sorular	4.62
sorunun	4.62
st	4.62
star	4.62
söylüyorum	4.62
sınıfı	4.62
tadını	4.62
tamamı	4.62
tanıtım	4.62
tasarımı	4.62
tuhaf	4.62
varlığı	4.62
vererek	4.62
vurdu	4.62
yaptığınız	4.62
yardımı	4.62
yarış	4.62
yazarı	4.62
yaşamını	4.62
yiyecek	4.62
çalışmalarına	4.62
çapında	4.62
çıkarmak	4.62
şuan	4.62
şunları	4.62
ad	4.61
afrika	4.61
almayı	4.61
anlamıyorum	4.61
aramaya	4.61
ba	4.61
bakar	4.61
başkenti	4.61
bekle	4.61
bilgisi	4.61
birazdan	4.61
birimi	4.61
boyun	4.61
bozuk	4.61
bulut	4.61
by	4.61
dayalı	4.61
deki	4.61
düşer	4.61
edildiği	4.61
erdi	4.61
erzurum	4.61
etmiyor	4.61
fazlasıyla	4.61
for	4.61
geldin	4.61
girecek	4.61
gör	4.61
güvenliği	4.61
ilham	4.61
isimleri	4.61
kariyer	4.61
katkıda	4.61
kitabın	4.61
koy	4.61
köprü	4.61
layık	4.61
malatya	4.61
malzeme	4.61
mektup	4.61
muhalefet	4.61
namaz	4.61
nerden	4.61
nur	4.61
olmakla	4.61
oluruz	4.61
oluşur	4.61
onlarla	4.61
sor	4.61
sunucu	4.61
suyun	4.61
suçlu	4.61
taze	4.61
taşı	4.61
terim	4.61
ulaştı	4.61
yakıt	4.61
yapacağız	4.61
yara	4.61
yazın	4.61
yaşama	4.61
yedek	4.61
yıldızı	4.61
çöp	4.61
öte	4.61
özledim	4.61
ülkeyi	4.61
şanslı	4.61
şekli	4.61
ameliyat	4.6
arasından	4.6
atın	4.6
açar	4.6
balıkesir	4.6
bayramı	4.6
birbirlerine	4.6
burak	4.6
bölgenin	4.6
bırakma	4.6
dert	4.6
diliyorum	4.6
direkt	4.6
düşünmek	4.6
düşünün	4.6
dışındaki	4.6
elbise	4.6
fırsatı	4.6
gelmektedir	4.6
gelmesi	4.6
gereksiz	4.6
güle	4.6
haklısın	4.6
haksız	4.6
hayvanlar	4.6
hücre	4.6
hürriyet	4.6
ihtiyacımız	4.6
isimler	4.6
isteyenler	4.6
kadir	4.6
kaydı	4.6
kocaeli	4.6
konuşalım	4.6
kore	4.6
koyu	4.6
kralı	4.6
kulüp	4.6
kızları	4.6
maddi	4.6
maliye	4.6
mini	4.6
miyiz	4.6
okudum	4.6
olacağı	4.6
olduğunun	4.6
oyuncusu	4.6
paris	4.6
parkı	4.6
sahipleri	4.6
salih	4.6
samimi	4.6
satışa	4.6
savaşa	4.6
savaşın	4.6
sokakta	4.6
sıkıcı	4.6
takdir	4.6
tarihinin	4.6
tavuk	4.6
temizlik	4.6
testi	4.6
toplantı	4.6
uydu	4.6
yakından	4.6
çoğunlukla	4.6
üste	4.6
ısı	4.6
şanlıurfa	4.6
şehre	4.6
ailesinin	4.59
aksi	4.59
amatör	4.59
ani	4.59
arayın	4.59
aşkına	4.59
başlamak	4.59
bilirsin	4.59
borç	4.59
bünyesinde	4.59
daire	4.59
devrimci	4.59
değişen	4.59
dolarlık	4.59
dönen	4.59
düzey	4.59
etkileri	4.59
etkinlik	4.59
festivali	4.59
fırat	4.59
gerçekleşti	4.59
girişimi	4.59
gösteri	4.59
göstermektedir	4.59
hakem	4.59
hastane	4.59
hat	4.59
hazırlanan	4.59
hey	4.59
hikayesi	4.59
ikiye	4.59
iman	4.59
işletim	4.59
karşın	4.59
katılım	4.59
kirli	4.59
kişiden	4.59
konuştu	4.59
kuvvet	4.59
kuvvetleri	4.59
kültürü	4.59
mary	4.59
masaj	4.59
olayın	4.59
oluyorum	4.59
pardon	4.59
pasta	4.59
perşembe	4.59
prens	4.59
risk	4.59
sayede	4.59
sipariş	4.59
tamir	4.59
tehlike	4.59
toplantısı	4.59
uğruna	4.59
videosu	4.59
yapmayın	4.59
yapıyorlar	4.59
yat	4.59
yaşamaya	4.59
yaşıyorum	4.59
yetişkin	4.59
yunus	4.59
yöntemi	4.59
yıldan	4.59
çılgın	4.59
ömür	4.59
şeylere	4.59
şiddetli	4.59
aldığını	4.58
alması	4.58
amaç	4.58
anlatıyor	4.58
arayıp	4.58
askerlik	4.58
açılış	4.58
bildiğim	4.58
birim	4.58
bizzat	4.58
cenaze	4.58
cennet	4.58
chris	4.58
değişti	4.58
dinlemek	4.58
dosya	4.58
duymak	4.58
ed	4.58
edenler	4.58
erkeklerin	4.58
etkin	4.58
federasyonu	4.58
fen	4.58
gemisi	4.58
günah	4.58
güzeldi	4.58
hadis	4.58
halkının	4.58
hassas	4.58
hizmete	4.58
ihraç	4.58
ilişkisi	4.58
kaldık	4.58
kapak	4.58
kurum	4.58
kusursuz	4.58
mahkum	4.58
okulun	4.58
oyunda	4.58
oğuz	4.58
paket	4.58
ruhu	4.58
sağlığı	4.58
serisi	4.58
sevdiğini	4.58
sey	4.58
sürüyor	4.58
tadı	4.58
tutar	4.58
uzman	4.58
verdiğim	4.58
yaptılar	4.58
yapıldığı	4.58
yayınlandı	4.58
yerinden	4.58
yıllarca	4.58
yılına	4.58
çikolata	4.58
önemlidir	4.58
örneği	4.58
öğle	4.58
öğrencileri	4.58
öğrencisi	4.58
ülkelerin	4.58
üyelik	4.58
şart	4.58
alakalı	4.57
albüm	4.57
almıştır	4.57
anlama	4.57
anlamlı	4.57
annemin	4.57
antik	4.57
araştırmalar	4.57
ayrıldı	4.57
ağzına	4.57
başbakanı	4.57
bilimler	4.57
bilimleri	4.57
bırakmak	4.57
davası	4.57
dediğin	4.57
dersleri	4.57
dünyası	4.57
ediyordu	4.57
elimde	4.57
gelirse	4.57
genetik	4.57
gidelim	4.57
görüşmek	4.57
gösterdiği	4.57
ikincisi	4.57
ipek	4.57
isa	4.57
islami	4.57
istatistik	4.57
işletme	4.57
kalem	4.57
kare	4.57
katkı	4.57
kiralık	4.57
kol	4.57
kısmında	4.57
kısım	4.57
melek	4.57
noktada	4.57
olabileceğini	4.57
olacağım	4.57
olanları	4.57
oyuncular	4.57
partinin	4.57
patates	4.57
peşinden	4.57
piyasaya	4.57
red	4.57
satan	4.57
sistemin	4.57
steve	4.57
sus	4.57
tahliye	4.57
tarihine	4.57
teklifi	4.57
temas	4.57
terörist	4.57
thomas	4.57
toplamda	4.57
turan	4.57
varlık	4.57
yapay	4.57
yaptın	4.57
yapılmıştır	4.57
yükseldi	4.57
yükselen	4.57
ölür	4.57
özgü	4.57
şarap	4.57
şekil	4.57
şirketleri	4.57
altından	4.56
alıyorum	4.56
arapça	4.56
arkadaşlarım	4.56
bakım	4.56
bağlantısı	4.56
beklenen	4.56
bil	4.56
biriydi	4.56
daniel	4.56
demişti	4.56
denizli	4.56
derhal	4.56
değişikliği	4.56
değişim	4.56
değişir	4.56
dikkate	4.56
dönüyor	4.56
filistin	4.56
fotoğrafı	4.56
gidiyoruz	4.56
gök	4.56
gökhan	4.56
görülür	4.56
gözler	4.56
hamile	4.56
hatay	4.56
hikmet	4.56
hükümeti	4.56
izni	4.56
içindir	4.56
j	4.56
kapısı	4.56
kurdu	4.56
marka	4.56
masa	4.56
mağlup	4.56
mesafe	4.56
metro	4.56
niçin	4.56
oynadığı	4.56
politika	4.56
rakip	4.56
ray	4.56
rum	4.56
saldırıya	4.56
sevimli	4.56
sistemini	4.56
sıcaklık	4.56
sınırı	4.56
tarafa	4.56
teki	4.56
tutuklandı	4.56
uyum	4.56
vize	4.56
yayımlanan	4.56
yazmak	4.56
yaşa	4.56
yollar	4.56
çarşamba	4.56
çayı	4.56
ölmüş	4.56
özellikler	4.56
şerif	4.56
aittir	4.55
alabilir	4.55
anna	4.55
arıyor	4.55
atarak	4.55
ayşe	4.55
açmak	4.55
açıp	4.55
ağ	4.55
başkası	4.55
beden	4.55
bira	4.55
biter	4.55
bizleri	4.55
davranış	4.55
dersiniz	4.55
detaylı	4.55
direktörü	4.55
düşünüyor	4.55
dışarıda	4.55
ediliyor	4.55
erkeğin	4.55
erol	4.55
eseri	4.55
etmişti	4.55
filmler	4.55
fotoğrafları	4.55
genelkurmay	4.55
geçip	4.55
giriyor	4.55
gönder	4.55
gündeme	4.55
han	4.55
hastanede	4.55
hızı	4.55
ilerleyen	4.55
ili	4.55
kadınlara	4.55
kale	4.55
kalk	4.55
kalmaz	4.55
kendin	4.55
kullanılarak	4.55
kurmak	4.55
kırık	4.55
laf	4.55
motoru	4.55
mr	4.55
muğla	4.55
mıdır	4.55
ok	4.55
okuldan	4.55
olmasından	4.55
oynamak	4.55
pembe	4.55
sarışın	4.55
sonsuza	4.55
soruşturma	4.55
sözünü	4.55
tablo	4.55
unuttum	4.55
verilmiştir	4.55
william	4.55
yahu	4.55
yanıt	4.55
yapılmaktadır	4.55
yay	4.55
yönetmen	4.55
çalışmalarını	4.55
çeyrek	4.55
öğretmenler	4.55
ülkelerde	4.55
ışığı	4.55
şarkıları	4.55
akın	4.54
alakası	4.54
alınmış	4.54
alıyoruz	4.54
amına	4.54
aramızda	4.54
arazi	4.54
ateşli	4.54
aşkı	4.54
aşkım	4.54
bakanlar	4.54
bar	4.54
başardı	4.54
beklemek	4.54
bildiği	4.54
bilirim	4.54
bill	4.54
binanın	4.54
bob	4.54
boya	4.54
burcu	4.54
do	4.54
elazığ	4.54
elimden	4.54
engin	4.54
filmde	4.54
fotoğraflar	4.54
görevlisi	4.54
görüldü	4.54
güler	4.54
hakaret	4.54
has	4.54
hepsinin	4.54
hırsız	4.54
icra	4.54
ilgisi	4.54
inci	4.54
ismet	4.54
itiraz	4.54
içerir	4.54
joe	4.54
kanlı	4.54
kaybı	4.54
kelimesi	4.54
kenan	4.54
kendileri	4.54
konseyi	4.54
kurulmuş	4.54
listesine	4.54
mahkemesi	4.54
medyada	4.54
meşhur	4.54
mike	4.54
milletin	4.54
milliyetçi	4.54
miydi	4.54
normalde	4.54
plastik	4.54
polisin	4.54
raporu	4.54
rize	4.54
rock	4.54
sayılır	4.54
serdar	4.54
sistemine	4.54
sitesinde	4.54
söylediği	4.54
süreç	4.54
tarz	4.54
toplumun	4.54
tut	4.54
yazma	4.54
yunanistan	4.54
yönetici	4.54
çağrı	4.54
çekim	4.54
çevresinde	4.54
ö	4.54
öğretmeni	4.54
şimdilik	4.54
şüphesiz	4.54
ailesine	4.53
alçak	4.53
aniden	4.53
arda	4.53
av	4.53
ağırlık	4.53
bari	4.53
bağ	4.53
başlayacak	4.53
bulan	4.53
bulup	4.53
bıraktım	4.53
dikkatini	4.53
doğdu	4.53
ebu	4.53
erdem	4.53
fazlasını	4.53
geleceğini	4.53
gerçi	4.53
gittiği	4.53
görüşme	4.53
göster	4.53
gündem	4.53
hd	4.53
his	4.53
hukuku	4.53
ios	4.53
istihbarat	4.53
istiklal	4.53
itibariyle	4.53
katılmak	4.53
kaçtı	4.53
kolları	4.53
komutanı	4.53
kongre	4.53
koydu	4.53
kurduğu	4.53
kurtarma	4.53
liste	4.53
madrid	4.53
müslümanlar	4.53
negatif	4.53
nun	4.53
oldular	4.53
otelde	4.53
pilot	4.53
prenses	4.53
razı	4.53
sahada	4.53
sağladı	4.53
seçilen	4.53
sınırsız	4.53
temin	4.53
turgut	4.53
tutuklu	4.53
uygulamaları	4.53
veriyoruz	4.53
yaşta	4.53
yaşıyoruz	4.53
yorgun	4.53
yöntem	4.53
çatışma	4.53
çıkması	4.53
çıplak	4.53
özgün	4.53
şirketler	4.53
şüphe	4.53
acayip	4.52
adımı	4.52
alalım	4.52
am	4.52
anlat	4.52
as	4.52
başladık	4.52
bizlere	4.52
diz	4.52
dön	4.52
edilemez	4.52
etmesini	4.52
evlat	4.52
geçmişi	4.52
gibisin	4.52
gir	4.52
güçleri	4.52
hatun	4.52
hollanda	4.52
iade	4.52
ihtimali	4.52
ihtiyacınız	4.52
insanlardan	4.52
itibarıyla	4.52
içimde	4.52
iğrenç	4.52
kalıp	4.52
kamp	4.52
karşıyaka	4.52
kaydetti	4.52
kelimeler	4.52
keyif	4.52
kritik	4.52
levent	4.52
maaş	4.52
mac	4.52
maddeler	4.52
maden	4.52
makinesi	4.52
makyaj	4.52
midir	4.52
millî	4.52
musa	4.52
mühendisi	4.52
mümkündür	4.52
okuyan	4.52
olduktan	4.52
ortamda	4.52
sahil	4.52
scott	4.52
sesleri	4.52
sigorta	4.52
sorunlar	4.52
süreli	4.52
tartışma	4.52
toz	4.52
turu	4.52
töreni	4.52
uyarı	4.52
uçağı	4.52
yapmaz	4.52
yaprak	4.52
yazmaya	4.52
yaşına	4.52
yılların	4.52
zeynep	4.52
çekilen	4.52
ülkeleri	4.52
ülkesi	4.52
şüpheli	4.52
alanlarda	4.51
aldılar	4.51
anlatmaya	4.51
anti	4.51
arkasından	4.51
arttı	4.51
atıyor	4.51
azerbaycan	4.51
bakıp	4.51
banyo	4.51
batman	4.51
beşinci	4.51
bilerek	4.51
bölgedeki	4.51
canı	4.51
cinayet	4.51
daki	4.51
durumun	4.51
duyuyorum	4.51
düzenlediği	4.51
düzenlendi	4.51
ederse	4.51
elden	4.51
farkına	4.51
getirildi	4.51
geçerek	4.51
geçiren	4.51
giresun	4.51
giyen	4.51
gram	4.51
hayran	4.51
istediğimiz	4.51
isterse	4.51
kanunu	4.51
karın	4.51
kemik	4.51
kimya	4.51
komşu	4.51
kullanılmaktadır	4.51
kullanıyor	4.51
kum	4.51
kurucusu	4.51
köle	4.51
malı	4.51
müşteri	4.51
nadir	4.51
neydi	4.51
ni	4.51
olalım	4.51
olmalıdır	4.51
olmasının	4.51
organik	4.51
ortam	4.51
otuz	4.51
oynuyor	4.51
oyuncak	4.51
sahipliği	4.51
savaşta	4.51
sayfası	4.51
stratejik	4.51
söyleyin	4.51
tahmini	4.51
takıma	4.51
tarif	4.51
toplama	4.51
toprağa	4.51
yapılıyor	4.51
yardımıyla	4.51
yerleşim	4.51
yön	4.51
ziyade	4.51
ürünler	4.51
adres	4.5
adıyaman	4.5
almadan	4.5
alınması	4.5
alırım	4.5
annesinin	4.5
askerler	4.5
ata	4.5
başkanları	4.5
biliyorsun	4.5
bişey	4.5
bölümünü	4.5
camii	4.5
cehennem	4.5
dairesi	4.5
defalarca	4.5
devamlı	4.5
diyoruz	4.5
dostluk	4.5
duyurdu	4.5
düzen	4.5
düşmüş	4.5
düşünen	4.5
dır	4.5
enstitüsü	4.5
gelme	4.5
gerekçesiyle	4.5
girdim	4.5
görülmektedir	4.5
gözünü	4.5
haberin	4.5
haftaya	4.5
hain	4.5
hemde	4.5
hindistan	4.5
ibaret	4.5
idaresi	4.5
istiyorsun	4.5
italya	4.5
iyiydi	4.5
işim	4.5
kaba	4.5
karşılığı	4.5
kayıtları	4.5
kilise	4.5
kimler	4.5
kutlu	4.5
londra	4.5
mardin	4.5
merkezleri	4.5
mimar	4.5
nice	4.5
olmasıdır	4.5
olurlar	4.5
onay	4.5
operasyonu	4.5
performansı	4.5
play	4.5
polisi	4.5
politikası	4.5
rolü	4.5
sam	4.5
sesli	4.5
söyledim	4.5
tamamladı	4.5
tony	4.5
varlığını	4.5
yapmadan	4.5
yapmam	4.5
yaptıklarını	4.5
yaşamı	4.5
yıllarında	4.5
zamanlı	4.5
ç	4.5
ülkeden	4.5
şeyh	4.5
adli	4.49
alım	4.49
art	4.49
asit	4.49
avcı	4.49
aylarında	4.49
ayrılan	4.49
ağacı	4.49
bakmayın	4.49
binası	4.49
caddesi	4.49
dalı	4.49
dene	4.49
değerini	4.49
doğrultusunda	4.49
dönemlerde	4.49
edilerek	4.49
felsefe	4.49
grafik	4.49
grubun	4.49
göreceğiz	4.49
görmeye	4.49
göğüs	4.49
gününü	4.49
harita	4.49
hitap	4.49
insani	4.49
izleyen	4.49
içten	4.49
işlemi	4.49
jean	4.49
kafası	4.49
kalbini	4.49
kalite	4.49
kanı	4.49
kendisinden	4.49
kraliçe	4.49
mil	4.49
neymiş	4.49
okullar	4.49
olacaksınız	4.49
olanların	4.49
olmasaydı	4.49
orası	4.49
patlama	4.49
porno	4.49
samsung	4.49
seviye	4.49
sitede	4.49
soruyorum	4.49
süreçte	4.49
sır	4.49
tahta	4.49
takma	4.49
tatmin	4.49
tim	4.49
uzmanı	4.49
vatandaş	4.49
verdiler	4.49
verelim	4.49
yavru	4.49
yazdım	4.49
yazılmış	4.49
zeka	4.49
zordur	4.49
çıkmaya	4.49
ölüme	4.49
öğrenim	4.49
şarj	4.49
adeta	4.48
akan	4.48
alanına	4.48
alevi	4.48
amca	4.48
arthur	4.48
artış	4.48
aslı	4.48
açlık	4.48
başkalarının	4.48
bedeli	4.48
bela	4.48
bildiğin	4.48
birde	4.48
bm	4.48
boyunda	4.48
bul	4.48
değiştirmek	4.48
dişi	4.48
duydum	4.48
düzeni	4.48
düşündüm	4.48
düşüyor	4.48
egemen	4.48
faydası	4.48
girdiği	4.48
görevden	4.48
görmezden	4.48
gösterilen	4.48
günümüze	4.48
haklarını	4.48
inceleme	4.48
iz	4.48
jüri	4.48
kalbim	4.48
kanalı	4.48
kapsamlı	4.48
kazan	4.48
kitapta	4.48
kişileri	4.48
komutan	4.48
kuşlar	4.48
kıymetli	4.48
ligde	4.48
mucize	4.48
müzesi	4.48
nakit	4.48
oluşturmak	4.48
oluşturulan	4.48
sayısını	4.48
söylemiş	4.48
tarihlerinde	4.48
tuz	4.48
uyan	4.48
uzakta	4.48
vahşi	4.48
verimli	4.48
vermez	4.48
walter	4.48
yaşasın	4.48
yönde	4.48
yı	4.48
çeker	4.48
özdemir	4.48
özgürlüğü	4.48
şirin	4.48
alınarak	4.47
alınır	4.47
aradan	4.47
araçları	4.47
arkasına	4.47
ağız	4.47
bakıyor	4.47
belge	4.47
beraberlik	4.47
birleşmiş	4.47
boşver	4.47
burun	4.47
carl	4.47
dostu	4.47
dönmek	4.47
emanet	4.47
endişe	4.47
eserleri	4.47
eskisi	4.47
ettiniz	4.47
ettiğiniz	4.47
evrensel	4.47
evvel	4.47
eyalet	4.47
gelişim	4.47
gerçekleştirildi	4.47
gerçekte	4.47
gördüğünüz	4.47
görme	4.47
görüntüleri	4.47
göt	4.47
he	4.47
hedefi	4.47
hikâye	4.47
huzurlu	4.47
hırsızlık	4.47
iklim	4.47
ila	4.47
istihdam	4.47
iyiyim	4.47
içmek	4.47
karı	4.47
karşısına	4.47
kasaba	4.47
konuş	4.47
kurtulmak	4.47
lakin	4.47
lezzetli	4.47
masaya	4.47
mimari	4.47
nihayet	4.47
oksijen	4.47
olana	4.47
olgun	4.47
olmamış	4.47
oluşturduğu	4.47
one	4.47
perde	4.47
polise	4.47
randevu	4.47
sabaha	4.47
sahneye	4.47
sağlayacak	4.47
seçme	4.47
sözde	4.47
sürecinde	4.47
sıklıkla	4.47
taşıma	4.47
türkmen	4.47
uzanan	4.47
will	4.47
yapayım	4.47
yarışma	4.47
yarışması	4.47
yayını	4.47
yöneticisi	4.47
yüzme	4.47
zamandan	4.47
çetin	4.47
çıkarma	4.47
öldürür	4.47
özellik	4.47
ücret	4.47
şahit	4.47
şeydir	4.47
acele	4.46
akşamı	4.46
albümü	4.46
altyapı	4.46
alırken	4.46
asgari	4.46
ateşi	4.46
açın	4.46
bakarak	4.46
başladılar	4.46
bekir	4.46
biber	4.46
bilinmeyen	4.46
birbirimize	4.46
birincisi	4.46
biriyim	4.46
biyolojik	4.46
blok	4.46
bolu	4.46
canın	4.46
dedik	4.46
detaylar	4.46
değişiklikler	4.46
durun	4.46
durup	4.46
düzeyde	4.46
efsane	4.46
esir	4.46
eşim	4.46
faaliyetleri	4.46
full	4.46
galibiyet	4.46
galip	4.46
gazeteciler	4.46
gelerek	4.46
gerçekleştirdi	4.46
geçtiği	4.46
gittikçe	4.46
görüntüler	4.46
güneşin	4.46
ileride	4.46
ilhan	4.46
izi	4.46
işareti	4.46
kafasını	4.46
karakteri	4.46
kaynaklar	4.46
kazanır	4.46
kevin	4.46
kodu	4.46
koruyucu	4.46
kurucu	4.46
kuruluşu	4.46
kırk	4.46
maksimum	4.46
merhamet	4.46
merkezli	4.46
parçalar	4.46
paylaşmak	4.46
potansiyel	4.46
rekabet	4.46
rekor	4.46
set	4.46
seçenek	4.46
seçimleri	4.46
sokağa	4.46
sürecek	4.46
sınıfta	4.46
tamamlandı	4.46
tedavisi	4.46
tersine	4.46
verilmiş	4.46
vermeden	4.46
yalancı	4.46
yaşındayken	4.46
yılan	4.46
ziya	4.46
çocukluk	4.46
albay	4.45
anlamıyla	4.45
arkadan	4.45
ağırlıklı	4.45
babanın	4.45
bahis	4.45
basınç	4.45
bağlantılı	4.45
başkanımız	4.45
başlamadan	4.45
berbat	4.45
beğendim	4.45
burdan	4.45
ciddiye	4.45
durumunu	4.45
duvara	4.45
edeceğim	4.45
edirne	4.45
elimizden	4.45
eric	4.45
ettikleri	4.45
ettin	4.45
gelişimi	4.45
gerilim	4.45
getirdiği	4.45
gri	4.45
görevleri	4.45
görüp	4.45
hdp	4.45
herkesten	4.45
ihsan	4.45
ilahi	4.45
ilköğretim	4.45
imha	4.45
inanç	4.45
istemiyor	4.45
içki	4.45
kader	4.45
kampanyası	4.45
konuşurken	4.45
koymak	4.45
koyup	4.45
kullanma	4.45
kullanmaya	4.45
kur	4.45
kutu	4.45
köpeği	4.45
kızların	4.45
makam	4.45
mimarlık	4.45
mücadelesi	4.45
nasılsın	4.45
noktaya	4.45
oktay	4.45
olabilecek	4.45
olacaksın	4.45
olayların	4.45
olmaktadır	4.45
olurken	4.45
olursunuz	4.45
polisler	4.45
saldırısı	4.45
seçimlerde	4.45
simon	4.45
sormak	4.45
soylu	4.45
sürer	4.45
sıraya	4.45
tanık	4.45
tarihin	4.45
toplanan	4.45
tr	4.45
ulaşmak	4.45
uygulanan	4.45
vatandaşı	4.45
verdiğini	4.45
yaralandı	4.45
yarışı	4.45
yetenek	4.45
yokmuş	4.45
çaba	4.45
çıkarken	4.45
üreten	4.45
ürünü	4.45
şehirler	4.45
şifre	4.45
ahşap	4.44
aklı	4.44
alay	4.44
alet	4.44
ar	4.44
aykırı	4.44
ayın	4.44
ağzını	4.44
başlıklı	4.44
belirgin	4.44
benziyor	4.44
bingöl	4.44
brian	4.44
bulunması	4.44
bunda	4.44
böylelikle	4.44
büyü	4.44
bırakır	4.44
cehenneme	4.44
cümle	4.44
dileriz	4.44
diyorsunuz	4.44
dk	4.44
dna	4.44
dolara	4.44
doları	4.44
duyan	4.44
edeceğini	4.44
eti	4.44
etmekten	4.44
evren	4.44
eşliğinde	4.44
faiz	4.44
feda	4.44
geceyi	4.44
gerektirir	4.44
gerçekleri	4.44
haftası	4.44
harf	4.44
havaya	4.44
hissi	4.44
ihtimal	4.44
istedikleri	4.44
iyisini	4.44
içecek	4.44
işlerini	4.44
justin	4.44
kafam	4.44
kaleme	4.44
kaçan	4.44
kurtarmak	4.44
kuruldu	4.44
kuvvetli	4.44
kılıçdaroğlu	4.44
link	4.44
listesinde	4.44
ma	4.44
maddeleri	4.44
manevi	4.44
maria	4.44
maçına	4.44
meydanı	4.44
meşgul	4.44
milletvekilleri	4.44
olabileceği	4.44
olanlara	4.44
oldugunu	4.44
olmaları	4.44
onda	4.44
onlarca	4.44
oscar	4.44
otele	4.44
protein	4.44
rahmet	4.44
saldırdı	4.44
salon	4.44
sevdiğin	4.44
sevgilisi	4.44
soruları	4.44
suriyeli	4.44
tabiki	4.44
teker	4.44
telefonda	4.44
veli	4.44
vermeyi	4.44
vermiyor	4.44
virüs	4.44
yanıma	4.44
yapmaktadır	4.44
yapmıştır	4.44
yaşadı	4.44
yaşı	4.44
yüklü	4.44
yüzyılın	4.44
yıldızlar	4.44
çektiği	4.44
çevrimiçi	4.44
üsküdar	4.44
şeylerden	4.44
adın	4.43
anlatır	4.43
anneme	4.43
askerleri	4.43
ayrıntılı	4.43
babamın	4.43
başlattı	4.43
biten	4.43
bulunuyor	4.43
bursaspor	4.43
bıktım	4.43
charlie	4.43
damla	4.43
değilmiş	4.43
direktör	4.43
dondurma	4.43
duş	4.43
edebiyatı	4.43
elindeki	4.43
enerjisi	4.43
ertuğrul	4.43
etkinliği	4.43
etmiyorum	4.43
finansal	4.43
formu	4.43
fırtına	4.43
gelecekte	4.43
gelmişti	4.43
geçirdiği	4.43
haberdar	4.43
halini	4.43
hareketleri	4.43
hoşuma	4.43
icat	4.43
ihtiyaçları	4.43
iniş	4.43
ittifak	4.43
jandarma	4.43
kerim	4.43
kimliği	4.43
kimsin	4.43
kişilere	4.43
kocası	4.43
koltuk	4.43
kolu	4.43
konuyla	4.43
konuşmaya	4.43
kriz	4.43
kullanılması	4.43
kurallar	4.43
kutusu	4.43
lord	4.43
lüks	4.43
maya	4.43
maçını	4.43
memuru	4.43
mezar	4.43
miktar	4.43
mor	4.43
mutlak	4.43
müsait	4.43
nato	4.43
nihat	4.43
ofisi	4.43
olacaktı	4.43
olanak	4.43
oturan	4.43
paranın	4.43
parasını	4.43
paylaştı	4.43
plana	4.43
resimleri	4.43
saatler	4.43
sarhoş	4.43
say	4.43
sekreteri	4.43
silahlar	4.43
sn	4.43
soruyu	4.43
sınava	4.43
takdirde	4.43
taksim	4.43
tuvalet	4.43
ulaşan	4.43
uyumlu	4.43
vermesi	4.43
yalçın	4.43
yapacağım	4.43
yaratıcı	4.43
yazılan	4.43
yetenekli	4.43
yolla	4.43
yüzyıl	4.43
yıllara	4.43
çalış	4.43
çıkaran	4.43
çıkmaz	4.43
çıkışı	4.43
öldürdü	4.43
önlemek	4.43
öylesine	4.43
şeref	4.43
şuraya	4.43
ahlak	4.42
ahmed	4.42
aksu	4.42
altını	4.42
ateşe	4.42
açtığı	4.42
bahçesi	4.42
balığı	4.42
başlamıştı	4.42
bebeğin	4.42
biliyorsunuz	4.42
birbirini	4.42
birinden	4.42
bitmiş	4.42
boyutlu	4.42
boşuna	4.42
buçuk	4.42
büyüme	4.42
bıçak	4.42
dedin	4.42
demokrat	4.42
değerleri	4.42
dinleyin	4.42
dizinin	4.42
duman	4.42
durumuna	4.42
dünyadan	4.42
düşmanı	4.42
düşünür	4.42
edilecek	4.42
elma	4.42
es	4.42
fayda	4.42
gelene	4.42
geliyoruz	4.42
gelişen	4.42
gibiyim	4.42
giderim	4.42
grupları	4.42
hastalıkları	4.42
inanın	4.42
inkar	4.42
istiyorlar	4.42
içerik	4.42
içini	4.42
jim	4.42
kadrosu	4.42
kafasına	4.42
kaldırıldı	4.42
kalması	4.42
kampanya	4.42
kazandığı	4.42
keşif	4.42
komedi	4.42
korkma	4.42
kraliçesi	4.42
kötüsü	4.42
kızla	4.42
louis	4.42
makale	4.42
man	4.42
mezunu	4.42
microsoft	4.42
my	4.42
namazı	4.42
olaya	4.42
olduğumuzu	4.42
ozan	4.42
parayla	4.42
pratik	4.42
saatlik	4.42
savunan	4.42
seferinde	4.42
sola	4.42
sordum	4.42
sorumluluk	4.42
sırrı	4.42
teknolojisi	4.42
teşkilatı	4.42
uçan	4.42
verebilir	4.42
vermedi	4.42
voleybol	4.42
yakalandı	4.42
yaptığın	4.42
yazmış	4.42
yetersiz	4.42
yokken	4.42
yüze	4.42
zorlu	4.42
çıkarak	4.42
çıkarılan	4.42
çıkarıp	4.42
önemlisi	4.42
ötesinde	4.42
öyleyse	4.42
öztürk	4.42
ünal	4.42
af	4.41
ajansı	4.41
analizi	4.41
anlamsız	4.41
anlık	4.41
aramak	4.41
arslan	4.41
artıyor	4.41
atıp	4.41
açıkçası	4.41
başlayıp	4.41
bekleme	4.41
birbirimizi	4.41
bodrum	4.41
bulmuş	4.41
cihaz	4.41
delil	4.41
devlete	4.41
deyip	4.41
elektrikli	4.41
eleştiri	4.41
elle	4.41
ellerini	4.41
emeği	4.41
etkileyici	4.41
evimde	4.41
fakir	4.41
faruk	4.41
festival	4.41
gibiydi	4.41
gönderildi	4.41
görelim	4.41
görünür	4.41
hazine	4.41
holding	4.41
ihbar	4.41
iktidara	4.41
istiyorsunuz	4.41
izleyin	4.41
kala	4.41
kaleci	4.41
kardeşler	4.41
kaybettik	4.41
kazası	4.41
koku	4.41
konferans	4.41
kullan	4.41
kurulması	4.41
kuruluşları	4.41
madalya	4.41
mekanik	4.41
milletler	4.41
muazzam	4.41
muhafaza	4.41
nazım	4.41
nuri	4.41
olduğunuzu	4.41
pamuk	4.41
paraya	4.41
peynir	4.41
ruhunu	4.41
saate	4.41
sandalye	4.41
savcı	4.41
sağa	4.41
sezonun	4.41
sisteminde	4.41
sorusu	4.41
sözleşmesi	4.41
sınavı	4.41
tarihinden	4.41
tarihsel	4.41
tarihten	4.41
telefonun	4.41
tıklayın	4.41
uygulamalar	4.41
varım	4.41
versin	4.41
vur	4.41
washington	4.41
yaptınız	4.41
yapıyorsun	4.41
yenileme	4.41
yorumu	4.41
yüzyılda	4.41
zam	4.41
çalıştım	4.41
çerçevesinde	4.41
öbür	4.41
öldüğü	4.41
ömrü	4.41
özeti	4.41
öğrencilerin	4.41
üyeler	4.41
üzgünüm	4.41
adamsın	4.4
aklını	4.4
alev	4.4
annenin	4.4
arabistan	4.4
aracın	4.4
arif	4.4
atma	4.4
attım	4.4
atıldı	4.4
barajı	4.4
baya	4.4
başlandı	4.4
bildirdi	4.4
boktan	4.4
buluyor	4.4
böcek	4.4
canımı	4.4
cihazı	4.4
daim	4.4
danışmanı	4.4
dayanarak	4.4
demiştim	4.4
dergi	4.4
dersler	4.4
destekleyen	4.4
devletler	4.4
diyanet	4.4
dönemine	4.4
düşünme	4.4
elif	4.4
endüstriyel	4.4
etmedi	4.4
fikret	4.4
fiyat	4.4
ge	4.4
geleceğin	4.4
gelirken	4.4
geliştirilen	4.4
gelmeden	4.4
getiriyor	4.4
gittik	4.4
golü	4.4
haftanın	4.4
haricinde	4.4
hayali	4.4
hazırladığı	4.4
ibn	4.4
ifadesi	4.4
indirim	4.4
ini	4.4
insanlığın	4.4
inönü	4.4
ispanya	4.4
istemiyoruz	4.4
japonya	4.4
jones	4.4
kahverengi	4.4
kalkan	4.4
kararını	4.4
kavramı	4.4
kazanma	4.4
konularda	4.4
kurumları	4.4
kömür	4.4
köprüsü	4.4
köyünde	4.4
kısmen	4.4
macera	4.4
mahkemeye	4.4
miktarı	4.4
miras	4.4
mühendisleri	4.4
mıyım	4.4
okulları	4.4
olabilirim	4.4
olacağına	4.4
olsan	4.4
oynamaya	4.4
pc	4.4
puanı	4.4
sı	4.4
tarafına	4.4
tavan	4.4
tekirdağ	4.4
telefonla	4.4
teşhis	4.4
türklerin	4.4
türkü	4.4
ucu	4.4
vesile	4.4
villa	4.4
yapmaktan	4.4
yatan	4.4
yaşamış	4.4
zamanki	4.4
çıktım	4.4
öldüren	4.4
öteki	4.4
özet	4.4
üniversiteye	4.4
üyelerinin	4.4
ınstagram	4.4
ıslak	4.4
ııı	4.4
şimdiki	4.4
şükürler	4.4
şık	4.4
adem	4.39
alarm	4.39
amin	4.39
anlıyorum	4.39
asil	4.39
bağlıdır	4.39
başlayarak	4.39
başlıca	4.39
belirsiz	4.39
bileyim	4.39
birbirlerini	4.39
borcu	4.39
bölgelerde	4.39
city	4.39
dayanışma	4.39
demeye	4.39
derse	4.39
dönüşü	4.39
dünyasında	4.39
ediyorsunuz	4.39
ee	4.39
ekonomisi	4.39
etmenin	4.39
fatma	4.39
fuat	4.39
geleceğe	4.39
gelmeye	4.39
girişi	4.39
gittin	4.39
gizlice	4.39
go	4.39
gönderilen	4.39
görüntüsü	4.39
gözle	4.39
hay	4.39
hazırız	4.39
ilim	4.39
ilki	4.39
ilçesine	4.39
imkanı	4.39
isminin	4.39
iste	4.39
kapıda	4.39
kaybettim	4.39
kazandım	4.39
kendimize	4.39
kentin	4.39
konuya	4.39
konuşması	4.39
maçları	4.39
nasil	4.39
oyna	4.39
oyuncuları	4.39
paketi	4.39
pas	4.39
paylaşım	4.39
payı	4.39
portakal	4.39
programına	4.39
sayıları	4.39
sebeple	4.39
selamlar	4.39
seviyesi	4.39
seçimler	4.39
simdi	4.39
sinyal	4.39
sizlerle	4.39
suda	4.39
sudan	4.39
suresi	4.39
tekne	4.39
televizyonda	4.39
tesadüf	4.39
türleri	4.39
verileri	4.39
verilmesi	4.39
victor	4.39
yanındaki	4.39
yanından	4.39
yaparlar	4.39
yapıyorsunuz	4.39
yaşındayım	4.39
yerim	4.39
zemin	4.39
çanta	4.39
çocuklarını	4.39
çorum	4.39
ücretli	4.39
ülkemizin	4.39
şube	4.39
aksiyon	4.38
almanca	4.38
almıştı	4.38
anlamında	4.38
anlaşması	4.38
anneler	4.38
artı	4.38
aşağıya	4.38
bank	4.38
başkaları	4.38
başkasının	4.38
başkent	4.38
başım	4.38
belgesel	4.38
beğeni	4.38
bildiğimiz	4.38
bilgiyi	4.38
bilmeyen	4.38
boru	4.38
bulun	4.38
bunlarla	4.38
bölgesine	4.38
böylesi	4.38
cd	4.38
cevabını	4.38
dedektif	4.38
deneyin	4.38
değilsiniz	4.38
ediyorsun	4.38
efendimiz	4.38
elimi	4.38
elit	4.38
ellerinde	4.38
etkiler	4.38
etnik	4.38
ettiğin	4.38
gecede	4.38
geldiniz	4.38
geminin	4.38
gerçekçi	4.38
getirilen	4.38
gruplar	4.38
görevli	4.38
hakkın	4.38
hapse	4.38
hayatımı	4.38
heyecanlı	4.38
ibadet	4.38
istasyonu	4.38
izledim	4.38
izleme	4.38
izlemeye	4.38
içe	4.38
işleme	4.38
kanat	4.38
kek	4.38
kenti	4.38
keyfi	4.38
kilit	4.38
kitabını	4.38
koru	4.38
kpss	4.38
kraliyet	4.38
kullanıldığı	4.38
kullanır	4.38
kıyafet	4.38
kışın	4.38
liman	4.38
mekan	4.38
modelleri	4.38
müslümanların	4.38
müze	4.38
nehir	4.38
noel	4.38
olimpiyat	4.38
oluşturur	4.38
piç	4.38
rezil	4.38
rose	4.38
se	4.38
sel	4.38
senaryo	4.38
seçilmiş	4.38
sözlü	4.38
takımları	4.38
tasarlanmış	4.38
taşır	4.38
teşkil	4.38
topla	4.38
vekili	4.38
vermiştir	4.38
videoyu	4.38
volkan	4.38
yaparız	4.38
yapsın	4.38
yasası	4.38
yazıp	4.38
yaşadım	4.38
yeteneği	4.38
yetmez	4.38
yu	4.38
yüzüme	4.38
çatı	4.38
çiçekler	4.38
örnekleri	4.38
öykü	4.38
özlem	4.38
üzüldüm	4.38
şahane	4.38
aileler	4.37
anlamaya	4.37
anlayışı	4.37
anlaşılan	4.37
atmaya	4.37
ayet	4.37
ayrılır	4.37
bahçe	4.37
bahçeli	4.37
başbakanlık	4.37
bedelini	4.37
biçim	4.37
boşluk	4.37
buluşma	4.37
buyrun	4.37
bölgeyi	4.37
büyüyen	4.37
cemil	4.37
cinsiyet	4.37
dediğini	4.37
dilde	4.37
durdu	4.37
dışarıdan	4.37
elime	4.37
erkan	4.37
etkisini	4.37
etmekte	4.37
etmem	4.37
eşcinsel	4.37
fiyata	4.37
galaxy	4.37
gazı	4.37
gelmesini	4.37
gerekmektedir	4.37
getirecek	4.37
geçerken	4.37
gitmeye	4.37
haftasında	4.37
havuz	4.37
hepinize	4.37
hop	4.37
iktidarı	4.37
iri	4.37
istersin	4.37
içeride	4.37
kadarıyla	4.37
kalkıp	4.37
kamyon	4.37
katili	4.37
kaybetmiş	4.37
klip	4.37
konular	4.37
kötülük	4.37
leyla	4.37
ligin	4.37
listede	4.37
love	4.37
mantık	4.37
mecbur	4.37
men	4.37
menderes	4.37
mesut	4.37
muharrem	4.37
mutsuz	4.37
olman	4.37
olmazdı	4.37
olursan	4.37
oluşmaktadır	4.37
ortağı	4.37
planları	4.37
ramazan	4.37
sanatı	4.37
sayısının	4.37
seçkin	4.37
sokaklarda	4.37
sonbahar	4.37
sorumlusu	4.37
stres	4.37
sırasıyla	4.37
sırt	4.37
taciz	4.37
talebi	4.37
tanışmak	4.37
tuttu	4.37
tutun	4.37
tutuyor	4.37
ulu	4.37
up	4.37
yapının	4.37
yazıları	4.37
yaşamın	4.37
yetkili	4.37
yorumlar	4.37
yücel	4.37
çıkarsa	4.37
öldürmek	4.37
önder	4.37
ülkedeki	4.37
üvey	4.37
şahıs	4.37
şiirler	4.37
şişli	4.37
adının	4.36
albert	4.36
arkadaşlık	4.36
atanan	4.36
avuç	4.36
ayırt	4.36
ağı	4.36
bayılıyorum	4.36
başkasına	4.36
besin	4.36
bildiğiniz	4.36
birilerinin	4.36
bitecek	4.36
black	4.36
bulunmayan	4.36
buralarda	4.36
bütçe	4.36
bırakan	4.36
coğrafya	4.36
denizi	4.36
direniş	4.36
disk	4.36
donald	4.36
dostlar	4.36
doğruyu	4.36
durmadan	4.36
dövüş	4.36
düşünüyoruz	4.36
edward	4.36
eller	4.36
esmer	4.36
esnaf	4.36
etkisiz	4.36
firması	4.36
girerek	4.36
hareketli	4.36
hatası	4.36
hoşgeldin	4.36
iktisadi	4.36
ilde	4.36
ilerleme	4.36
izler	4.36
işimiz	4.36
jackson	4.36
kahramanmaraş	4.36
kanıt	4.36
kapıları	4.36
karaman	4.36
karşıtı	4.36
kas	4.36
katlı	4.36
kaybetmek	4.36
kimseyle	4.36
konulu	4.36
kullanılmış	4.36
kürdistan	4.36
kütahya	4.36
manyak	4.36
motorlu	4.36
muhalif	4.36
olabilirsiniz	4.36
olmanız	4.36
piyano	4.36
pop	4.36
psikoloji	4.36
robot	4.36
röportaj	4.36
saklı	4.36
saldırıda	4.36
satılık	4.36
sensiz	4.36
sevmiyorum	4.36
seçimlerinde	4.36
smith	4.36
sporcu	4.36
tanınan	4.36
tarihini	4.36
tekrardan	4.36
umrumda	4.36
uyar	4.36
verdiğin	4.36
yanıyor	4.36
yapacağı	4.36
yöntemleri	4.36
yürütme	4.36
yürüyüş	4.36
çalışıyorlar	4.36
çoğunluğu	4.36
çıkardığı	4.36
öfke	4.36
ölümcül	4.36
önünden	4.36
ülkemizde	4.36
üzücü	4.36
şubesi	4.36
aileleri	4.35
akla	4.35
alice	4.35
anlamını	4.35
anılan	4.35
aranan	4.35
arkada	4.35
artar	4.35
atama	4.35
atmış	4.35
açıklamada	4.35
ağrısı	4.35
baskın	4.35
başımıza	4.35
benzeyen	4.35
bitiyor	4.35
bonus	4.35
boğaziçi	4.35
bulamadım	4.35
bölümüne	4.35
celal	4.35
cemaat	4.35
dayanan	4.35
dağı	4.35
deney	4.35
deyince	4.35
değiştirdi	4.35
dilini	4.35
döndüm	4.35
elimizde	4.35
elizabeth	4.35
elleri	4.35
etkisiyle	4.35
fiyatı	4.35
fransızca	4.35
gelenler	4.35
getir	4.35
geçmeden	4.35
geçtim	4.35
gizemli	4.35
göl	4.35
güzelim	4.35
güzelsin	4.35
haksızlık	4.35
halkına	4.35
ham	4.35
hayvanların	4.35
heyeti	4.35
ilgisini	4.35
inanmak	4.35
içeriği	4.35
ka	4.35
kaplan	4.35
kapsayan	4.35
kargo	4.35
katılıyorum	4.35
kaynaklı	4.35
kayıtlı	4.35
kazanmış	4.35
kenarında	4.35
kentinde	4.35
kira	4.35
komitesi	4.35
koyan	4.35
koydum	4.35
markası	4.35
mağdur	4.35
mermi	4.35
mevsim	4.35
mutfak	4.35
neticesinde	4.35
nüfusu	4.35
olayım	4.35
oranında	4.35
organizasyon	4.35
oğlunun	4.35
partiye	4.35
pencere	4.35
pirinç	4.35
polat	4.35
radikal	4.35
resmini	4.35
resmî	4.35
sabahın	4.35
sanatlar	4.35
savaşçı	4.35
sedat	4.35
senedir	4.35
sevinirim	4.35
sezonda	4.35
sms	4.35
so	4.35
ss	4.35
sürücü	4.35
tanımak	4.35
tesisleri	4.35
transferi	4.35
tutup	4.35
vadisi	4.35
yarattığı	4.35
yarısını	4.35
yatakta	4.35
yazarlar	4.35
yazılar	4.35
yazılır	4.35
yo	4.35
yuvarlak	4.35
yüzey	4.35
zararı	4.35
zehir	4.35
çekildi	4.35
çekilmiş	4.35
öncü	4.35
şarkıcı	4.35
affet	4.34
alanlarında	4.34
aldıktan	4.34
aldığımız	4.34
all	4.34
alıcı	4.34
andan	4.34
anonim	4.34
aralar	4.34
araçlar	4.34
arıyoruz	4.34
atar	4.34
ayni	4.34
baraj	4.34
bağış	4.34
başarısı	4.34
başarıyla	4.34
başvuru	4.34
bilişim	4.34
burayı	4.34
büyüktür	4.34
cephe	4.34
club	4.34
coğrafi	4.34
dede	4.34
demet	4.34
devreye	4.34
devri	4.34
değişimi	4.34
değişiyor	4.34
doktoru	4.34
dul	4.34
durmak	4.34
durumlar	4.34
düzenledi	4.34
edebilirsiniz	4.34
edemez	4.34
ellerine	4.34
elli	4.34
endüstri	4.34
epey	4.34
etkileşim	4.34
ettiğimiz	4.34
evim	4.34
eşya	4.34
fare	4.34
fragmanı	4.34
gelişmeler	4.34
gerekiyordu	4.34
getirin	4.34
gezegen	4.34
geçmesi	4.34
göztepe	4.34
güçler	4.34
haberim	4.34
hastası	4.34
hayvanları	4.34
hizmetler	4.34
ideal	4.34
islâm	4.34
ispanyol	4.34
istemem	4.34
işlemleri	4.34
işsizlik	4.34
jason	4.34
kalmayacak	4.34
kararlar	4.34
kararlı	4.34
keyfini	4.34
kitle	4.34
klinik	4.34
koalisyon	4.34
konuları	4.34
konut	4.34
korusun	4.34
kullanıcılar	4.34
kök	4.34
köpekler	4.34
meb	4.34
merkeze	4.34
mıydı	4.34
nde	4.34
odada	4.34
odasında	4.34
odaya	4.34
olağan	4.34
olmadığına	4.34
oluyoruz	4.34
oyu	4.34
platform	4.34
ryan	4.34
sahaya	4.34
sahnede	4.34
sayısal	4.34
sergi	4.34
sesle	4.34
seçildi	4.34
solunum	4.34
suikast	4.34
söyleyecek	4.34
takibi	4.34
takımda	4.34
tanımı	4.34
tatlım	4.34
tekniği	4.34
tepe	4.34
teyze	4.34
toplantısında	4.34
topluluğu	4.34
ukrayna	4.34
unutulmaz	4.34
uyu	4.34
uşak	4.34
vazgeçilmez	4.34
verdiğiniz	4.34
verilecek	4.34
with	4.34
yakınlarında	4.34
yapacağını	4.34
yapmanız	4.34
yarattı	4.34
yazarın	4.34
yepyeni	4.34
young	4.34
yurdu	4.34
yönetmeni	4.34
yürü	4.34
yıla	4.34
çamaşır	4.34
çağrısı	4.34
çekmeye	4.34
çıkarın	4.34
ödülleri	4.34
ölümünden	4.34
örümcek	4.34
özelliklerini	4.34
ısrar	4.34
şiiri	4.34
şükrü	4.34
acımasız	4.33
adi	4.33
akar	4.33
alanın	4.33
anki	4.33
arkadaşın	4.33
atış	4.33
ayrılmış	4.33
açılmış	4.33
bahane	4.33
baktı	4.33
bakırköy	4.33
başkanlığına	4.33
başkanlığında	4.33
başlı	4.33
bedel	4.33
benzin	4.33
bileti	4.33
bilge	4.33
bilirsiniz	4.33
bitirdi	4.33
bulunmuş	4.33
böylesine	4.33
detay	4.33
devletinin	4.33
değiştirme	4.33
domuz	4.33
doğmuş	4.33
duyar	4.33
döneme	4.33
dönme	4.33
edersin	4.33
ekrem	4.33
erdal	4.33
etmesine	4.33
evinin	4.33
eşsiz	4.33
fotoğrafını	4.33
gününe	4.33
hafıza	4.33
hareketler	4.33
hesaba	4.33
ilkokul	4.33
istediklerini	4.33
iğne	4.33
kaplı	4.33
karşılığını	4.33
kategorisinde	4.33
kendiniz	4.33
kişiyle	4.33
komünist	4.33
kongresi	4.33
konuşmayı	4.33
kudüs	4.33
kullanıyorum	4.33
kurumsal	4.33
kürtçe	4.33
meksika	4.33
mide	4.33
milleti	4.33
mit	4.33
muhtemel	4.33
nick	4.33
odasına	4.33
olursak	4.33
oran	4.33
papa	4.33
partiler	4.33
platformu	4.33
post	4.33
pro	4.33
profil	4.33
pınar	4.33
riski	4.33
robin	4.33
sade	4.33
sandık	4.33
sandım	4.33
sanıyor	4.33
sağol	4.33
seviyede	4.33
sevmem	4.33
sisteme	4.33
tabanlı	4.33
taksi	4.33
tanıdık	4.33
tatile	4.33
taşıyor	4.33
teorik	4.33
tff	4.33
trump	4.33
uç	4.33
verdiğimiz	4.33
verilerine	4.33
veririm	4.33
verirken	4.33
yaratan	4.33
yaşadığım	4.33
yem	4.33
yemekleri	4.33
yoksun	4.33
yürürlüğe	4.33
ziyareti	4.33
çalan	4.33
çalışmış	4.33
çoğunu	4.33
çıkmıştır	4.33
üzüm	4.33
şehrinde	4.33
şiddetle	4.33
şimşek	4.33
akım	4.32
aldıkları	4.32
alınmıştır	4.32
amiral	4.32
anlaşmaya	4.32
anma	4.32
arzu	4.32
avusturya	4.32
ayna	4.32
babasını	4.32
bağımsızlık	4.32
başaran	4.32
başla	4.32
başlıyoruz	4.32
bel	4.32
belirlemek	4.32
bilmez	4.32
birşeyler	4.32
bitince	4.32
bot	4.32
bölgesindeki	4.32
bölümleri	4.32
bırakıldı	4.32
cerrahi	4.32
cıa	4.32
dakikalık	4.32
depolama	4.32
detayları	4.32
dilek	4.32
dinleme	4.32
dinliyorum	4.32
diyebilirim	4.32
donanım	4.32
doğrudur	4.32
ekstra	4.32
erkekleri	4.32
eserler	4.32
eşitlik	4.32
faydalı	4.32
filminin	4.32
finans	4.32
ford	4.32
gecelik	4.32
giderse	4.32
gitmesi	4.32
global	4.32
gruba	4.32
gücüne	4.32
güzeli	4.32
haftadır	4.32
haydar	4.32
hitler	4.32
ikisinin	4.32
infaz	4.32
ip	4.32
kanada	4.32
kanseri	4.32
kes	4.32
kesip	4.32
komuta	4.32
kurulmuştur	4.32
kuruş	4.32
kökenli	4.32
küçükken	4.32
lık	4.32
malum	4.32
manzara	4.32
may	4.32
mesleki	4.32
modeller	4.32
mühendis	4.32
neşeli	4.32
noktaları	4.32
olmadığından	4.32
onlarda	4.32
oradaki	4.32
oynadı	4.32
panik	4.32
problemi	4.32
referans	4.32
roger	4.32
saçlı	4.32
sence	4.32
sendromu	4.32
sessizce	4.32
sistemler	4.32
sorusuna	4.32
soruyor	4.32
sosyalist	4.32
sunar	4.32
sunulan	4.32
söyleme	4.32
söyleyerek	4.32
tarafsız	4.32
tayin	4.32
temeli	4.32
tenis	4.32
terfi	4.32
türden	4.32
uzaklıkta	4.32
vakıf	4.32
vereceğim	4.32
world	4.32
yakınında	4.32
yanınızda	4.32
yapıya	4.32
yayıncılık	4.32
yağlı	4.32
yedim	4.32
yönetiminde	4.32
zihinsel	4.32
zirve	4.32
çare	4.32
çıktık	4.32
çıktığını	4.32
ölüyor	4.32
öğrencilere	4.32
şarkısını	4.32
abla	4.31
adası	4.31
adlandırılan	4.31
altıncı	4.31
anahtarı	4.31
atilla	4.31
ayağı	4.31
ayhan	4.31
aynısını	4.31
açma	4.31
açısı	4.31
ağzından	4.31
ağırlığı	4.31
baz	4.31
bebeği	4.31
belgesi	4.31
belirlenen	4.31
beslenme	4.31
bilemiyorum	4.31
bizans	4.31
bozukluğu	4.31
bruce	4.31
bulduk	4.31
bölümünden	4.31
cihan	4.31
dağıtım	4.31
dediğimiz	4.31
delikanlı	4.31
destekli	4.31
değerlendirme	4.31
doldu	4.31
dursun	4.31
dönmüş	4.31
dönüşüm	4.31
engellemek	4.31
evleri	4.31
eğitime	4.31
eğitimini	4.31
forvet	4.31
futbolu	4.31
gb	4.31
girmeye	4.31
gölü	4.31
görevine	4.31
gözlem	4.31
gözlerin	4.31
havaalanı	4.31
hediyesi	4.31
hepinizi	4.31
herif	4.31
hint	4.31
home	4.31
hong	4.31
imkânı	4.31
içme	4.31
jane	4.31
kadroya	4.31
kalbin	4.31
kelebek	4.31
kiraz	4.31
konak	4.31
kontrolünü	4.31
korunması	4.31
kütüphane	4.31
kılan	4.31
kıyasla	4.31
lafı	4.31
maddenin	4.31
mektubu	4.31
mert	4.31
nedense	4.31
ofis	4.31
okur	4.31
olaydan	4.31
olmamız	4.31
ortamı	4.31
oturma	4.31
pay	4.31
pislik	4.31
saatlerde	4.31
saattir	4.31
sarah	4.31
savaştan	4.31
sayısız	4.31
sesin	4.31
sevk	4.31
seyirci	4.31
seyirler	4.31
sezen	4.31
sezonunda	4.31
seçime	4.31
sözlerini	4.31
sırası	4.31
taklit	4.31
tarık	4.31
ted	4.31
that	4.31
this	4.31
turkey	4.31
utanç	4.31
uygulamaya	4.31
verdikleri	4.31
yatağa	4.31
yağış	4.31
yeraltı	4.31
zehirli	4.31
zirveye	4.31
çeviren	4.31
çiftlik	4.31
çıkabilir	4.31
özcan	4.31
üniversitede	4.31
şefi	4.31
şiirleri	4.31
ailem	4.3
andrew	4.3
arkadaşını	4.3
aydınlık	4.3
ayının	4.3
ağzı	4.3
bakır	4.3
bambaşka	4.3
başlık	4.3
beklenmedik	4.3
bilgiye	4.3
birisini	4.3
biçimi	4.3
bombası	4.3
brezilya	4.3
bugünün	4.3
bulduğu	4.3
bölgelerinde	4.3
cafe	4.3
danışma	4.3
desteğini	4.3
desteğiyle	4.3
divan	4.3
diyeceğim	4.3
diyordu	4.3
doku	4.3
durumdan	4.3
durur	4.3
düşüncesi	4.3
düşünmeden	4.3
dışarıya	4.3
ebru	4.3
edecektir	4.3
eger	4.3
ekrana	4.3
eleman	4.3
emine	4.3
etkinlikleri	4.3
etmeyen	4.3
evinize	4.3
eylemi	4.3
fikrini	4.3
firma	4.3
flash	4.3
fox	4.3
gelirim	4.3
geliyordu	4.3
gençlerin	4.3
görecek	4.3
görülebilir	4.3
gülen	4.3
güzelliği	4.3
haritası	4.3
havacılık	4.3
hepsine	4.3
hesabını	4.3
ihlal	4.3
ilçede	4.3
içerde	4.3
içimden	4.3
kafamı	4.3
kapat	4.3
karma	4.3
katılımıyla	4.3
kaynaklanan	4.3
konusundaki	4.3
kuşu	4.3
kırdı	4.3
kırsal	4.3
lara	4.3
lazer	4.3
liderlik	4.3
mason	4.3
ms	4.3
muhabbet	4.3
mübarek	4.3
noktasına	4.3
okumaya	4.3
olaylara	4.3
otur	4.3
patrick	4.3
puanla	4.3
reis	4.3
rejim	4.3
saatten	4.3
selahattin	4.3
selçuklu	4.3
serkan	4.3
sesler	4.3
sevgililer	4.3
sevilen	4.3
seçimde	4.3
tag	4.3
tamamını	4.3
taraflı	4.3
taraftar	4.3
taylor	4.3
vereyim	4.3
verilmektedir	4.3
vermeyin	4.3
versiyonu	4.3
yaparsan	4.3
yaptıktan	4.3
yarısında	4.3
yasağı	4.3
yayınladı	4.3
yazıyorum	4.3
yaşadığımız	4.3
yaşamayı	4.3
yaşandı	4.3
yeme	4.3
çekimi	4.3
çektim	4.3
çorba	4.3
çıkın	4.3
ötesi	4.3
öğretmenlik	4.3
ülkemiz	4.3
üzeri	4.3
ısparta	4.3
ışid	4.3
şahsen	4.3
şartlar	4.3
adamların	4.29
adayları	4.29
ailesini	4.29
almaz	4.29
amasya	4.29
anket	4.29
araştırmaları	4.29
ardında	4.29
açılır	4.29
ağlama	4.29
bacak	4.29
bağlayan	4.29
başkalarına	4.29
başlığı	4.29
beklerken	4.29
benimki	4.29
buğday	4.29
bırakıyorum	4.29
cc	4.29
dal	4.29
derdim	4.29
deyişle	4.29
dick	4.29
diyecek	4.29
dizide	4.29
duyduğu	4.29
duygular	4.29
duyguları	4.29
düştüğü	4.29
edeyim	4.29
erkeği	4.29
ettikten	4.29
eşyaları	4.29
fan	4.29
favori	4.29
filminde	4.29
finale	4.29
geldiler	4.29
geçmişe	4.29
girmesi	4.29
golf	4.29
gökyüzü	4.29
gölge	4.29
güneydoğu	4.29
haliyle	4.29
halı	4.29
havası	4.29
hiçbiri	4.29
ilacı	4.29
im	4.29
itaat	4.29
johnny	4.29
kalmaya	4.29
kap	4.29
karbon	4.29
kastamonu	4.29
kendimden	4.29
kentsel	4.29
kesme	4.29
king	4.29
komutanlığı	4.29
kopya	4.29
koruyan	4.29
kurgu	4.29
kurma	4.29
kül	4.29
kıyamet	4.29
mahallesinde	4.29
malzemeleri	4.29
marşı	4.29
matt	4.29
meme	4.29
muhtaç	4.29
muyum	4.29
mıyız	4.29
nişan	4.29
okurken	4.29
osmaniye	4.29
oynama	4.29
oynar	4.29
partili	4.29
planlanan	4.29
rap	4.29
renkleri	4.29
saadet	4.29
sabır	4.29
sarayı	4.29
sağlıyor	4.29
sistemde	4.29
siteye	4.29
sonunu	4.29
sorma	4.29
söylenen	4.29
söyleyeyim	4.29
sözcüsü	4.29
sıkça	4.29
tak	4.29
taner	4.29
tersi	4.29
tez	4.29
toplumu	4.29
unut	4.29
uslu	4.29
veriler	4.29
videoları	4.29
vincent	4.29
vuran	4.29
vücudu	4.29
yaklaşım	4.29
yapanlar	4.29
yağı	4.29
yiğit	4.29
your	4.29
yukarıdaki	4.29
zahmet	4.29
zararlı	4.29
zavallı	4.29
zonguldak	4.29
âşık	4.29
çalıştığını	4.29
çalışın	4.29
çağ	4.29
çevresi	4.29
çifte	4.29
çıkarır	4.29
çıkmadı	4.29
öldürülen	4.29
önemini	4.29
ülkelere	4.29
ülkesinde	4.29
üçlü	4.29
üçte	4.29
akademi	4.28
akciğer	4.28
aldın	4.28
anasını	4.28
anlarsın	4.28
aylar	4.28
bakınca	4.28
bağı	4.28
başak	4.28
başlangıçta	4.28
bekleyin	4.28
belediyespor	4.28
birimleri	4.28
bit	4.28
bitmedi	4.28
bravo	4.28
buda	4.28
bulamıyorum	4.28
bulma	4.28
bulunmamaktadır	4.28
dave	4.28
delik	4.28
derdin	4.28
devasa	4.28
diri	4.28
dolusu	4.28
dostlarım	4.28
durma	4.28
düşünerek	4.28
ederseniz	4.28
edilmesini	4.28
etmeli	4.28
evlenme	4.28
evrenin	4.28
evrim	4.28
fabrika	4.28
fi	4.28
futbolcular	4.28
geçirildi	4.28
giyim	4.28
grand	4.28
görün	4.28
gözlü	4.28
göçmen	4.28
gücünün	4.28
halbuki	4.28
hatip	4.28
hayati	4.28
hedefe	4.28
helal	4.28
hükümetin	4.28
ilave	4.28
isteriz	4.28
izliyor	4.28
izmit	4.28
işlerin	4.28
kapasitesi	4.28
kapağı	4.28
karayolu	4.28
kasa	4.28
katılımcı	4.28
kavram	4.28
kazanıyor	4.28
kelly	4.28
kendisiyle	4.28
konumu	4.28
korumaya	4.28
kullanmayı	4.28
köyde	4.28
lerde	4.28
lerin	4.28
monte	4.28
mülteci	4.28
olmamalı	4.28
olsaydım	4.28
oluyorsun	4.28
pantolon	4.28
penaltı	4.28
programın	4.28
programını	4.28
rick	4.28
sahnesi	4.28
saniyede	4.28
sessizlik	4.28
soyadı	4.28
sun	4.28
super	4.28
susan	4.28
sünnet	4.28
tahrik	4.28
tatili	4.28
time	4.28
uyanık	4.28
vereceğiz	4.28
vermişti	4.28
yapamaz	4.28
yatay	4.28
yazım	4.28
yerle	4.28
yetki	4.28
yüksekokulu	4.28
yüzlü	4.28
yüzünde	4.28
çaldı	4.28
çalışanlar	4.28
çavuş	4.28
çevresel	4.28
çocuğunu	4.28
çıkıyorum	4.28
özkan	4.28
öğretmenleri	4.28
ülkü	4.28
şov	4.28
acilen	4.27
aklımda	4.27
anal	4.27
angeles	4.27
aradım	4.27
arasındadır	4.27
arkadaşlarının	4.27
avukatı	4.27
aya	4.27
ayar	4.27
azgın	4.27
açıklamalar	4.27
açıyor	4.27
baska	4.27
berlin	4.27
bilinir	4.27
bilinmektedir	4.27
bitkiler	4.27
bulmaya	4.27
bürosu	4.27
bıraktığı	4.27
coşkun	4.27
dağlar	4.27
denge	4.27
desem	4.27
değiller	4.27
dinamik	4.27
doğumlu	4.27
duvarı	4.27
duyduğum	4.27
duygularını	4.27
dâhil	4.27
düşünüp	4.27
eee	4.27
efes	4.27
erkeklere	4.27
etik	4.27
farklıdır	4.27
gayret	4.27
geçit	4.27
gitar	4.27
grubuna	4.27
göreceksiniz	4.27
görüldüğü	4.27
görüyoruz	4.27
götürür	4.27
gözlerim	4.27
güncelleme	4.27
günüm	4.27
haram	4.27
hastalıklar	4.27
hastalığın	4.27
havalı	4.27
hergün	4.27
house	4.27
ihmal	4.27
ilaçlar	4.27
ilişkili	4.27
insanlarda	4.27
istedik	4.27
istek	4.27
istenen	4.27
isveç	4.27
isviçre	4.27
jeff	4.27
kaldığını	4.27
kanalında	4.27
karıştı	4.27
katar	4.27
kayda	4.27
kağıdı	4.27
kesildi	4.27
kitabında	4.27
kokusunu	4.27
konum	4.27
koruması	4.27
koşulları	4.27
kralın	4.27
kullanın	4.27
kurallara	4.27
kurmaya	4.27
kuruluşlar	4.27
kutlama	4.27
kötüye	4.27
küfür	4.27
lü	4.27
mail	4.27
marie	4.27
masal	4.27
meral	4.27
min	4.27
muş	4.27
nehri	4.27
nöbet	4.27
okan	4.27
okullarda	4.27
olabilirler	4.27
olmamak	4.27
olmayacağını	4.27
orjinal	4.27
oyuncuların	4.27
pazarlama	4.27
peşine	4.27
planlama	4.27
rekoru	4.27
saatleri	4.27
said	4.27
sami	4.27
sanmıyorum	4.27
satranç	4.27
seferde	4.27
senle	4.27
seviyoruz	4.27
seçti	4.27
silahı	4.27
sunduğu	4.27
sürdürdü	4.27
sıcaklığı	4.27
tamamlayan	4.27
tarifi	4.27
tarımsal	4.27
tekerlekli	4.27
temalı	4.27
tercüme	4.27
tipik	4.27
ulan	4.27
ulus	4.27
verirler	4.27
whatsapp	4.27
yorgunum	4.27
yöneticileri	4.27
yönlü	4.27
yönü	4.27
ziyarete	4.27
çaresiz	4.27
çinli	4.27
çocuklarına	4.27
çözmek	4.27
çınar	4.27
örnekler	4.27
şafak	4.27
şah	4.27
şartları	4.27
şırnak	4.27
aklın	4.26
arkadaşımız	4.26
artvin	4.26
arz	4.26
ayrılık	4.26
açılıyor	4.26
ağa	4.26
aşamasında	4.26
bakmaya	4.26
basıncı	4.26
bayağı	4.26
bekler	4.26
belgeleri	4.26
belirtilen	4.26
beste	4.26
billy	4.26
binali	4.26
birbirleriyle	4.26
birisidir	4.26
bkz	4.26
dahası	4.26
dansı	4.26
dayanıklı	4.26
demedim	4.26
demiryolu	4.26
deniyor	4.26
devletleri	4.26
dizisinde	4.26
dizisinin	4.26
doktorlar	4.26
duyarlı	4.26
dövme	4.26
edebilecek	4.26
edersiniz	4.26
edildiğini	4.26
eliyle	4.26
elmas	4.26
erzincan	4.26
eşek	4.26
füze	4.26
gelirler	4.26
geliştirmek	4.26
gerekse	4.26
gerçekleştirdiği	4.26
geçirmiş	4.26
geçme	4.26
gitmeden	4.26
gösterisi	4.26
güce	4.26
gücün	4.26
harp	4.26
hatalı	4.26
hemşire	4.26
heykel	4.26
hile	4.26
hissettim	4.26
howard	4.26
hukuki	4.26
ihtiyacın	4.26
ikisini	4.26
iletişime	4.26
ilişkiye	4.26
izlerken	4.26
jerry	4.26
jimmy	4.26
joseph	4.26
kalmamış	4.26
kalmayı	4.26
kalmıştır	4.26
kapılar	4.26
kapısını	4.26
kars	4.26
kate	4.26
kemer	4.26
ken	4.26
kerem	4.26
kin	4.26
konuştuk	4.26
korkusu	4.26
kuralı	4.26
kurtlar	4.26
kıl	4.26
kısmının	4.26
latin	4.26
makul	4.26
manyetik	4.26
marcus	4.26
meryem	4.26
muhakkak	4.26
muyuz	4.26
nda	4.26
nefis	4.26
numarasını	4.26
olabiliyor	4.26
olmayabilir	4.26
ortalığı	4.26
oteller	4.26
pasaport	4.26
patlayıcı	4.26
programlar	4.26
projeleri	4.26
rahip	4.26
rakibi	4.26
referandum	4.26
sahi	4.26
sapan	4.26
satmak	4.26
sağlamaktadır	4.26
sekreter	4.26
sermaye	4.26
servet	4.26
sevindim	4.26
sinemaya	4.26
sinop	4.26
sular	4.26
sözleşmeli	4.26
sıradaki	4.26
takımının	4.26
tehlikeye	4.26
telefona	4.26
teması	4.26
tesis	4.26
ticareti	4.26
toplamak	4.26
topluluk	4.26
tuna	4.26
tören	4.26
ucunda	4.26
uykuya	4.26
uğrayan	4.26
valiliği	4.26
yakaladı	4.26
yalova	4.26
yapılabilir	4.26
yapılar	4.26
yararlı	4.26
yaratmak	4.26
yargıtay	4.26
yayınlar	4.26
yemiş	4.26
yönden	4.26
yükü	4.26
yüzbaşı	4.26
yılını	4.26
çalıyor	4.26
çekirdek	4.26
çiftler	4.26
çoban	4.26
çocukken	4.26
çocuklarının	4.26
çıkınca	4.26
ölmeden	4.26
öğren	4.26
ülkemize	4.26
üniversiteler	4.26
üstüme	4.26
ırk	4.26
şehirdeki	4.26
şen	4.26
şirketinin	4.26
şişe	4.26
adada	4.25
aileden	4.25
akışı	4.25
alper	4.25
alıntı	4.25
arkaya	4.25
ayakları	4.25
açmış	4.25
açtım	4.25
bakınız	4.25
bağımlı	4.25
başladığında	4.25
başlaması	4.25
başlangıcı	4.25
beton	4.25
big	4.25
bugünlerde	4.25
bulacak	4.25
bulunmak	4.25
cadde	4.25
cennete	4.25
cevaplar	4.25
damat	4.25
derya	4.25
dosyaları	4.25
dönüştü	4.25
ellerinden	4.25
enver	4.25
erkenden	4.25
evdeki	4.25
farklılık	4.25
farz	4.25
forması	4.25
gay	4.25
gitmiyor	4.25
grubunda	4.25
gömlek	4.25
gönderdiği	4.25
gönderme	4.25
görünüm	4.25
gözde	4.25
gözüküyor	4.25
gümrük	4.25
hakkımda	4.25
hakkına	4.25
hazırlanmış	4.25
hisse	4.25
hoşuna	4.25
ikram	4.25
ithal	4.25
johnson	4.25
kalktı	4.25
kanıtı	4.25
kapatmak	4.25
karaca	4.25
kaçmak	4.25
konuşur	4.25
kurul	4.25
köylü	4.25
kır	4.25
limon	4.25
maçtan	4.25
medeni	4.25
mudur	4.25
mutluluğu	4.25
nerdeyse	4.25
okuyun	4.25
olasılığı	4.25
oluyordu	4.25
ot	4.25
paralar	4.25
pasif	4.25
pdf	4.25
piyasa	4.25
programda	4.25
rastgele	4.25
reel	4.25
refah	4.25
saatlerce	4.25
saldırgan	4.25
satışları	4.25
seve	4.25
siirt	4.25
subay	4.25
süresince	4.25
tadına	4.25
taktik	4.25
takvim	4.25
takımlar	4.25
tank	4.25
tecrübe	4.25
tekstil	4.25
tolga	4.25
topraklarda	4.25
turist	4.25
tutulması	4.25
ulaştırma	4.25
ustası	4.25
uçağın	4.25
yaban	4.25
yak	4.25
yanan	4.25
yapmasını	4.25
yapmıştı	4.25
yaramaz	4.25
yavrum	4.25
yaşından	4.25
yöne	4.25
yürüyen	4.25
çalışmayı	4.25
çalışıp	4.25
çekme	4.25
çeşitleri	4.25
çiçeği	4.25
çoklu	4.25
çözümü	4.25
çıkarıldı	4.25
ölümden	4.25
önündeki	4.25
özelliğini	4.25
öğrenebilirsiniz	4.25
ülkelerinde	4.25
üyeliği	4.25
üzgün	4.25
ıstanbul	4.25
şampiyonası	4.25
şansını	4.25
şifa	4.25
akademisyen	4.24
alanya	4.24
alfa	4.24
almıyor	4.24
anlatacak	4.24
arkadaşının	4.24
atom	4.24
barındıran	4.24
belediyeler	4.24
beyni	4.24
beyoğlu	4.24
bilimi	4.24
birilerini	4.24
boyut	4.24
boğaz	4.24
böbrek	4.24
cadı	4.24
cenazesi	4.24
data	4.24
demirel	4.24
düzce	4.24
elinizde	4.24
entegre	4.24
etkileyen	4.24
felaket	4.24
filme	4.24
filmini	4.24
getirmiş	4.24
girme	4.24
gittiğini	4.24
gordon	4.24
grubunun	4.24
göndermek	4.24
görevde	4.24
gösterin	4.24
gözlerimi	4.24
gözüm	4.24
halep	4.24
hastanın	4.24
hatıra	4.24
hatırlıyorum	4.24
hayvancılık	4.24
hee	4.24
hissetmek	4.24
ho	4.24
hocası	4.24
iddaa	4.24
inin	4.24
istemek	4.24
istiyordu	4.24
işsiz	4.24
kablo	4.24
kadardır	4.24
kalanlar	4.24
kapatıldı	4.24
kazakistan	4.24
kazanacak	4.24
kazandıran	4.24
kaçar	4.24
kelimeleri	4.24
kesim	4.24
kiminle	4.24
klavye	4.24
kristal	4.24
laboratuvar	4.24
lens	4.24
maske	4.24
merkezinin	4.24
meşru	4.24
mizah	4.24
more	4.24
okudu	4.24
oliver	4.24
omuz	4.24
oynarken	4.24
paraları	4.24
personeli	4.24
plus	4.24
pozisyon	4.24
rüşvet	4.24
satılan	4.24
saçları	4.24
sergisi	4.24
sevdiğimi	4.24
sonuçlarına	4.24
strateji	4.24
sıkıntısı	4.24
tablosu	4.24
tc	4.24
tekin	4.24
teknikleri	4.24
tepkiler	4.24
tünel	4.24
uluslar	4.24
vücudun	4.24
we	4.24
yanlışlıkla	4.24
yapısal	4.24
yayına	4.24
yayınevi	4.24
yolculuğu	4.24
yönetimine	4.24
yüzük	4.24
zevkli	4.24
zorundayız	4.24
çakır	4.24
çal	4.24
çankaya	4.24
çekiyorum	4.24
çelebi	4.24
çeşme	4.24
çocuğum	4.24
öğrenme	4.24
ücreti	4.24
şarkının	4.24
şaşırtıcı	4.24
şenol	4.24
şerefsiz	4.24
şeyim	4.24
ahlaki	4.23
aklımdan	4.23
akşama	4.23
allahım	4.23
anlıyor	4.23
arkadaşımın	4.23
baban	4.23
bakanlık	4.23
barcelona	4.23
başakşehir	4.23
başlarına	4.23
bilmeden	4.23
birazcık	4.23
bire	4.23
biyoloji	4.23
borsa	4.23
bozuldu	4.23
buhar	4.23
buluyorum	4.23
bölümünün	4.23
bırakarak	4.23
cüneyt	4.23
dayak	4.23
dediniz	4.23
defteri	4.23
denizde	4.23
dernek	4.23
deyin	4.23
dibine	4.23
die	4.23
dogru	4.23
duygusu	4.23
düşündüğüm	4.23
düşünmeye	4.23
erhan	4.23
ersoy	4.23
estetik	4.23
evcil	4.23
evinizde	4.23
fabrikası	4.23
fm	4.23
gary	4.23
geçtiğini	4.23
girin	4.23
gun	4.23
görenler	4.23
görmeden	4.23
görüşü	4.23
göstermeye	4.23
gözlerinin	4.23
güzeldir	4.23
hac	4.23
harun	4.23
hayir	4.23
inanan	4.23
internete	4.23
izleri	4.23
jet	4.23
kadınla	4.23
kaldırmak	4.23
kalesi	4.23
kalmıyor	4.23
kalmıştı	4.23
kana	4.23
kapının	4.23
kaybolan	4.23
kazasında	4.23
konferansı	4.23
konseri	4.23
korkak	4.23
kul	4.23
kâr	4.23
kürtler	4.23
küçücük	4.23
listesini	4.23
magazin	4.23
malzemeler	4.23
mantar	4.23
maçının	4.23
mola	4.23
nasılsa	4.23
neresi	4.23
nihai	4.23
niyetli	4.23
okuyorum	4.23
oldunuz	4.23
optik	4.23
oral	4.23
pizza	4.23
prim	4.23
programının	4.23
propaganda	4.23
ruhsal	4.23
sabahı	4.23
sanatçısı	4.23
sapık	4.23
sebepten	4.23
seç	4.23
sibel	4.23
sihirli	4.23
sizsiniz	4.23
sürdüren	4.23
töreninde	4.23
tümüyle	4.23
uyuyor	4.23
yardıma	4.23
yarına	4.23
yollarını	4.23
yoruldum	4.23
zamanların	4.23
zeytin	4.23
çalışanları	4.23
çıkmasına	4.23
çığlık	4.23
ödüllü	4.23
öncesine	4.23
özlüyorum	4.23
öğlen	4.23
öğrendik	4.23
üstesinden	4.23
üstünden	4.23
şayet	4.23
şeklindeki	4.23
adaya	4.22
adaylar	4.22
afiyet	4.22
alayım	4.22
almanlar	4.22
almasını	4.22
altan	4.22
alınacak	4.22
alırlar	4.22
andy	4.22
aralıksız	4.22
ardı	4.22
artik	4.22
arı	4.22
askere	4.22
azıcık	4.22
açılması	4.22
aşama	4.22
balkan	4.22
baskısı	4.22
başınıza	4.22
belirten	4.22
bilin	4.22
birlikleri	4.22
buydu	4.22
bölüme	4.22
bölümler	4.22
büyüklüğü	4.22
ceylan	4.22
cin	4.22
dalında	4.22
dedikleri	4.22
demiyorum	4.22
denetim	4.22
denizin	4.22
değerler	4.22
dilim	4.22
dinler	4.22
doğuştan	4.22
du	4.22
dönüm	4.22
döviz	4.22
düşünmüyorum	4.22
edince	4.22
eksikliği	4.22
elin	4.22
esen	4.22
etiket	4.22
evler	4.22
eşinin	4.22
fazladır	4.22
faşist	4.22
friedrich	4.22
game	4.22
gazetecilik	4.22
gerçekler	4.22
getirip	4.22
geçin	4.22
geçtiğimiz	4.22
gitmeyi	4.22
golden	4.22
grupta	4.22
gürültü	4.22
haklar	4.22
havadan	4.22
havale	4.22
hazırlanıyor	4.22
helikopter	4.22
iflas	4.22
ihtimalle	4.22
ilinde	4.22
imparator	4.22
inanmıyorum	4.22
indi	4.22
irade	4.22
irfan	4.22
isabet	4.22
jin	4.22
kadrosuna	4.22
kalbimi	4.22
kalitesi	4.22
kapandı	4.22
karabük	4.22
kayak	4.22
kazı	4.22
kola	4.22
koyuyor	4.22
koşullar	4.22
köyün	4.22
leo	4.22
lere	4.22
lu	4.22
mah	4.22
manuel	4.22
mensubu	4.22
mercedes	4.22
miller	4.22
müziğin	4.22
nilüfer	4.22
olabilirsin	4.22
organ	4.22
ortasına	4.22
oto	4.22
oyuncunun	4.22
plak	4.22
planda	4.22
radyasyon	4.22
rejimi	4.22
sahası	4.22
sav	4.22
sayım	4.22
sebze	4.22
semih	4.22
sevinç	4.22
siteleri	4.22
sovyet	4.22
sıralar	4.22
takdim	4.22
takımını	4.22
tanımlar	4.22
tazminat	4.22
temsilcileri	4.22
toprağı	4.22
topçu	4.22
tutmaya	4.22
tütün	4.22
tır	4.22
ukraynalı	4.22
uyumak	4.22
uğradı	4.22
vaka	4.22
wilson	4.22
yanımızda	4.22
yapmanın	4.22
yas	4.22
yazılımı	4.22
yaşadık	4.22
yaşadıkları	4.22
yedinci	4.22
yiyen	4.22
yiyip	4.22
yoksul	4.22
yozgat	4.22
yıldönümü	4.22
çalışacak	4.22
çalışmaktadır	4.22
çalışmalarında	4.22
çamur	4.22
çarptı	4.22
çocuklarımız	4.22
ödülünü	4.22
ölümün	4.22
örgütün	4.22
öylece	4.22
öğrendi	4.22
üstünü	4.22
ş	4.22
şoför	4.22
adamla	4.21
akif	4.21
aksaray	4.21
anlamış	4.21
anısına	4.21
arar	4.21
arkasındaki	4.21
armağan	4.21
avustralya	4.21
açacak	4.21
başarıya	4.21
başkasını	4.21
başlatılan	4.21
belgeler	4.21
belçika	4.21
beynin	4.21
bosna	4.21
bulunmakta	4.21
bölgeleri	4.21
clark	4.21
dağılımı	4.21
demirtaş	4.21
deplasmanda	4.21
değişken	4.21
dosyası	4.21
duyulan	4.21
döneminin	4.21
dünyasının	4.21
düzeyi	4.21
düşmesi	4.21
ece	4.21
edemiyorum	4.21
edilmesine	4.21
eklenmiştir	4.21
elim	4.21
elveda	4.21
ender	4.21
enfeksiyon	4.21
etmektir	4.21
gazetede	4.21
girdik	4.21
hatalar	4.21
hatırlamıyorum	4.21
hayalini	4.21
hayli	4.21
hekim	4.21
hücum	4.21
hülya	4.21
ikamet	4.21
ikiz	4.21
iktisat	4.21
internetten	4.21
iskender	4.21
ismin	4.21
içerisindeki	4.21
kapatma	4.21
karısını	4.21
karışımı	4.21
kimdir	4.21
konuşulan	4.21
kullanabilir	4.21
kısmına	4.21
lehine	4.21
meclise	4.21
milliyet	4.21
moral	4.21
nasip	4.21
niyet	4.21
niğde	4.21
nu	4.21
odtü	4.21
okulların	4.21
oldugu	4.21
oranları	4.21
ortadoğu	4.21
oruç	4.21
otomotiv	4.21
param	4.21
paylaştığı	4.21
sabri	4.21
salonunda	4.21
saygılı	4.21
saygın	4.21
sayılan	4.21
sağır	4.21
sean	4.21
seti	4.21
sevmek	4.21
sikeyim	4.21
silahları	4.21
sinirli	4.21
sonrada	4.21
soruya	4.21
sundu	4.21
sur	4.21
taşımaktadır	4.21
teknolojik	4.21
teknolojileri	4.21
toprağın	4.21
tüfek	4.21
vatandaşları	4.21
veriyorlar	4.21
vermeyen	4.21
yapacağımız	4.21
yaparsın	4.21
yaşadığını	4.21
yemekler	4.21
yetkililer	4.21
yuva	4.21
çalışmalarının	4.21
çapraz	4.21
çekmiş	4.21
çevresindeki	4.21
çiğ	4.21
çıkarmaya	4.21
çıksın	4.21
çıktığında	4.21
ölüyorum	4.21
özen	4.21
öğretmenliği	4.21
üniversitesinde	4.21
ıp	4.21
şurada	4.21
ac	4.2
afyon	4.2
ajan	4.2
akademisi	4.2
aklınıza	4.2
alanındaki	4.2
alanının	4.2
albayrak	4.2
amaçla	4.2
ambulans	4.2
arabası	4.2
arabayı	4.2
atandı	4.2
aykut	4.2
ayrılmak	4.2
ayrımı	4.2
ayıp	4.2
bakıldığında	4.2
bazılarının	4.2
başlayınca	4.2
belkide	4.2
bilecik	4.2
binada	4.2
birey	4.2
bitirmek	4.2
bitlis	4.2
boks	4.2
brown	4.2
buluştu	4.2
böyledir	4.2
cahit	4.2
cihazlar	4.2
civarı	4.2
cumhuriyetin	4.2
denedim	4.2
dere	4.2
değiştiren	4.2
dilin	4.2
doğalgaz	4.2
duyuyoruz	4.2
dönmesi	4.2
dönük	4.2
düşme	4.2
ejderha	4.2
eklendi	4.2
erik	4.2
erkeğe	4.2
etek	4.2
evlenmek	4.2
fazıl	4.2
fındık	4.2
gelecektir	4.2
gelse	4.2
gerektiren	4.2
gibiler	4.2
girişim	4.2
gördün	4.2
gördüğünü	4.2
göstermiş	4.2
gövde	4.2
gözlerine	4.2
gözünde	4.2
güçlerini	4.2
hakikaten	4.2
hatırla	4.2
hayatlarını	4.2
haz	4.2
hepinizin	4.2
hoşgeldiniz	4.2
hâkim	4.2
iddiası	4.2
illa	4.2
internette	4.2
kadınım	4.2
kahramanı	4.2
kanalları	4.2
kapatın	4.2
kapıdan	4.2
karakterini	4.2
katliamı	4.2
kazanmaya	4.2
kendiliğinden	4.2
kimliğini	4.2
komplo	4.2
kullanılmıştır	4.2
kurumlar	4.2
köfte	4.2
körfez	4.2
köşesinde	4.2
kürek	4.2
kırıklığına	4.2
lastik	4.2
masada	4.2
memleketi	4.2
mesajlar	4.2
mümkünse	4.2
nedenini	4.2
nesne	4.2
notu	4.2
nı	4.2
okumayı	4.2
okuyup	4.2
olabilirdi	4.2
olabilmek	4.2
onurlu	4.2
opera	4.2
oğul	4.2
pazarı	4.2
pil	4.2
rektör	4.2
renkler	4.2
restoran	4.2
sayısına	4.2
sevda	4.2
sevmiyor	4.2
seçmen	4.2
sik	4.2
sini	4.2
soluk	4.2
sony	4.2
sulama	4.2
sunan	4.2
suretiyle	4.2
sınıfa	4.2
toprakları	4.2
tutulan	4.2
veteriner	4.2
white	4.2
yasemin	4.2
yayımlandı	4.2
yemen	4.2
yönettiği	4.2
yüksel	4.2
yüzün	4.2
zorluk	4.2
çalar	4.2
çalışarak	4.2
çarşı	4.2
çıkarıyor	4.2
ürettiği	4.2
şef	4.2
adrian	4.19
arabanın	4.19
aranızda	4.19
are	4.19
arena	4.19
arkası	4.19
askıya	4.19
açlıktan	4.19
ağaçlar	4.19
babasına	4.19
bakarım	4.19
bağlantıları	4.19
bellek	4.19
benjamin	4.19
birisinin	4.19
bozkurt	4.19
boşanma	4.19
bulunduğunu	4.19
burdur	4.19
burhan	4.19
bölgesinin	4.19
bölümden	4.19
danışmanlık	4.19
dağları	4.19
dd	4.19
destekler	4.19
değerinde	4.19
değiştirir	4.19
dikey	4.19
diyeyim	4.19
duyunca	4.19
dünyaca	4.19
düştüm	4.19
efendisi	4.19
ekledi	4.19
espri	4.19
evini	4.19
eyüp	4.19
federasyon	4.19
fiyatları	4.19
fotoğraflarını	4.19
gayri	4.19
geceye	4.19
geliştirilmesi	4.19
gelmeyecek	4.19
gereklidir	4.19
girmeden	4.19
giydiği	4.19
gizem	4.19
gökyüzünde	4.19
gördünüz	4.19
göstererek	4.19
gözüne	4.19
güneye	4.19
günkü	4.19
hamdi	4.19
hatları	4.19
herşeyin	4.19
hic	4.19
hilmi	4.19
istemeyen	4.19
içim	4.19
julia	4.19
kanka	4.19
kapatıp	4.19
kapıya	4.19
karanlıkta	4.19
kardeşlerim	4.19
karşınızda	4.19
keçi	4.19
kibar	4.19
kolaydır	4.19
kombine	4.19
korsan	4.19
kullanıcıları	4.19
kuzu	4.19
köpeğin	4.19
köye	4.19
kısacası	4.19
kızlarla	4.19
lale	4.19
liralık	4.19
lisa	4.19
mahrum	4.19
master	4.19
melih	4.19
mesai	4.19
müsaade	4.19
nesli	4.19
nezdinde	4.19
okuyor	4.19
okyanus	4.19
olanın	4.19
olunur	4.19
oluşturmaktadır	4.19
oğlunu	4.19
pişmanlık	4.19
q	4.19
rabbim	4.19
rüyalar	4.19
saldırıyı	4.19
sanatları	4.19
sayısında	4.19
sevgiler	4.19
silahla	4.19
somut	4.19
sonuca	4.19
survivor	4.19
tanıdığım	4.19
tanınmış	4.19
taşları	4.19
telekom	4.19
terörle	4.19
toplayıp	4.19
tsk	4.19
tura	4.19
vampir	4.19
vasıtasıyla	4.19
vefa	4.19
vekil	4.19
vodafone	4.19
yalın	4.19
yapabilecek	4.19
yapıları	4.19
yapıldığını	4.19
yarıda	4.19
yelken	4.19
yetkilileri	4.19
yetkisi	4.19
yiyor	4.19
yüksekliği	4.19
yürümek	4.19
yürütülen	4.19
zaferi	4.19
zinciri	4.19
çakmak	4.19
çiftçi	4.19
çöpe	4.19
çıkmasını	4.19
ödemek	4.19
ölçekli	4.19
önünü	4.19
örgütünün	4.19
özer	4.19
üzülme	4.19
şehirden	4.19
şeytanın	4.19
şuna	4.19
aferin	4.18
alacağız	4.18
aletleri	4.18
alsın	4.18
ameliyatı	4.18
animasyon	4.18
anlaşılır	4.18
araştırması	4.18
ayıran	4.18
açabilir	4.18
açıklar	4.18
açılışı	4.18
babama	4.18
bakıma	4.18
bant	4.18
barışı	4.18
bağışıklık	4.18
başlama	4.18
başlarında	4.18
bekar	4.18
bildirildi	4.18
birbiriyle	4.18
bitkisel	4.18
bitmek	4.18
bitmez	4.18
boylu	4.18
boyutu	4.18
bölümlerinde	4.18
carlos	4.18
cezasına	4.18
cezasını	4.18
danışman	4.18
deneyim	4.18
dilinde	4.18
dinin	4.18
diplomatik	4.18
disiplin	4.18
diyet	4.18
dünyasına	4.18
edilip	4.18
ehli	4.18
ekibin	4.18
felç	4.18
foto	4.18
free	4.18
gazze	4.18
gerekmez	4.18
gerisi	4.18
gerisini	4.18
gerçeklik	4.18
getirdik	4.18
getirmeye	4.18
geçelim	4.18
gitmez	4.18
green	4.18
guzel	4.18
gördüğümüz	4.18
görevlileri	4.18
görünümü	4.18
görüşleri	4.18
hacmi	4.18
haluk	4.18
hayatıma	4.18
hoşçakal	4.18
hâle	4.18
ilanı	4.18
imkan	4.18
inanıyoruz	4.18
inç	4.18
isimlerini	4.18
ispat	4.18
izledi	4.18
içime	4.18
işiniz	4.18
jay	4.18
kaldırıp	4.18
kamil	4.18
kararları	4.18
kardeşinin	4.18
kardeşlik	4.18
katılımı	4.18
kazım	4.18
kendimiz	4.18
koleji	4.18
komisyon	4.18
konuşup	4.18
koymuş	4.18
kronik	4.18
kullanıma	4.18
kulübün	4.18
kurabiye	4.18
kurarak	4.18
kurulduğu	4.18
kızlara	4.18
kızını	4.18
laik	4.18
lezbiyen	4.18
ltd	4.18
mahallede	4.18
maliyeti	4.18
maçlar	4.18
medyanın	4.18
mesafede	4.18
metni	4.18
mezunları	4.18
milletimizin	4.18
mutfağı	4.18
nazi	4.18
nazik	4.18
olabildiğince	4.18
olacaklar	4.18
olduğunca	4.18
oluyorlar	4.18
oluşu	4.18
once	4.18
oturmuş	4.18
politikaları	4.18
profili	4.18
projenin	4.18
ptt	4.18
rehin	4.18
riskli	4.18
ross	4.18
saldırıları	4.18
satır	4.18
sektöründe	4.18
semt	4.18
sevmez	4.18
sorumluluğu	4.18
stephen	4.18
steven	4.18
söylediler	4.18
sünni	4.18
sıkıldım	4.18
sırayla	4.18
tanı	4.18
tasfiye	4.18
taşımak	4.18
teşkilat	4.18
toplumda	4.18
turuncu	4.18
ufuk	4.18
uyarınca	4.18
uygulamalı	4.18
uyurken	4.18
uzunluğu	4.18
uğramış	4.18
valla	4.18
vermem	4.18
wayne	4.18
yaklaşan	4.18
yapmamız	4.18
yardımcıları	4.18
yerlerini	4.18
yeryüzünde	4.18
ygs	4.18
yitirdi	4.18
yolunun	4.18
yöntemler	4.18
zalim	4.18
zincir	4.18
zorundadır	4.18
çalışanı	4.18
çalışmasını	4.18
çiçekleri	4.18
ölene	4.18
öncelikli	4.18
üniversitenin	4.18
üretmek	4.18
üzerime	4.18
ışığın	4.18
şahsi	4.18
şiddeti	4.18
şişman	4.18
adındaki	4.17
aileye	4.17
aklım	4.17
aklında	4.17
alacağım	4.17
aleyhine	4.17
algı	4.17
almakta	4.17
anladın	4.17
annemle	4.17
arkadaşlarını	4.17
askerlerin	4.17
atı	4.17
avni	4.17
aşamada	4.17
aşağılık	4.17
batıya	4.17
bebekler	4.17
bedeni	4.17
bekledim	4.17
beta	4.17
bildirim	4.17
bilgin	4.17
bilmiyoruz	4.17
birisine	4.17
boku	4.17
charlotte	4.17
davranışları	4.17
dolaşan	4.17
düzene	4.17
düzeyinde	4.17
dışarda	4.17
etkinlikler	4.17
ferdi	4.17
fikirleri	4.17
fikrim	4.17
francis	4.17
gelişmesi	4.17
geliştirilmiş	4.17
gençlere	4.17
gezen	4.17
gidince	4.17
gittiler	4.17
gizlilik	4.17
göbek	4.17
güzelmiş	4.17
hande	4.17
harfi	4.17
hayalet	4.17
hayattan	4.17
hayvanat	4.17
hedefleri	4.17
hücreleri	4.17
ihracat	4.17
itibar	4.17
işlere	4.17
işlerine	4.17
kaderi	4.17
kafamda	4.17
kalarak	4.17
kalbine	4.17
kalmasını	4.17
kampı	4.17
kanıtlar	4.17
kapattı	4.17
karaciğer	4.17
kararıyla	4.17
kartları	4.17
kasımpaşa	4.17
katılma	4.17
katına	4.17
kaçış	4.17
kelimesinin	4.17
keser	4.17
kesmek	4.17
konusunu	4.17
konuşacak	4.17
koyar	4.17
kuzeye	4.17
kırım	4.17
kızgın	4.17
kızılay	4.17
kızının	4.17
las	4.17
marshall	4.17
merdiven	4.17
mete	4.17
morgan	4.17
moskova	4.17
mum	4.17
nakliye	4.17
necdet	4.17
necip	4.17
nihayetinde	4.17
ocağı	4.17
olamazsın	4.17
oyununda	4.17
paralı	4.17
re	4.17
ruslar	4.17
sabırlı	4.17
sahibine	4.17
saint	4.17
sakat	4.17
sanatsal	4.17
santa	4.17
sembolü	4.17
senesinde	4.17
seviyesine	4.17
sis	4.17
siyasete	4.17
sonuçlarını	4.17
sulu	4.17
söylemeye	4.17
söylerken	4.17
sıralarda	4.17
takviye	4.17
takılan	4.17
tamamıyla	4.17
tanıtımı	4.17
tasarlanan	4.17
tema	4.17
temelli	4.17
tommy	4.17
trakya	4.17
turistik	4.17
tuvalete	4.17
tümü	4.17
uzaklara	4.17
varsın	4.17
vicdan	4.17
yakalamak	4.17
yapabilirsiniz	4.17
yaparsanız	4.17
yapmıyor	4.17
yapısını	4.17
yasadışı	4.17
yemekten	4.17
yeteri	4.17
yök	4.17
yöneten	4.17
yürek	4.17
çalışmalara	4.17
çalıştık	4.17
çekin	4.17
çocuğunun	4.17
ölümsüz	4.17
önceleri	4.17
özbek	4.17
öğleden	4.17
öğrenen	4.17
ıan	4.17
şartı	4.17
şeklini	4.17
acıyı	4.16
akhisar	4.16
aklımı	4.16
akraba	4.16
aktör	4.16
alacağı	4.16
aleti	4.16
alp	4.16
alış	4.16
amma	4.16
anayasal	4.16
anladık	4.16
annesini	4.16
aradı	4.16
aramıza	4.16
araştırmaya	4.16
ardına	4.16
arkadaşların	4.16
askerin	4.16
açmaya	4.16
aşan	4.16
aşı	4.16
babalar	4.16
bazlı	4.16
başlayın	4.16
belirlendi	4.16
belirlenir	4.16
bilinçli	4.16
bireyler	4.16
birimler	4.16
biziz	4.16
bolca	4.16
boğa	4.16
bugünden	4.16
bulunmaz	4.16
burnu	4.16
burs	4.16
bırakıyor	4.16
cenk	4.16
cihazları	4.16
davutoğlu	4.16
depo	4.16
dudak	4.16
duruşu	4.16
dönemlerinde	4.16
düşecek	4.16
edeceksiniz	4.16
edilmişti	4.16
etmekle	4.16
etsem	4.16
faaliyetlerini	4.16
finali	4.16
forum	4.16
geçtik	4.16
gitmem	4.16
görmez	4.16
görmüyor	4.16
görüşürüz	4.16
göstermiştir	4.16
götürdü	4.16
gözün	4.16
haklısınız	4.16
hanımefendi	4.16
hesapları	4.16
hilal	4.16
ilgilenen	4.16
imparatorluğu	4.16
istasyon	4.16
izzet	4.16
jung	4.16
kafama	4.16
kafana	4.16
kaldırılması	4.16
kanuni	4.16
karara	4.16
katkısı	4.16
katolik	4.16
katılarak	4.16
kaybettiği	4.16
kullanıcıların	4.16
kırıldı	4.16
kıyı	4.16
lewis	4.16
lincoln	4.16
liraya	4.16
mahkûm	4.16
mermer	4.16
mesajları	4.16
mevsimi	4.16
mikro	4.16
muamele	4.16
otobüsü	4.16
partisinin	4.16
partner	4.16
peri	4.16
programlama	4.16
projeler	4.16
romanı	4.16
ruhun	4.16
sayılar	4.16
sağladığı	4.16
sekilde	4.16
seramik	4.16
sevgisi	4.16
soykırım	4.16
söyleniyor	4.16
söyleyip	4.16
sürülen	4.16
sürümü	4.16
sınırlarını	4.16
takas	4.16
tanıma	4.16
tanır	4.16
tanıyan	4.16
tarafın	4.16
tarama	4.16
ter	4.16
termal	4.16
toplayan	4.16
topluma	4.16
vurmak	4.16
yapmakta	4.16
yapıyordu	4.16
yarışmaya	4.16
yayılan	4.16
yayınladığı	4.16
yemeye	4.16
yemeğe	4.16
yerdir	4.16
yoo	4.16
yoğunluğu	4.16
yönetiminin	4.16
yıldızları	4.16
zenci	4.16
çekerek	4.16
çifti	4.16
çocuklarla	4.16
çorap	4.16
çıkalım	4.16
çıkmıştı	4.16
öldükten	4.16
öğretmenlerin	4.16
ülkemizi	4.16
üretilmiş	4.16
üçü	4.16
ınternet	4.16
ışıkları	4.16
şener	4.16
şeylerle	4.16
şiddete	4.16
adanın	4.15
adresini	4.15
ailesiyle	4.15
aldığın	4.15
alırız	4.15
alıyorlar	4.15
amerikalılar	4.15
amy	4.15
annesine	4.15
araştırmacı	4.15
arkadaşlarına	4.15
atv	4.15
avm	4.15
açıktır	4.15
ağlıyor	4.15
bakayım	4.15
batılı	4.15
bayern	4.15
bağlar	4.15
başladığını	4.15
belirler	4.15
benle	4.15
bilal	4.15
bilemem	4.15
binbaşı	4.15
blog	4.15
boz	4.15
bulunabilir	4.15
buyurdu	4.15
bölgeden	4.15
cezaevinde	4.15
danny	4.15
davada	4.15
denemek	4.15
denizden	4.15
denli	4.15
derinden	4.15
devamını	4.15
diken	4.15
diyeceksin	4.15
dj	4.15
dönecek	4.15
düşünsene	4.15
efsanevi	4.15
einstein	4.15
engeller	4.15
ergenekon	4.15
erkeklerde	4.15
esad	4.15
esra	4.15
etiketi	4.15
etrafı	4.15
filistinli	4.15
franz	4.15
gelecekteki	4.15
geçirme	4.15
geçtikçe	4.15
girerken	4.15
gittiğim	4.15
giymiş	4.15
gps	4.15
görevinden	4.15
görevlerini	4.15
görürsün	4.15
gösterecek	4.15
gözümün	4.15
güveniyorum	4.15
güzeller	4.15
hareketin	4.15
harici	4.15
hayatından	4.15
heyecanla	4.15
hollywood	4.15
hızlıca	4.15
imar	4.15
imparatorluk	4.15
inancı	4.15
inanır	4.15
ist	4.15
istenilen	4.15
istiyordum	4.15
iyiler	4.15
iyiliği	4.15
içermektedir	4.15
karşılamak	4.15
kasabanın	4.15
katılacak	4.15
katında	4.15
kaybetme	4.15
kayıtlara	4.15
kaçınılmaz	4.15
koruyor	4.15
kule	4.15
kullanıp	4.15
kumar	4.15
köşede	4.15
listeye	4.15
mafya	4.15
makarna	4.15
mars	4.15
matthew	4.15
mağara	4.15
mecliste	4.15
merhabalar	4.15
metrelik	4.15
muydu	4.15
mücadeleye	4.15
mühim	4.15
naber	4.15
nemli	4.15
nitekim	4.15
noktasında	4.15
odun	4.15
organizasyonu	4.15
ortamında	4.15
otobüse	4.15
oturdu	4.15
oyununu	4.15
padişah	4.15
patron	4.15
paylaşımı	4.15
rahatça	4.15
ram	4.15
rüzgâr	4.15
saatinde	4.15
saatlerinde	4.15
sabahları	4.15
sahasında	4.15
sakız	4.15
saldırılar	4.15
salt	4.15
sebebini	4.15
server	4.15
severek	4.15
severler	4.15
seyir	4.15
siyaseti	4.15
sizlerin	4.15
sok	4.15
sokağı	4.15
soldan	4.15
sorumludur	4.15
soğan	4.15
suçlar	4.15
sözlük	4.15
süreliğine	4.15
takımına	4.15
tanıklık	4.15
tavır	4.15
telefonları	4.15
telif	4.15
tesisi	4.15
tir	4.15
tiyatrosu	4.15
tutmuş	4.15
tuzak	4.15
usulü	4.15
uzmanlık	4.15
veysel	4.15
yapabiliriz	4.15
yapmadım	4.15
yatıyor	4.15
yaşayacak	4.15
yetişen	4.15
yolsuzluk	4.15
yorumları	4.15
yüksektir	4.15
yürürken	4.15
zulüm	4.15
çankırı	4.15
çete	4.15
çıkmıyor	4.15
önerisi	4.15
üstündeki	4.15
ışığında	4.15
abdurrahman	4.14
adamım	4.14
afyonkarahisar	4.14
alo	4.14
altay	4.14
alınıp	4.14
anabilim	4.14
ankaragücü	4.14
antalyaspor	4.14
aradığınız	4.14
artması	4.14
atacak	4.14
atalım	4.14
ayağını	4.14
açıklamak	4.14
açılacak	4.14
basına	4.14
başlatıldı	4.14
başlıyorum	4.14
belediyenin	4.14
beraberinde	4.14
bilgilere	4.14
bilmediğim	4.14
binalar	4.14
bulduğum	4.14
bulundukları	4.14
bulunmuştur	4.14
bölgeler	4.14
büyükelçisi	4.14
büyüyor	4.14
bırakmış	4.14
casus	4.14
daimi	4.14
dakikalar	4.14
damar	4.14
davanın	4.14
dean	4.14
dediğiniz	4.14
desen	4.14
desteklemek	4.14
devrimi	4.14
değişmez	4.14
diğerine	4.14
dolaylı	4.14
duyuru	4.14
duyuyor	4.14
dvd	4.14
dünkü	4.14
düş	4.14
düşünceleri	4.14
edenlerin	4.14
ercan	4.14
etmeleri	4.14
etmeniz	4.14
etrafındaki	4.14
evlendi	4.14
eğitimin	4.14
fantastik	4.14
felsefesi	4.14
fidan	4.14
gaza	4.14
geceden	4.14
gelenek	4.14
gemileri	4.14
gençleri	4.14
gerekiyorsa	4.14
geçirmeye	4.14
geçmiştir	4.14
giriyorum	4.14
göremiyorum	4.14
görevler	4.14
gözyaşı	4.14
günlerinde	4.14
güvenliğini	4.14
hakkım	4.14
hamza	4.14
havayolu	4.14
helen	4.14
hepimizi	4.14
hikayesini	4.14
hotel	4.14
ilahiyat	4.14
ileriye	4.14
ilişkiyi	4.14
inek	4.14
inşaatı	4.14
irtibat	4.14
istediğimi	4.14
istemiş	4.14
istikrar	4.14
izinsiz	4.14
jennifer	4.14
jordan	4.14
kaan	4.14
kalırsa	4.14
kaos	4.14
karşıma	4.14
kaybedecek	4.14
kayıtlar	4.14
kelimesini	4.14
kentte	4.14
komple	4.14
konuşmasını	4.14
koyduğu	4.14
koyma	4.14
kulesi	4.14
kurmuş	4.14
kuzeyinde	4.14
köklü	4.14
küme	4.14
ların	4.14
laura	4.14
life	4.14
lucas	4.14
lük	4.14
mahalli	4.14
makineleri	4.14
maltepe	4.14
manchester	4.14
medeniyet	4.14
mekanı	4.14
merve	4.14
mesajını	4.14
mevlana	4.14
muhtar	4.14
olursanız	4.14
oluşmuş	4.14
or	4.14
oranla	4.14
ortalaması	4.14
ortalık	4.14
papaz	4.14
pazarlık	4.14
ra	4.14
rakam	4.14
rehberi	4.14
ressam	4.14
roy	4.14
saldırının	4.14
saçlarını	4.14
sebastian	4.14
sektörü	4.14
sevdiğiniz	4.14
seviyesinde	4.14
sporları	4.14
sözcük	4.14
sürdüğü	4.14
sürgün	4.14
tamamlanan	4.14
tarafını	4.14
tarkan	4.14
tasarlanmıştır	4.14
taşıdığı	4.14
tilki	4.14
tutma	4.14
türkleri	4.14
varan	4.14
varlığına	4.14
verdin	4.14
videolar	4.14
west	4.14
what	4.14
yakalanan	4.14
yaklaşıyor	4.14
yalnızlık	4.14
yapmadı	4.14
yapmalı	4.14
yasama	4.14
yasin	4.14
yayında	4.14
yazarak	4.14
yazdığım	4.14
yaşarken	4.14
yaşlarında	4.14
yıldızlı	4.14
yıllardan	4.14
ziyaretçi	4.14
çağırdı	4.14
çevik	4.14
çıkmaktadır	4.14
çıtır	4.14
öfkeli	4.14
ölünce	4.14
öyküsü	4.14
ülkelerden	4.14
ülkesine	4.14
üreticisi	4.14
ışıklar	4.14
şehirlerde	4.14
adamlarının	4.13
air	4.13
alabilirsiniz	4.13
alamıyorum	4.13
alanını	4.13
alındığı	4.13
anladığım	4.13
atık	4.13
ayakkabılar	4.13
aynıdır	4.13
aynısı	4.13
ağaçları	4.13
bakacak	4.13
bakarken	4.13
bartın	4.13
bayıldım	4.13
bazılarını	4.13
bağdat	4.13
bağlama	4.13
bağımlılık	4.13
başlayalım	4.13
berabere	4.13
berat	4.13
best	4.13
bilemedim	4.13
bilginin	4.13
bireylerin	4.13
bulgaristan	4.13
buralara	4.13
bölümün	4.13
büyüdü	4.13
canına	4.13
carter	4.13
cesedi	4.13
chicago	4.13
cihazın	4.13
del	4.13
denizcilik	4.13
derecesi	4.13
doğanın	4.13
dram	4.13
eki	4.13
eleme	4.13
emrini	4.13
etmedim	4.13
eva	4.13
ferhat	4.13
form	4.13
formülü	4.13
galeri	4.13
gen	4.13
geçmeye	4.13
gideceğim	4.13
giderler	4.13
grip	4.13
görmeyi	4.13
güneşi	4.13
haftasonu	4.13
halkını	4.13
hataları	4.13
hatice	4.13
hazırım	4.13
hepimize	4.13
hp	4.13
hristiyan	4.13
hâlinde	4.13
ibne	4.13
ikimiz	4.13
ilerliyor	4.13
ilişkilerini	4.13
indirme	4.13
insanlığa	4.13
jonathan	4.13
kadınlardan	4.13
karl	4.13
katliam	4.13
kaçırma	4.13
kesti	4.13
konyaspor	4.13
koray	4.13
koş	4.13
kripto	4.13
kullandım	4.13
kumanda	4.13
kırıklığı	4.13
like	4.13
maymun	4.13
melekler	4.13
mezuniyet	4.13
mirası	4.13
muhsin	4.13
mutfakta	4.13
nokia	4.13
nüfusun	4.13
okunur	4.13
olmaksızın	4.13
ordunun	4.13
ordusunun	4.13
orduya	4.13
oteli	4.13
oyunculuk	4.13
oğlan	4.13
patladı	4.13
planlar	4.13
pozisyonu	4.13
rahatsızlık	4.13
renkte	4.13
romanya	4.13
sahibinin	4.13
sait	4.13
sanatçılar	4.13
sayan	4.13
sağlanır	4.13
sefere	4.13
sivri	4.13
sokmak	4.13
sonucuna	4.13
sorar	4.13
soruşturması	4.13
sovyetler	4.13
sunmaktadır	4.13
sunuldu	4.13
sürecini	4.13
sürüm	4.13
tahsis	4.13
tasavvuf	4.13
taşlar	4.13
taşıyıcı	4.13
tehlikesi	4.13
telafi	4.13
teori	4.13
toplamı	4.13
topraklar	4.13
trend	4.13
tunceli	4.13
turkcell	4.13
tuttuğu	4.13
tuzlu	4.13
unu	4.13
uzaya	4.13
varmı	4.13
vergisi	4.13
verilebilir	4.13
victoria	4.13
von	4.13
yapabilirim	4.13
yapılmasını	4.13
yar	4.13
yazıyı	4.13
yetenekleri	4.13
ypg	4.13
yürüten	4.13
zamanları	4.13
çalıştığım	4.13
çam	4.13
çaplı	4.13
çağı	4.13
çevirdi	4.13
çıkmadan	4.13
önden	4.13
önü	4.13
öğretmenin	4.13
üreme	4.13
üssü	4.13
ırkçı	4.13
ıv	4.13
acısını	4.12
adıdır	4.12
ajanı	4.12
akış	4.12
aldığınız	4.12
almasına	4.12
alınca	4.12
anlatım	4.12
ann	4.12
annemi	4.12
anthony	4.12
aranıyor	4.12
asfalt	4.12
avrupalı	4.12
aylardır	4.12
aşka	4.12
bahçesinde	4.12
bakımdan	4.12
balıkçı	4.12
barbara	4.12
başındaki	4.12
belirlenmiş	4.12
bensiz	4.12
bereket	4.12
bilgilendirme	4.12
blue	4.12
cezaevi	4.12
dana	4.12
dağınık	4.12
devir	4.12
domates	4.12
doğduğu	4.12
döndüğünde	4.12
düşünceler	4.12
düşüncelerini	4.12
düşündüğü	4.12
edersen	4.12
elbet	4.12
esnada	4.12
eğitimli	4.12
fethi	4.12
fetih	4.12
geçtikten	4.12
gideyim	4.12
gönderin	4.12
görünümlü	4.12
gündemi	4.12
günlerin	4.12
haberini	4.12
hanımlar	4.12
hayatımızı	4.12
hayret	4.12
herkesle	4.12
hesabına	4.12
heyecanı	4.12
heykeli	4.12
hissediyor	4.12
hâline	4.12
iddiaları	4.12
iktidarın	4.12
ilke	4.12
ispanyolca	4.12
ittifakı	4.12
içmeye	4.12
işinize	4.12
işleyen	4.12
kalbinde	4.12
karakterin	4.12
karikatür	4.12
karşısındaki	4.12
katta	4.12
kaybeder	4.12
kesintisiz	4.12
kişidir	4.12
kolaylıkla	4.12
korur	4.12
kurallarına	4.12
kurtardı	4.12
kâğıt	4.12
köşeye	4.12
kıyısında	4.12
larry	4.12
limanı	4.12
litre	4.12
millete	4.12
miss	4.12
modu	4.12
muayene	4.12
muzaffer	4.12
nedenleri	4.12
noktayı	4.12
notlar	4.12
obama	4.12
okuluna	4.12
olayda	4.12
olayını	4.12
oluştu	4.12
oyundan	4.12
pakistan	4.12
paramparça	4.12
part	4.12
pp	4.12
problemleri	4.12
raymond	4.12
ron	4.12
sanatçının	4.12
sancak	4.12
serin	4.12
sezer	4.12
seçmek	4.12
sir	4.12
siyasetçi	4.12
suları	4.12
suyunu	4.12
söylemesi	4.12
tabanca	4.12
taraftarı	4.12
tavşan	4.12
teğmen	4.12
times	4.12
tohum	4.12
toplantıda	4.12
torunu	4.12
ts	4.12
verildiği	4.12
yandı	4.12
yaparsa	4.12
yazarken	4.12
yerlerden	4.12
yerlerinde	4.12
yerlerine	4.12
yolundan	4.12
yorucu	4.12
yönetime	4.12
zarif	4.12
zayıflama	4.12
zihin	4.12
zırhlı	4.12
çalışıyordu	4.12
çocukla	4.12
ödev	4.12
ölçü	4.12
önlem	4.12
örgütleri	4.12
ösym	4.12
öğrenmeye	4.12
ülkelerine	4.12
üzerimize	4.12
ıso	4.12
şam	4.12
şampiyonluğu	4.12
şapka	4.12
şeyde	4.12
adliye	4.11
aklından	4.11
akrep	4.11
almanın	4.11
alımı	4.11
alışık	4.11
angel	4.11
anlaşıldı	4.11
ap	4.11
aradığım	4.11
arkadaşlarıyla	4.11
atıyorum	4.11
azaltmak	4.11
başkanın	4.11
başın	4.11
bireyin	4.11
birgün	4.11
bitmiştir	4.11
bombalı	4.11
borcunu	4.11
bornova	4.11
borçlu	4.11
büyülü	4.11
canavar	4.11
cephesi	4.11
cooper	4.11
dahili	4.11
davasında	4.11
dedikodu	4.11
deneyimi	4.11
değişiklikleri	4.11
değmez	4.11
dizileri	4.11
down	4.11
doğar	4.11
duvarları	4.11
düzenlenmiş	4.11
ebedi	4.11
edebi	4.11
emekliye	4.11
etmemiz	4.11
etrafa	4.11
eğitimine	4.11
eşini	4.11
fikirler	4.11
fil	4.11
finalde	4.11
fred	4.11
fırsatta	4.11
gerekenler	4.11
gerektiğine	4.11
gerçekleşir	4.11
geçerlidir	4.11
geçişi	4.11
gold	4.11
gönderen	4.11
gördüğümde	4.11
görüşmesi	4.11
gösterebilir	4.11
güçlerinin	4.11
habersiz	4.11
halkların	4.11
hamle	4.11
havayı	4.11
hikâyesi	4.11
hür	4.11
ilkel	4.11
imzaladı	4.11
imzalı	4.11
ismiyle	4.11
işçiler	4.11
kablosuz	4.11
kamuoyuna	4.11
katıl	4.11
kaydedildi	4.11
kesici	4.11
kilisesi	4.11
kimden	4.11
kktc	4.11
koyayım	4.11
kullanmış	4.11
kürtlerin	4.11
kıdemli	4.11
kırmak	4.11
lige	4.11
luke	4.11
mehmed	4.11
mk	4.11
muz	4.11
mücadelede	4.11
nem	4.11
nevi	4.11
noktadan	4.11
numaraları	4.11
odaklı	4.11
olmama	4.11
oluşturma	4.11
operasyonları	4.11
out	4.11
paylaşan	4.11
pierre	4.11
polonya	4.11
programa	4.11
rehber	4.11
rolünü	4.11
sadakat	4.11
saçını	4.11
senede	4.11
sertifika	4.11
seviyorsun	4.11
seçimlere	4.11
siber	4.11
sorgulama	4.11
söylediğini	4.11
söyleyebilirim	4.11
sözüm	4.11
taban	4.11
tahammül	4.11
tahrip	4.11
tanrım	4.11
tartışmaya	4.11
tat	4.11
taç	4.11
televizyonu	4.11
temelini	4.11
teorisi	4.11
tertemiz	4.11
toplandı	4.11
tutsak	4.11
tübitak	4.11
ucuza	4.11
ulaşabilirsiniz	4.11
vedat	4.11
walker	4.11
yakındır	4.11
yapısına	4.11
yaralanan	4.11
yazmayı	4.11
yollara	4.11
yükseliyor	4.11
zirvesi	4.11
çarpıcı	4.11
çokça	4.11
üstlendiği	4.11
abone	4.1
adından	4.1
aldınız	4.1
alexander	4.1
altındadır	4.1
alındığında	4.1
alışkanlık	4.1
amaçları	4.1
anca	4.1
anlattım	4.1
anlattığı	4.1
anlayan	4.1
antrenman	4.1
arşiv	4.1
atılmış	4.1
ayrılma	4.1
ayrıntılar	4.1
azdır	4.1
ağacın	4.1
bahsediyor	4.1
bayburt	4.1
baykal	4.1
başımı	4.1
bekleniyor	4.1
beklerim	4.1
bernard	4.1
beykoz	4.1
beynini	4.1
bildiğini	4.1
bilinç	4.1
bilmediği	4.1
birtakım	4.1
bittikten	4.1
buluşmak	4.1
burnunu	4.1
bölgelere	4.1
catherine	4.1
ce	4.1
christian	4.1
cinayeti	4.1
cinsi	4.1
dehşet	4.1
diger	4.1
dikiş	4.1
dindar	4.1
durdurmak	4.1
düşüş	4.1
dışından	4.1
edebilirim	4.1
edilmeli	4.1
ekibinin	4.1
elemanı	4.1
emma	4.1
enteresan	4.1
eserin	4.1
evinden	4.1
evlerine	4.1
fakülte	4.1
farklılıklar	4.1
flaş	4.1
gazetesinin	4.1
gerçeğini	4.1
getirme	4.1
geçirip	4.1
gidersin	4.1
görkemli	4.1
görülmüştür	4.1
görülüyor	4.1
görüyorsunuz	4.1
görüşmeler	4.1
gözüme	4.1
gözünün	4.1
gücüm	4.1
günlerden	4.1
güreş	4.1
güzelce	4.1
hangisini	4.1
havanın	4.1
hayatınızı	4.1
hazretleri	4.1
ihale	4.1
ilçenin	4.1
imkân	4.1
inanamıyorum	4.1
insanla	4.1
irlanda	4.1
itü	4.1
içelim	4.1
içip	4.1
kalbinin	4.1
kaldır	4.1
kaldırdı	4.1
kaçmaya	4.1
kaşık	4.1
kesilmiş	4.1
kokulu	4.1
kokuyor	4.1
korkmaz	4.1
kura	4.1
kurup	4.1
köpekleri	4.1
kıran	4.1
larda	4.1
leon	4.1
lozan	4.1
maddelerin	4.1
makamında	4.1
malzemesi	4.1
margaret	4.1
mehdi	4.1
motorları	4.1
motosiklet	4.1
nancy	4.1
neşe	4.1
olacaksa	4.1
olasılık	4.1
olmamasına	4.1
olurdum	4.1
organları	4.1
ortaklık	4.1
oturur	4.1
oynayacak	4.1
parçasını	4.1
planlı	4.1
planını	4.1
potter	4.1
premier	4.1
protokol	4.1
protokolü	4.1
putin	4.1
pyd	4.1
reddetti	4.1
roket	4.1
sahnesinde	4.1
sezona	4.1
seçeneği	4.1
sloganı	4.1
soma	4.1
soran	4.1
stil	4.1
suat	4.1
sıralama	4.1
tabanı	4.1
taraftarları	4.1
tarzda	4.1
taşıdı	4.1
taşındı	4.1
tekme	4.1
telefonlar	4.1
telefonunu	4.1
temsili	4.1
teyit	4.1
tonu	4.1
toplantıya	4.1
toplar	4.1
tuncay	4.1
tutuklama	4.1
umutsuz	4.1
unutmak	4.1
uzunluğunda	4.1
uğraşan	4.1
vatandaşlık	4.1
veriliyor	4.1
virüsü	4.1
vizyona	4.1
yakınlarına	4.1
yapamıyorum	4.1
yapımında	4.1
yavaşça	4.1
yedik	4.1
yumruk	4.1
yürüyüşü	4.1
çağatay	4.1
çukurova	4.1
öldürmeye	4.1
ölüler	4.1
öneririm	4.1
örtüsü	4.1
ülker	4.1
üreticileri	4.1
şaşırdım	4.1
şuanda	4.1
abdülhamid	4.09
adaleti	4.09
ailesinden	4.09
alüminyum	4.09
alırsın	4.09
amaçlayan	4.09
anlarım	4.09
anlatayım	4.09
arkadaşına	4.09
artırmak	4.09
avcılar	4.09
avukatlar	4.09
balıklar	4.09
belirleyen	4.09
bilgisayarı	4.09
bittiğinde	4.09
bobby	4.09
burç	4.09
büyüğü	4.09
camdan	4.09
ceket	4.09
cüce	4.09
dahilinde	4.09
davis	4.09
diline	4.09
diliyoruz	4.09
diyalog	4.09
diyebiliriz	4.09
durumları	4.09
dökülen	4.09
dönemini	4.09
düzenleyen	4.09
düzensiz	4.09
düşmanın	4.09
düşüp	4.09
ekmeği	4.09
enflasyon	4.09
ergin	4.09
erkeklerle	4.09
esnek	4.09
ettiğinde	4.09
eylemleri	4.09
faik	4.09
farkettim	4.09
feci	4.09
filo	4.09
gerekçe	4.09
girmeyi	4.09
girmiştir	4.09
görünmez	4.09
halkla	4.09
harbi	4.09
harcama	4.09
hepsinden	4.09
hiçbirşey	4.09
huzuru	4.09
imzalanan	4.09
inanıyor	4.09
istediler	4.09
istiyorsa	4.09
izliyorum	4.09
işitme	4.09
işçileri	4.09
kadarı	4.09
kadarını	4.09
kafaya	4.09
kalanı	4.09
kalmasına	4.09
kapasiteli	4.09
kaptanı	4.09
kaçıp	4.09
kolunu	4.09
konumda	4.09
konumuna	4.09
koşu	4.09
krallık	4.09
kullanıcının	4.09
kullanıldı	4.09
kuvvetler	4.09
kuyruk	4.09
kütüphanesi	4.09
kına	4.09
kırklareli	4.09
lana	4.09
lezzet	4.09
libya	4.09
liderleri	4.09
maaşı	4.09
mastürbasyon	4.09
mensup	4.09
merhum	4.09
merkezde	4.09
merkezinden	4.09
merkezini	4.09
muydunuz	4.09
nedenlerle	4.09
nikah	4.09
norman	4.09
olmaktır	4.09
oluşturdu	4.09
ordan	4.09
pahasına	4.09
piyade	4.09
sahibim	4.09
sat	4.09
savaşan	4.09
savunması	4.09
saygıyla	4.09
seda	4.09
sevgiyle	4.09
sil	4.09
skor	4.09
suçları	4.09
söyledikleri	4.09
söylemişti	4.09
söylenir	4.09
tanıyor	4.09
tanıyorum	4.09
teklifini	4.09
tercüman	4.09
teselli	4.09
topa	4.09
topladı	4.09
tutacak	4.09
tüketici	4.09
yahya	4.09
yakup	4.09
yapmasına	4.09
yapmışlar	4.09
yastık	4.09
yaşın	4.09
yenerek	4.09
yetim	4.09
yinede	4.09
yükleme	4.09
yürüyerek	4.09
zorlama	4.09
çabaları	4.09
çiftliği	4.09
çizim	4.09
çoğunun	4.09
çukur	4.09
öldürme	4.09
öldüğünü	4.09
örtülü	4.09
özü	4.09
üçgen	4.09
ısrarla	4.09
şaban	4.09
şehitler	4.09
şerefine	4.09
acıyor	4.08
adaylığı	4.08
alınıyor	4.08
anları	4.08
anlayış	4.08
ardahan	4.08
artışı	4.08
asist	4.08
atmosfer	4.08
azaldı	4.08
açıklamaya	4.08
ağrıyor	4.08
bakteri	4.08
bankacılık	4.08
barry	4.08
başkalarını	4.08
başsağlığı	4.08
beyan	4.08
bilemezsin	4.08
birleşme	4.08
bulması	4.08
buluşalım	4.08
buyur	4.08
büyüleyici	4.08
bırakalım	4.08
bırakılan	4.08
dayanır	4.08
demeden	4.08
dine	4.08
dinlenme	4.08
dizayn	4.08
diziler	4.08
donanma	4.08
durmuş	4.08
duru	4.08
duvarlar	4.08
düğünü	4.08
dışa	4.08
ebû	4.08
eddie	4.08
edilmez	4.08
egemenlik	4.08
english	4.08
erkeklerden	4.08
etkilenen	4.08
etse	4.08
faaliyete	4.08
fantezi	4.08
farkındayım	4.08
fasulye	4.08
franklin	4.08
gelelim	4.08
gerekebilir	4.08
geyik	4.08
geçim	4.08
golle	4.08
görmekten	4.08
görmesi	4.08
gözlük	4.08
güvende	4.08
hacettepe	4.08
hafız	4.08
halit	4.08
hamur	4.08
hastanesinde	4.08
havlu	4.08
hazırladı	4.08
haçlı	4.08
hikayeler	4.08
hobi	4.08
hızını	4.08
idrar	4.08
ilgilidir	4.08
ilkokulu	4.08
incelemek	4.08
insanoğlu	4.08
isterler	4.08
itibari	4.08
itici	4.08
iyiye	4.08
içeriyor	4.08
içlerinde	4.08
işinde	4.08
işlemci	4.08
işlemler	4.08
jacob	4.08
ji	4.08
kadından	4.08
kafasında	4.08
kapılarını	4.08
karşımıza	4.08
kayboldu	4.08
kazanarak	4.08
kazanın	4.08
kelimeyi	4.08
kenar	4.08
ko	4.08
konularında	4.08
konusudur	4.08
konuşuyoruz	4.08
korkudan	4.08
kullandıkları	4.08
kullanılmak	4.08
kullanımını	4.08
kurtaracak	4.08
kurtaran	4.08
kırıkkale	4.08
kıyafetleri	4.08
leke	4.08
lisede	4.08
mama	4.08
milyonu	4.08
müddet	4.08
naci	4.08
nadiren	4.08
nedenlerden	4.08
nesin	4.08
network	4.08
ninja	4.08
note	4.08
okuduğum	4.08
okumuş	4.08
olanlardan	4.08
olmalıydı	4.08
olmayıp	4.08
olsak	4.08
olursam	4.08
oluşuyor	4.08
ortaokul	4.08
parsel	4.08
phil	4.08
plaka	4.08
pırıl	4.08
rizespor	4.08
sabancı	4.08
sara	4.08
sağlanması	4.08
seneye	4.08
simgesi	4.08
sinek	4.08
sitemize	4.08
stüdyo	4.08
sürdürülebilir	4.08
süreyya	4.08
süslü	4.08
sınıflar	4.08
sırtını	4.08
tahir	4.08
takımdan	4.08
talimat	4.08
tanrısı	4.08
telefonum	4.08
temizliği	4.08
terry	4.08
testleri	4.08
tutku	4.08
tutuklanan	4.08
tık	4.08
ulaşmış	4.08
uyarısı	4.08
uzatma	4.08
vallahi	4.08
vereceğini	4.08
vermekten	4.08
vuruldu	4.08
vurun	4.08
yahudiler	4.08
yakışır	4.08
yanık	4.08
yapmıyorum	4.08
yapılarak	4.08
yarası	4.08
yerken	4.08
yönetmenliğini	4.08
yönünden	4.08
yükselme	4.08
yüzeye	4.08
yılbaşı	4.08
ziyaretinde	4.08
çabası	4.08
çatışmalar	4.08
çekecek	4.08
çeşidi	4.08
çubuk	4.08
çöl	4.08
çıktıktan	4.08
ölümle	4.08
öncülük	4.08
özelliklere	4.08
öğrenir	4.08
öğrenmiş	4.08
ülkesinin	4.08
ünlüler	4.08
üretiminde	4.08
üzüntü	4.08
ınternational	4.08
ıssız	4.08
şartlarda	4.08
akımı	4.07
alanların	4.07
almam	4.07
anlatma	4.07
annen	4.07
arabaya	4.07
aradaki	4.07
ayırmak	4.07
açılmıştır	4.07
ağaçların	4.07
ağlar	4.07
bakıyorsun	4.07
bastı	4.07
bağırsak	4.07
başlattığı	4.07
bilgilerin	4.07
bitiren	4.07
bronz	4.07
bırakacak	4.07
center	4.07
cesareti	4.07
cevapları	4.07
darbesi	4.07
defne	4.07
değiştirecek	4.07
dibinde	4.07
direnç	4.07
dostun	4.07
doğuya	4.07
dükkan	4.07
edebilmek	4.07
ederdi	4.07
egzersiz	4.07
ellerin	4.07
emlak	4.07
erkekle	4.07
etkiledi	4.07
etmiyoruz	4.07
fazladan	4.07
from	4.07
garantisi	4.07
gelmesine	4.07
gergin	4.07
geçirir	4.07
geçsin	4.07
girişiminde	4.07
gişe	4.07
group	4.07
grupların	4.07
görülecek	4.07
göstergesi	4.07
gösterme	4.07
gözaltı	4.07
gözüyle	4.07
gündemde	4.07
güneşli	4.07
güçsüz	4.07
haftalar	4.07
harold	4.07
heyet	4.07
hugo	4.07
hâlde	4.07
ilkbahar	4.07
iller	4.07
imkânsız	4.07
indirimi	4.07
ingilizler	4.07
inip	4.07
ipad	4.07
istismar	4.07
işlevi	4.07
jessica	4.07
kaderini	4.07
kadınlarda	4.07
kahretsin	4.07
kalpli	4.07
kapatılan	4.07
karakterler	4.07
karataş	4.07
kaz	4.07
kelimenin	4.07
kilisenin	4.07
konuşmaları	4.07
kuzenim	4.07
kısmi	4.07
liberal	4.07
linux	4.07
lojistik	4.07
long	4.07
market	4.07
mensupları	4.07
merakla	4.07
montaj	4.07
muhabiri	4.07
müzisyen	4.07
nakli	4.07
nolu	4.07
nurettin	4.07
ocakları	4.07
odaları	4.07
odur	4.07
olasılıkla	4.07
olmasıyla	4.07
olmuşsun	4.07
ortaokulu	4.07
oturuyor	4.07
oturuyorum	4.07
pablo	4.07
parker	4.07
rahmetli	4.07
sahilde	4.07
santral	4.07
sanıyorum	4.07
sarıyer	4.07
sattı	4.07
savaşları	4.07
sevgilin	4.07
shaw	4.07
sincan	4.07
sokaklar	4.07
solda	4.07
staj	4.07
stanley	4.07
suçundan	4.07
sözün	4.07
sütü	4.07
sıkıntılı	4.07
sığır	4.07
tanrının	4.07
tanım	4.07
tanımlanan	4.07
tedarik	4.07
tepeden	4.07
ti	4.07
tunç	4.07
umudu	4.07
urfa	4.07
uygulanması	4.07
uygulanır	4.07
vaat	4.07
vermesini	4.07
williams	4.07
yapacaklar	4.07
yaratık	4.07
yenik	4.07
yerleşik	4.07
yoksulluk	4.07
yollarda	4.07
yorgunluk	4.07
zevki	4.07
çalmaya	4.07
çanak	4.07
çarpan	4.07
çene	4.07
öldüğünde	4.07
ölmesi	4.07
ölçüm	4.07
ölümünün	4.07
öp	4.07
üs	4.07
üzerimde	4.07
üçüncüsü	4.07
abim	4.06
afet	4.06
ahh	4.06
alacağını	4.06
almadı	4.06
almayan	4.06
anlatamam	4.06
asansör	4.06
asi	4.06
atlı	4.06
aydan	4.06
ayrım	4.06
baksana	4.06
baktığımda	4.06
basında	4.06
bağcılar	4.06
başkanlığa	4.06
başlarda	4.06
başrol	4.06
beklemeye	4.06
belirlenmesi	4.06
belirlenmiştir	4.06
belirtileri	4.06
belirtmek	4.06
beraat	4.06
beyi	4.06
biliyordum	4.06
bitirdim	4.06
bozan	4.06
buranın	4.06
bır	4.06
cnn	4.06
danıştay	4.06
dağın	4.06
defasında	4.06
demiştir	4.06
denetimi	4.06
dersim	4.06
diego	4.06
dikkatle	4.06
dinledim	4.06
dinlemeye	4.06
diğerlerinden	4.06
doğuda	4.06
drama	4.06
dururken	4.06
dündar	4.06
düzenlemesi	4.06
düşünüyorsunuz	4.06
edecekler	4.06
ekşi	4.06
elemanları	4.06
emeklilik	4.06
etkilerini	4.06
etmişler	4.06
eziyet	4.06
eğitimde	4.06
faaliyetlerine	4.06
fahri	4.06
fonksiyonu	4.06
frekans	4.06
geliri	4.06
gencin	4.06
gerçekleştiren	4.06
getirmiştir	4.06
geçirilen	4.06
geçmesini	4.06
gideriz	4.06
gidiyorsun	4.06
gülümse	4.06
güneyinde	4.06
günlerce	4.06
hakikat	4.06
hakkari	4.06
halktan	4.06
halt	4.06
hatırlamak	4.06
hayatları	4.06
hayatımız	4.06
hayatımızın	4.06
hayvanlara	4.06
hikayenin	4.06
iddiaya	4.06
ifşa	4.06
ilerde	4.06
ilker	4.06
instagram	4.06
içerisine	4.06
içeriye	4.06
kademe	4.06
kafanı	4.06
kalemi	4.06
kaleye	4.06
kalkış	4.06
kalıyorum	4.06
kanama	4.06
kategori	4.06
kaynağını	4.06
kaçmış	4.06
kaçta	4.06
kel	4.06
khk	4.06
kimseler	4.06
klibi	4.06
kocasının	4.06
koleksiyonu	4.06
konsey	4.06
kontrollü	4.06
kumaş	4.06
kırılmış	4.06
kısıtlı	4.06
lady	4.06
leri	4.06
liseli	4.06
mario	4.06
masası	4.06
mesleği	4.06
mg	4.06
milletinin	4.06
nehrin	4.06
neil	4.06
notları	4.06
ohal	4.06
olabiliriz	4.06
olsalar	4.06
oluşumu	4.06
onsuz	4.06
ortama	4.06
oturmak	4.06
partilerin	4.06
performansını	4.06
perişan	4.06
polislerin	4.06
rüyamda	4.06
sabahtan	4.06
sanıyorsun	4.06
savaşında	4.06
saçmalama	4.06
sağlamaya	4.06
sektör	4.06
shakespeare	4.06
sistematik	4.06
sohbeti	4.06
soner	4.06
sorum	4.06
sportif	4.06
sulh	4.06
sunmak	4.06
sınıfın	4.06
sınırında	4.06
takvimi	4.06
takımında	4.06
tanrılar	4.06
temelinde	4.06
testler	4.06
törenle	4.06
tüp	4.06
ulaşır	4.06
uçakları	4.06
uğurlu	4.06
vadeli	4.06
verdiniz	4.06
yahut	4.06
yanındayım	4.06
yaprakları	4.06
yasalar	4.06
yasaları	4.06
yenisini	4.06
yetecek	4.06
yeşilyurt	4.06
yokum	4.06
yollardan	4.06
yönetimini	4.06
yönünü	4.06
yürümeye	4.06
yürüyor	4.06
yıkıldı	4.06
zar	4.06
zarfında	4.06
çalışacağız	4.06
çalışmanın	4.06
çaykur	4.06
çağlayan	4.06
çağırıyor	4.06
çorbası	4.06
çıkarmış	4.06
çıkmayı	4.06
çıktılar	4.06
ömrünü	4.06
ötesine	4.06
ülkelerinin	4.06
ıt	4.06
şekillerde	4.06
acısı	4.05
adımlar	4.05
akustik	4.05
akıyor	4.05
alanlara	4.05
anladı	4.05
anlaşılıyor	4.05
arabada	4.05
ararken	4.05
ateşkes	4.05
avrasya	4.05
ayrılıp	4.05
açıklayan	4.05
balon	4.05
başkanlığını	4.05
başlasın	4.05
beach	4.05
benimde	4.05
benzersiz	4.05
beter	4.05
biletleri	4.05
bilgilerini	4.05
bittiği	4.05
büyükelçi	4.05
caminin	4.05
caz	4.05
cumhur	4.05
day	4.05
dem	4.05
dennis	4.05
deve	4.05
devletlerin	4.05
değişmiş	4.05
diploma	4.05
diyenler	4.05
doğası	4.05
düşünülen	4.05
efe	4.05
ehl	4.05
ekolojik	4.05
ereğli	4.05
etmeliyiz	4.05
fıstık	4.05
gabriel	4.05
gazetesinde	4.05
geleceğine	4.05
gerçekleştirmek	4.05
get	4.05
gezegenin	4.05
geçersiz	4.05
geçirdik	4.05
geçiyoruz	4.05
gidersen	4.05
gidiş	4.05
got	4.05
gökçe	4.05
gönderir	4.05
görüntüleme	4.05
götürüyor	4.05
günlerini	4.05
güvence	4.05
hakiki	4.05
hamam	4.05
hapiste	4.05
harris	4.05
hastaların	4.05
hatayı	4.05
hatırlattı	4.05
have	4.05
hayvanın	4.05
herşeye	4.05
hesabından	4.05
html	4.05
hukukun	4.05
ilkesi	4.05
imalat	4.05
insanım	4.05
izah	4.05
izlerini	4.05
izleyici	4.05
işaretleri	4.05
kadrosunda	4.05
kahramanlar	4.05
kaide	4.05
kalkar	4.05
kalsiyum	4.05
karşılaşma	4.05
kaset	4.05
kaymakam	4.05
kişilerle	4.05
kong	4.05
koşan	4.05
koşarak	4.05
kullanacak	4.05
kullanılmaya	4.05
kullanımına	4.05
kupayı	4.05
kuvveti	4.05
kültürünün	4.05
kırşehir	4.05
kıyafetler	4.05
liderler	4.05
limit	4.05
maçlarını	4.05
mb	4.05
michelle	4.05
minimum	4.05
muhasebe	4.05
music	4.05
nam	4.05
nasa	4.05
necati	4.05
nesi	4.05
nevşehir	4.05
nobel	4.05
odanın	4.05
ola	4.05
olmayanlar	4.05
oylama	4.05
parfüm	4.05
parlamenter	4.05
pat	4.05
pencereden	4.05
pendik	4.05
planlarını	4.05
poz	4.05
pul	4.05
rachel	4.05
resimde	4.05
rivayet	4.05
rota	4.05
sahneleri	4.05
sakinleri	4.05
saldıran	4.05
sandın	4.05
savunmak	4.05
sayfalar	4.05
senelik	4.05
serhat	4.05
sistemlerinin	4.05
soktu	4.05
solo	4.05
soy	4.05
sunuyorum	4.05
suçun	4.05
süreyle	4.05
tabak	4.05
tarzını	4.05
telefondan	4.05
thy	4.05
toto	4.05
turnuvası	4.05
tuzla	4.05
tuğla	4.05
tümör	4.05
ucundan	4.05
uyumaya	4.05
varız	4.05
veremez	4.05
vurmuş	4.05
yanda	4.05
yangını	4.05
yanlız	4.05
yaratır	4.05
yarısından	4.05
yayla	4.05
yazarları	4.05
yaşanıyor	4.05
yaşını	4.05
yen	4.05
yendi	4.05
yenen	4.05
yener	4.05
yerdeki	4.05
yükseköğretim	4.05
zevkle	4.05
çalışmalarda	4.05
ölecek	4.05
öneme	4.05
önümüzde	4.05
özal	4.05
öğrencinin	4.05
ıyi	4.05
şarkıların	4.05
şirkete	4.05
şoförü	4.05
ablam	4.04
adaletin	4.04
adamdan	4.04
adamdır	4.04
adamlara	4.04
adları	4.04
ailelerin	4.04
aksoy	4.04
ala	4.04
alkış	4.04
allen	4.04
alparslan	4.04
alıyordu	4.04
anıları	4.04
arabaları	4.04
aracılığı	4.04
aradığı	4.04
aras	4.04
arkadaşlarımız	4.04
arkamdan	4.04
avantaj	4.04
ayrıldıktan	4.04
ayırma	4.04
açarak	4.04
açıklamaları	4.04
aş	4.04
bahsi	4.04
bakışı	4.04
bağlamda	4.04
başlanan	4.04
bilinmiyor	4.04
bilmesi	4.04
birilerine	4.04
bo	4.04
boris	4.04
boston	4.04
boyle	4.04
boşluğu	4.04
bölgesinden	4.04
camiye	4.04
cemaati	4.04
cevdet	4.04
chuck	4.04
delta	4.04
deriz	4.04
değişecek	4.04
dicle	4.04
doğruluk	4.04
durak	4.04
durumdadır	4.04
dönerken	4.04
dükkanı	4.04
edebiliriz	4.04
edilirken	4.04
edilmek	4.04
elinize	4.04
elverişli	4.04
ettiklerini	4.04
evime	4.04
evliliği	4.04
eşyalarınızı	4.04
fener	4.04
fonu	4.04
fıfa	4.04
gençliği	4.04
gerçeğe	4.04
getirilmesi	4.04
geçmesine	4.04
geçmişini	4.04
gittiğinde	4.04
gole	4.04
gruptan	4.04
gökyüzüne	4.04
gömülü	4.04
gördüğün	4.04
görmedi	4.04
gözünden	4.04
hayatınızda	4.04
hesaplama	4.04
hill	4.04
hüsnü	4.04
ibarettir	4.04
iddiasıyla	4.04
ideolojik	4.04
ilkeleri	4.04
inen	4.04
isteyip	4.04
izlenen	4.04
içerikli	4.04
içimi	4.04
kaldılar	4.04
karşılıksız	4.04
kavramlar	4.04
kazak	4.04
kazanması	4.04
kazanç	4.04
kediler	4.04
kelimelerin	4.04
kenarı	4.04
kesilir	4.04
kimseden	4.04
kocam	4.04
kont	4.04
kulaklık	4.04
kulüpler	4.04
kurbanı	4.04
kurtulmuş	4.04
lefkoşa	4.04
liginde	4.04
mahir	4.04
mahsur	4.04
malesef	4.04
marco	4.04
masaüstü	4.04
memleket	4.04
meraklı	4.04
milyona	4.04
mineral	4.04
mülk	4.04
niyeti	4.04
okuduğu	4.04
okulunda	4.04
olayla	4.04
olmadım	4.04
olmamıştır	4.04
oralarda	4.04
orayı	4.04
ortalıkta	4.04
parçalara	4.04
psikolojisi	4.04
reform	4.04
russell	4.04
saçı	4.04
sağlama	4.04
sebeplerden	4.04
serisinin	4.04
seviyeye	4.04
seyhan	4.04
sizlerden	4.04
sorunların	4.04
sorunlarını	4.04
sos	4.04
sporu	4.04
suratına	4.04
söylediğim	4.04
söylendi	4.04
sıkıntılar	4.04
tartışmalar	4.04
tarzında	4.04
taşın	4.04
tedbir	4.04
teröristler	4.04
toplantısına	4.04
torba	4.04
turgay	4.04
tutulur	4.04
tıklayınız	4.04
unutmuş	4.04
usb	4.04
usul	4.04
verirse	4.04
yakalama	4.04
yakıp	4.04
yapıların	4.04
yaralar	4.04
yararı	4.04
yargıç	4.04
yarışmasında	4.04
yatmak	4.04
yeteneklerini	4.04
yiyin	4.04
yolculuğa	4.04
yönetimindeki	4.04
yükseklik	4.04
yüzümü	4.04
yıkıcı	4.04
zirvede	4.04
çalışkan	4.04
çerçeve	4.04
çoğunluk	4.04
çıkaracak	4.04
öldürüldüğü	4.04
üretici	4.04
şunlardır	4.04
abbas	4.03
altyapısı	4.03
alırsınız	4.03
angela	4.03
anla	4.03
anormal	4.03
apartman	4.03
araştırmacılar	4.03
arkadaşıma	4.03
asılı	4.03
ateşin	4.03
atılır	4.03
avukatlık	4.03
avşar	4.03
ayağına	4.03
ayları	4.03
azami	4.03
açıklanan	4.03
bakımı	4.03
bağlılık	4.03
beyefendi	4.03
beylikdüzü	4.03
beğen	4.03
bilecek	4.03
biçiminde	4.03
brad	4.03
buca	4.03
buluşuyor	4.03
cahil	4.03
canan	4.03
cins	4.03
cümleler	4.03
davaya	4.03
davul	4.03
demokrasinin	4.03
dersen	4.03
değiştirmeye	4.03
dikkatimi	4.03
diller	4.03
diriliş	4.03
doz	4.03
doğada	4.03
dramatik	4.03
duası	4.03
duruş	4.03
duyduğunu	4.03
dönüşür	4.03
ecevit	4.03
edene	4.03
emrah	4.03
ergen	4.03
etiketiyle	4.03
eylemler	4.03
ezik	4.03
eşyalar	4.03
faaliyetler	4.03
face	4.03
fatura	4.03
fikirlerini	4.03
fuarı	4.03
geleneği	4.03
geliştirdiği	4.03
gerektiğinde	4.03
geçirdim	4.03
geçiyorum	4.03
geçmez	4.03
geçmişin	4.03
girince	4.03
giysi	4.03
grace	4.03
grant	4.03
gördüğünde	4.03
göründü	4.03
gösterip	4.03
götüren	4.03
güvenin	4.03
güvenini	4.03
haberleşme	4.03
halife	4.03
hayaller	4.03
hayvanı	4.03
hazırlamak	4.03
herzaman	4.03
hi	4.03
hmm	4.03
hulusi	4.03
idrak	4.03
idris	4.03
ifadesini	4.03
insanda	4.03
insandan	4.03
isimlerin	4.03
istekli	4.03
istemedim	4.03
isteyerek	4.03
jules	4.03
kabuğu	4.03
kadarki	4.03
kadeh	4.03
kaderin	4.03
kaldın	4.03
karaya	4.03
karıştırma	4.03
katılmaya	4.03
kavuştu	4.03
kayıtlarını	4.03
kesen	4.03
kimisi	4.03
kitabının	4.03
komite	4.03
konuşuyorum	4.03
kostüm	4.03
kova	4.03
kulübe	4.03
kızımız	4.03
lake	4.03
madeni	4.03
mahallenin	4.03
makaleler	4.03
miami	4.03
müslümanlara	4.03
müzikleri	4.03
nakil	4.03
necmettin	4.03
nüfusunun	4.03
olduysa	4.03
oluyorsunuz	4.03
oluşturulmuş	4.03
oluşum	4.03
oğulları	4.03
panel	4.03
parçalarını	4.03
poker	4.03
rehberlik	4.03
sabahattin	4.03
sahili	4.03
sakso	4.03
salonda	4.03
sap	4.03
savaşmak	4.03
savundu	4.03
sevdi	4.03
sigarayı	4.03
sinsi	4.03
sinyali	4.03
sonları	4.03
soyunma	4.03
soğutma	4.03
sponsor	4.03
stefan	4.03
sürecine	4.03
sürecinin	4.03
sıkma	4.03
tablet	4.03
terbiye	4.03
tesadüfen	4.03
tozu	4.03
tufan	4.03
ucuna	4.03
ufacık	4.03
uygur	4.03
vatandaşın	4.03
vuruş	4.03
wall	4.03
yaklaşımı	4.03
yargılama	4.03
yarışmada	4.03
yataktan	4.03
yaşayıp	4.03
yerime	4.03
yy	4.03
yıkım	4.03
zara	4.03
çekimleri	4.03
çocuğuna	4.03
çıkıyoruz	4.03
öldürüyor	4.03
özelliğine	4.03
ünü	4.03
ürünlerin	4.03
üyelerine	4.03
şeyle	4.03
adıma	4.02
ailelerine	4.02
akut	4.02
akşamları	4.02
alamaz	4.02
alfred	4.02
almıştım	4.02
anlamıyor	4.02
anlatacağım	4.02
arabalar	4.02
aralarındaki	4.02
arıza	4.02
aslına	4.02
astsubay	4.02
atmayı	4.02
azalır	4.02
azınlık	4.02
açıklıyor	4.02
açım	4.02
babamı	4.02
bahsetmek	4.02
bakıyoruz	4.02
başarısını	4.02
belirterek	4.02
bencil	4.02
berk	4.02
bilmiyordum	4.02
binaya	4.02
birader	4.02
birebir	4.02
birimiz	4.02
biriniz	4.02
birliğine	4.02
birçoğu	4.02
bmw	4.02
boka	4.02
bozucu	4.02
buradayım	4.02
bye	4.02
büyüklükte	4.02
büyüklüğünde	4.02
ca	4.02
caner	4.02
cinsinden	4.02
cumhurbaşkanımız	4.02
demirci	4.02
depresyon	4.02
derviş	4.02
diğerlerinin	4.02
doldurun	4.02
dong	4.02
dostları	4.02
dosyayı	4.02
duruşma	4.02
dönmeye	4.02
dönüyorum	4.02
düşmanları	4.02
edeceği	4.02
ehliyet	4.02
ekranda	4.02
elena	4.02
em	4.02
erişimi	4.02
ermenistan	4.02
erotik	4.02
etmişlerdir	4.02
evrak	4.02
eğlenceler	4.02
eşitliği	4.02
fiilen	4.02
filiz	4.02
fonksiyon	4.02
geleceğim	4.02
gereğince	4.02
getirerek	4.02
getirilmiş	4.02
geçidi	4.02
geçiriyor	4.02
gidebilir	4.02
gitsem	4.02
görebilir	4.02
göründüğü	4.02
görüştü	4.02
gücüyle	4.02
güveni	4.02
halleri	4.02
harekat	4.02
hareketlerini	4.02
hastalar	4.02
hayatımıza	4.02
hazırlayan	4.02
hendek	4.02
hissetmiyorum	4.02
hüzünlü	4.02
ihtiyacını	4.02
ihtiyaçlarını	4.02
ilaçları	4.02
iletişimi	4.02
ipucu	4.02
isteyenlere	4.02
iyisin	4.02
işinin	4.02
işlenmiş	4.02
jamie	4.02
kadınlarla	4.02
kaldığım	4.02
kamerası	4.02
kanadı	4.02
kanunları	4.02
kapsar	4.02
karşılaştığı	4.02
kay	4.02
kayserispor	4.02
kayıtlarına	4.02
kesik	4.02
kesimi	4.02
kimileri	4.02
kitaba	4.02
kitapların	4.02
kokan	4.02
konuldu	4.02
konuşarak	4.02
koordinasyon	4.02
kudret	4.02
kukla	4.02
kullanırken	4.02
kurallarını	4.02
kurdum	4.02
kurtar	4.02
kutup	4.02
kuşak	4.02
kısımları	4.02
kızına	4.02
mahkemede	4.02
mallar	4.02
maçlarda	4.02
mağaza	4.02
merkezindeki	4.02
mescid	4.02
meydanında	4.02
mezhep	4.02
meğer	4.02
mücadeleyi	4.02
müdahalesi	4.02
münih	4.02
nevzat	4.02
okunan	4.02
operasyonlar	4.02
ortamlarda	4.02
parlayan	4.02
parçayı	4.02
patlaması	4.02
renault	4.02
resmin	4.02
restorasyon	4.02
rob	4.02
ruhuna	4.02
sabiha	4.02
sabun	4.02
sarp	4.02
sayfasında	4.02
sağda	4.02
sekizinci	4.02
sema	4.02
seo	4.02
serseri	4.02
seçtim	4.02
silahların	4.02
sorunlu	4.02
sporcular	4.02
stop	4.02
story	4.02
street	4.02
susuz	4.02
süs	4.02
taraftarlar	4.02
tatlısın	4.02
tavsiyem	4.02
temelde	4.02
temizlemek	4.02
tereddüt	4.02
tişört	4.02
tok	4.02
treni	4.02
tutuyorum	4.02
türde	4.02
tüy	4.02
unvanı	4.02
uzayda	4.02
veriyordu	4.02
videoda	4.02
yabani	4.02
yakası	4.02
yapılmasına	4.02
yapımcı	4.02
yaya	4.02
yağıyor	4.02
yeteneğini	4.02
yukarıya	4.02
yuvası	4.02
çalışmıyor	4.02
çekilir	4.02
çevirisi	4.02
çevrili	4.02
çiftin	4.02
çocuklarımızın	4.02
özgürce	4.02
özlü	4.02
öğrenin	4.02
üyelerinden	4.02
üzülüyorum	4.02
şansım	4.02
şarkıya	4.02
şebnem	4.02
şekilleri	4.02
şii	4.02
şikayetçi	4.02
abisi	4.01
ailede	4.01
alacaklar	4.01
allahın	4.01
anderson	4.01
antonio	4.01
aralığı	4.01
aralığında	4.01
arkeoloji	4.01
asma	4.01
asıllı	4.01
attın	4.01
avı	4.01
ayrıntıları	4.01
ayına	4.01
aşığım	4.01
bahçede	4.01
bandırma	4.01
başlarlar	4.01
bektaş	4.01
beyazıt	4.01
bilgisayarlar	4.01
biliniyor	4.01
biliyordu	4.01
bilmiyorsun	4.01
binasının	4.01
birbirinizi	4.01
candan	4.01
davranışı	4.01
deneysel	4.01
dibe	4.01
diyordum	4.01
dişleri	4.01
dokunma	4.01
dolaşıp	4.01
duracak	4.01
dönmez	4.01
düşündü	4.01
düşünürken	4.01
düşürmek	4.01
edilmeye	4.01
emel	4.01
etap	4.01
etmenizi	4.01
etrafına	4.01
evlerinde	4.01
eşine	4.01
far	4.01
farkla	4.01
farkındalık	4.01
fethiye	4.01
filmlerde	4.01
fon	4.01
fotoğrafçı	4.01
gelişmekte	4.01
gemiler	4.01
gerekmiyor	4.01
gerisinde	4.01
gerçeğin	4.01
geçirerek	4.01
göndererek	4.01
görünmek	4.01
görürüz	4.01
görüşlerini	4.01
gözetim	4.01
gözlerinde	4.01
gümüşhane	4.01
gündü	4.01
hapishane	4.01
hareketinin	4.01
hasret	4.01
hastalığa	4.01
hatırlatmak	4.01
havuzu	4.01
hayranı	4.01
hedefimiz	4.01
hesaplar	4.01
hücreler	4.01
hükümete	4.01
iftira	4.01
ikizler	4.01
ilişkilerin	4.01
ima	4.01
incir	4.01
indirin	4.01
inkâr	4.01
isimlerinden	4.01
istemediği	4.01
itibarı	4.01
içerdiği	4.01
içtim	4.01
jan	4.01
josh	4.01
kapısına	4.01
kararın	4.01
kardeşini	4.01
karım	4.01
karısının	4.01
katılmış	4.01
kazandık	4.01
kazanmıştır	4.01
kazanılan	4.01
kazık	4.01
kaş	4.01
komut	4.01
konuma	4.01
konunun	4.01
konuşmalar	4.01
kökü	4.01
köprünün	4.01
kültürünü	4.01
kızılderili	4.01
leonard	4.01
lisansı	4.01
listeleri	4.01
maliyet	4.01
manken	4.01
markaları	4.01
masalı	4.01
mazhar	4.01
mekanizması	4.01
mekke	4.01
mektuplar	4.01
milyondan	4.01
misali	4.01
mod	4.01
muhabir	4.01
musul	4.01
müslim	4.01
müslüm	4.01
nba	4.01
neredesin	4.01
nişancı	4.01
nöbetçi	4.01
olmamıştı	4.01
otu	4.01
otururken	4.01
oyları	4.01
oğluna	4.01
oğuzhan	4.01
parkta	4.01
partiden	4.01
parçasıdır	4.01
penis	4.01
philip	4.01
piknik	4.01
piyasada	4.01
potansiyeli	4.01
power	4.01
projesinin	4.01
rihanna	4.01
salata	4.01
salim	4.01
samuel	4.01
sandığı	4.01
sarayın	4.01
sarf	4.01
sağlandı	4.01
seferleri	4.01
sevenler	4.01
sevmedim	4.01
sonucunu	4.01
sorumluluğunu	4.01
sorununu	4.01
söylenebilir	4.01
sözleriyle	4.01
sınıfının	4.01
takıldı	4.01
takımımız	4.01
tamamlanmış	4.01
tarafındaki	4.01
taşeron	4.01
taşınabilir	4.01
terapi	4.01
turda	4.01
turkish	4.01
tüfeği	4.01
tırnak	4.01
ultra	4.01
uludağ	4.01
unutmuşum	4.01
uyandım	4.01
valilik	4.01
verirseniz	4.01
vücudunun	4.01
walt	4.01
wi	4.01
yakmak	4.01
yaman	4.01
yapılacağını	4.01
yardim	4.01
yardımcılığı	4.01
yarınki	4.01
yaşandığı	4.01
yiyecekler	4.01
yoğunluk	4.01
zamanını	4.01
zıt	4.01
çantası	4.01
çatısı	4.01
çatışmada	4.01
çağın	4.01
çekerken	4.01
çevirmek	4.01
çözmeye	4.01
özelliklerine	4.01
öğrenince	4.01
üstünlüğü	4.01
ışıl	4.01
şer	4.01
şerit	4.01
şövalye	4.01
afganistan	4.0
alem	4.0
amaçlar	4.0
anlaşmanın	4.0
askerî	4.0
atak	4.0
atarım	4.0
açı	4.0
ağzıma	4.0
ağzında	4.0
badem	4.0
bahçelievler	4.0
bale	4.0
balıkları	4.0
bandı	4.0
bankaya	4.0
bek	4.0
beklediği	4.0
beklediğim	4.0
biraraya	4.0
biricik	4.0
bitkilerin	4.0
bozmak	4.0
bulunarak	4.0
cameron	4.0
cemiyeti	4.0
cenneti	4.0
cennette	4.0
ceyhan	4.0
che	4.0
christopher	4.0
co	4.0
cola	4.0
craig	4.0
dağıtımı	4.0
defter	4.0
demedi	4.0
demeli	4.0
demem	4.0
denizci	4.0
dereceye	4.0
derisi	4.0
diana	4.0
dilimi	4.0
dilleri	4.0
dinsel	4.0
direnişi	4.0
dizel	4.0
doktorun	4.0
dönemden	4.0
döneminden	4.0
dönüşümü	4.0
edeceksin	4.0
ekle	4.0
ekranlarında	4.0
eleştiren	4.0
ellerim	4.0
elleriyle	4.0
enerjiyi	4.0
etmeyecek	4.0
evladım	4.0
finanse	4.0
fincan	4.0
forex	4.0
format	4.0
fragman	4.0
futbolcusu	4.0
gelişi	4.0
gemiyi	4.0
gerekeni	4.0
getirdiler	4.0
getirdim	4.0
geçenlerde	4.0
girdiğinde	4.0
girl	4.0
girmesini	4.0
görürsünüz	4.0
götür	4.0
gözyaşları	4.0
güneşe	4.0
gür	4.0
güya	4.0
hard	4.0
hareketini	4.0
hasat	4.0
hayalleri	4.0
hazırlıkları	4.0
hikayeleri	4.0
hissettiğim	4.0
hükümetinin	4.0
ilişkisini	4.0
inceleyen	4.0
insansın	4.0
iskele	4.0
islamcı	4.0
izole	4.0
işlediği	4.0
işlenen	4.0
julie	4.0
kalkmış	4.0
kampüsü	4.0
kamuoyu	4.0
kamusal	4.0
kaplama	4.0
karakterleri	4.0
kararla	4.0
katiller	4.0
kişilerden	4.0
kişiliği	4.0
kodları	4.0
kolye	4.0
konsept	4.0
konumunda	4.0
konuğu	4.0
konuşun	4.0
korkuyor	4.0
kursu	4.0
kurtuldu	4.0
kurumun	4.0
köylüler	4.0
köyüne	4.0
küba	4.0
light	4.0
lys	4.0
macaristan	4.0
malcolm	4.0
milliyetçilik	4.0
mimarı	4.0
mutluyuz	4.0
nazlı	4.0
nejat	4.0
olmalıyız	4.0
olsunlar	4.0
op	4.0
patronu	4.0
plaj	4.0
plazma	4.0
portekiz	4.0
ralph	4.0
reklamı	4.0
rengini	4.0
saatini	4.0
sanıyorlar	4.0
saran	4.0
saraya	4.0
satıyor	4.0
sağlanan	4.0
sentetik	4.0
seversin	4.0
seçenekleri	4.0
seçin	4.0
sikiş	4.0
soracak	4.0
sorularını	4.0
stone	4.0
suyla	4.0
söylerim	4.0
söylüyorlar	4.0
tanesini	4.0
tanıdığı	4.0
tanımıyorum	4.0
telefonumu	4.0
tevfik	4.0
tosun	4.0
türkistan	4.0
ulaştığı	4.0
ulaşın	4.0
united	4.0
us	4.0
uçar	4.0
vegas	4.0
vereceği	4.0
veritabanı	4.0
virginia	4.0
vuruyor	4.0
warren	4.0
yabancılar	4.0
yang	4.0
yanıp	4.0
yarayan	4.0
yarıya	4.0
yazıldı	4.0
yaşanacak	4.0
yediği	4.0
yengeç	4.0
yöneticiler	4.0
yönetmek	4.0
yürüdü	4.0
çalınan	4.0
çalıp	4.0
çekilmesi	4.0
çim	4.0
çürük	4.0
çıkardım	4.0
öncelik	4.0
öğrencilerinin	4.0
ümraniye	4.0
şekeri	4.0
şükran	4.0
adalar	3.99
adaları	3.99
akademisyenler	3.99
akıncı	3.99
alandaki	3.99
anlıyoruz	3.99
anılar	3.99
araştırmak	3.99
atalay	3.99
atlar	3.99
ayaklar	3.99
aylarca	3.99
ayrılması	3.99
açılışını	3.99
ağaca	3.99
bakarsan	3.99
basamak	3.99
bağlanmış	3.99
başımız	3.99
bb	3.99
belirtilmiştir	3.99
bez	3.99
bilmeniz	3.99
bilmiyorlar	3.99
bitkileri	3.99
bora	3.99
bozma	3.99
bozukluk	3.99
bulaşık	3.99
bulursun	3.99
buradayız	3.99
but	3.99
bölünmüş	3.99
car	3.99
chan	3.99
cömert	3.99
dalış	3.99
davayı	3.99
dc	3.99
dediğimde	3.99
dengesiz	3.99
deposu	3.99
dersini	3.99
değildim	3.99
değiştirerek	3.99
değiştirilmiştir	3.99
doğuş	3.99
dualar	3.99
durduk	3.99
eksi	3.99
emriyle	3.99
esrar	3.99
eşittir	3.99
fevzi	3.99
fiziki	3.99
fren	3.99
furkan	3.99
gazeteler	3.99
gazetelerde	3.99
gerçekleşecek	3.99
geçmedi	3.99
geçmektedir	3.99
girdiler	3.99
gitmiştir	3.99
gore	3.99
gönülden	3.99
görebilirsiniz	3.99
gülüyor	3.99
günlere	3.99
güçlerin	3.99
harap	3.99
harvey	3.99
hayattaki	3.99
hayatınız	3.99
ilişkinin	3.99
ilçeye	3.99
intikamını	3.99
isterken	3.99
isteyenlerin	3.99
itfaiye	3.99
içimdeki	3.99
işimizi	3.99
kabus	3.99
kaldırma	3.99
kaldığımız	3.99
kardeşimin	3.99
karınca	3.99
katılıyor	3.99
kaçıyor	3.99
keith	3.99
kendilerinin	3.99
kuantum	3.99
kurmay	3.99
kuşları	3.99
kuşların	3.99
kızdan	3.99
lg	3.99
little	3.99
live	3.99
lloyd	3.99
malları	3.99
malta	3.99
maskeli	3.99
mobile	3.99
murphy	3.99
müebbet	3.99
mürekkep	3.99
namık	3.99
nar	3.99
nelerdir	3.99
noktalar	3.99
numaram	3.99
odak	3.99
olanağı	3.99
olmakta	3.99
parlamento	3.99
partiyi	3.99
periyodik	3.99
peygamberin	3.99
peyzaj	3.99
polisleri	3.99
psikolog	3.99
rabbi	3.99
rabbimiz	3.99
rektörü	3.99
riskini	3.99
saatin	3.99
sahra	3.99
sal	3.99
salgın	3.99
savcısı	3.99
sayfayı	3.99
saygısızlık	3.99
sembol	3.99
seninki	3.99
sevgisini	3.99
seçtiği	3.99
siparişi	3.99
spora	3.99
style	3.99
sunulmuştur	3.99
sönmez	3.99
sıla	3.99
sınavda	3.99
sıradışı	3.99
takımların	3.99
talimatı	3.99
tarihindeki	3.99
tarihçi	3.99
tarla	3.99
tavsiyesi	3.99
telsiz	3.99
tespiti	3.99
travma	3.99
tutarlı	3.99
tutum	3.99
türkan	3.99
türünün	3.99
unesco	3.99
uğradığı	3.99
varlığın	3.99
veririz	3.99
viyana	3.99
vurup	3.99
was	3.99
wesley	3.99
yapacaksın	3.99
yapamam	3.99
yaparsınız	3.99
yapıda	3.99
yapılmalı	3.99
yarısına	3.99
yaşayanlar	3.99
yaşlarda	3.99
yaşıyordu	3.99
yerlerinden	3.99
yetmiyor	3.99
yönetimin	3.99
yüzeyi	3.99
zekalı	3.99
zil	3.99
çalışmaktan	3.99
çavuşoğlu	3.99
çekiliş	3.99
ödünç	3.99
ölümüyle	3.99
önemsiz	3.99
öneri	3.99
önerilen	3.99
öteye	3.99
ülkesini	3.99
üstünlük	3.99
ıslah	3.99
ığdır	3.99
şarkılarını	3.99
şekline	3.99
şimdilerde	3.99
afedersiniz	3.98
akşamki	3.98
anlayamadım	3.98
anneleri	3.98
arabesk	3.98
arttıkça	3.98
açığı	3.98
aşaması	3.98
aşkını	3.98
bakara	3.98
bankalar	3.98
bağlanan	3.98
bağlanır	3.98
başarıyı	3.98
belde	3.98
belediyesinin	3.98
bense	3.98
bereketli	3.98
beslenen	3.98
bezi	3.98
bildiri	3.98
bilimin	3.98
biliriz	3.98
binip	3.98
birliğinin	3.98
bitene	3.98
buyurun	3.98
böceği	3.98
bölümlerde	3.98
bırakmam	3.98
california	3.98
cana	3.98
canlılar	3.98
ceviz	3.98
davranmak	3.98
demeyi	3.98
destan	3.98
değiştir	3.98
dikkati	3.98
diziye	3.98
diğerlerine	3.98
doldurmak	3.98
doğusunda	3.98
durağı	3.98
duyduk	3.98
düzenlemeler	3.98
düşününce	3.98
eda	3.98
edebilirler	3.98
ediniz	3.98
ediyorsa	3.98
ekin	3.98
eklenen	3.98
eklenir	3.98
enerjinin	3.98
engelleyen	3.98
eserlerin	3.98
etmemek	3.98
farketmez	3.98
francisco	3.98
gemiye	3.98
gerekecek	3.98
gerçekleştirdik	3.98
gezmek	3.98
geçmişten	3.98
gibiyiz	3.98
girmesine	3.98
giyip	3.98
golünü	3.98
gruplara	3.98
göremedim	3.98
götürmek	3.98
günlerdir	3.98
günlüğü	3.98
gürcistan	3.98
haberiniz	3.98
hakkınız	3.98
haklarının	3.98
halkımız	3.98
hanımı	3.98
hap	3.98
hareketle	3.98
hasarı	3.98
hattında	3.98
hayallerini	3.98
hazırlandı	3.98
herşeyden	3.98
hizmetine	3.98
huzurunda	3.98
hızıyla	3.98
iddialar	3.98
ilin	3.98
ilçesinin	3.98
iranlı	3.98
iskenderun	3.98
isteme	3.98
istemediğim	3.98
içer	3.98
juan	3.98
kafkas	3.98
kaliforniya	3.98
kalkanı	3.98
kalkıyor	3.98
kanın	3.98
kapitalist	3.98
kariyeri	3.98
karlı	3.98
karşılaşmada	3.98
kata	3.98
katan	3.98
katılımcılar	3.98
kavramları	3.98
kaybediyor	3.98
kayıtsız	3.98
kemiği	3.98
kenarına	3.98
kendilerinden	3.98
kente	3.98
kesilen	3.98
koltukta	3.98
konulan	3.98
kopyası	3.98
koymaya	3.98
krallığı	3.98
kullandığını	3.98
kullanması	3.98
kupon	3.98
kurar	3.98
kurmayı	3.98
kurtarır	3.98
kuruyor	3.98
kusur	3.98
kırıp	3.98
level	3.98
meriç	3.98
mezarı	3.98
miting	3.98
mobilya	3.98
modası	3.98
müddetçe	3.98
müzikal	3.98
nitelikli	3.98
office	3.98
old	3.98
olmayacaktır	3.98
olsanız	3.98
orantılı	3.98
organı	3.98
ormanda	3.98
ormanı	3.98
osmangazi	3.98
otelin	3.98
oynamayı	3.98
oynanacak	3.98
politikalar	3.98
pozisyonda	3.98
randy	3.98
raporları	3.98
ren	3.98
rezalet	3.98
riske	3.98
ruhani	3.98
ruhları	3.98
rusça	3.98
sanıyorsunuz	3.98
saçların	3.98
saçmalık	3.98
sağdan	3.98
serinin	3.98
sevgiyi	3.98
sezar	3.98
silivri	3.98
sin	3.98
sistemiyle	3.98
sivasspor	3.98
sokaklara	3.98
soyadını	3.98
sözcüğü	3.98
sözlerine	3.98
sürerken	3.98
sınırlar	3.98
tahsin	3.98
tanıdım	3.98
tanışma	3.98
tarsus	3.98
tasarruf	3.98
tatilde	3.98
tehdidi	3.98
telgraf	3.98
temizleme	3.98
teröristlerin	3.98
tezi	3.98
teşebbüs	3.98
toplamaya	3.98
topları	3.98
tüketim	3.98
türüne	3.98
unsurları	3.98
uyguladığı	3.98
uzağa	3.98
vaftiz	3.98
vatandaşlar	3.98
vaz	3.98
vera	3.98
vereceksin	3.98
verilmesini	3.98
vietnam	3.98
xx	3.98
yapacaksınız	3.98
yapman	3.98
yasaktır	3.98
yatağı	3.98
yazacağım	3.98
yaşamına	3.98
yedin	3.98
yerinin	3.98
yeryüzü	3.98
yeşim	3.98
yoga	3.98
yollarla	3.98
yükünü	3.98
yüzündeki	3.98
zenginlik	3.98
çalışmaların	3.98
çalıştılar	3.98
çağlar	3.98
çeki	3.98
çevrede	3.98
çikolatalı	3.98
çiğdem	3.98
öldürdüğü	3.98
önderliğinde	3.98
önlemler	3.98
örgütler	3.98
özge	3.98
öğrencilerine	3.98
öğrenciye	3.98
öğüt	3.98
üretimine	3.98
ılık	3.98
ışın	3.98
şampiyonluğa	3.98
şanlı	3.98
şifreli	3.98
şirketine	3.98
aaa	3.97
aaron	3.97
acılar	3.97
aksini	3.97
aktaş	3.97
akşener	3.97
albümünde	3.97
aletler	3.97
almışlar	3.97
altta	3.97
anlatılan	3.97
anlatırken	3.97
anlaştı	3.97
attılar	3.97
aöf	3.97
bahadır	3.97
basitçe	3.97
başkanım	3.97
başkasıyla	3.97
bbc	3.97
bedelli	3.97
belgeseli	3.97
belirtildi	3.97
belirtiler	3.97
bizlerin	3.97
bn	3.97
borsası	3.97
boyutları	3.97
bulanık	3.97
business	3.97
büro	3.97
büyüklük	3.97
büyümüş	3.97
bırakmadı	3.97
bıraktık	3.97
carol	3.97
casusluk	3.97
color	3.97
dalgası	3.97
danimarka	3.97
darp	3.97
derseniz	3.97
devletine	3.97
dip	3.97
diyorsan	3.97
dişli	3.97
doğrusunu	3.97
dürüstlük	3.97
düzeltme	3.97
düzenlemek	3.97
düşündüğünü	3.97
ederdim	3.97
edildiğinde	3.97
enes	3.97
eninde	3.97
etmediği	3.97
ettirmek	3.97
eyleme	3.97
ezan	3.97
ezgi	3.97
eşdeğer	3.97
faktörler	3.97
ferit	3.97
fiili	3.97
filmlerin	3.97
geldiğimiz	3.97
gelebilecek	3.97
geliyorlar	3.97
gelişimini	3.97
geliştirmeye	3.97
gereğini	3.97
getirilmiştir	3.97
geçince	3.97
geçirmez	3.97
girdiğini	3.97
good	3.97
guy	3.97
gördükten	3.97
göreceksin	3.97
görülmeye	3.97
görüşmeleri	3.97
gözlerimin	3.97
gözlüğü	3.97
hadise	3.97
halim	3.97
houston	3.97
huzursuz	3.97
ibb	3.97
imal	3.97
istikrarlı	3.97
istisna	3.97
işinden	3.97
işinizi	3.97
işçilerin	3.97
jeremy	3.97
kalıntıları	3.97
kanallar	3.97
kapatılması	3.97
kardeşleri	3.97
karşımda	3.97
kasabada	3.97
kavramını	3.97
kaynakların	3.97
kemeri	3.97
kilitli	3.97
know	3.97
konumunu	3.97
kullanılacak	3.97
kırma	3.97
lawrence	3.97
line	3.97
logo	3.97
mantığı	3.97
milletimiz	3.97
modelinin	3.97
muhammet	3.97
muhatap	3.97
müge	3.97
nazaran	3.97
nelson	3.97
neo	3.97
nicole	3.97
norveç	3.97
objektif	3.97
official	3.97
ohh	3.97
olmanızı	3.97
oranın	3.97
otellerde	3.97
puanlar	3.97
reddedildi	3.97
reisi	3.97
reşit	3.97
romeo	3.97
sahibidir	3.97
sanık	3.97
savaşlar	3.97
sayılmaz	3.97
sesimi	3.97
seslerini	3.97
sevişmek	3.97
seyret	3.97
siyasetin	3.97
song	3.97
sonraları	3.97
sophie	3.97
sosyoloji	3.97
sözlerin	3.97
sürdürmektedir	3.97
sürecin	3.97
sürmek	3.97
sırtında	3.97
tabloda	3.97
takılıp	3.97
tarikat	3.97
tedirgin	3.97
teslimat	3.97
tipleri	3.97
trilyon	3.97
tu	3.97
tyler	3.97
tövbe	3.97
uygulayan	3.97
uygundur	3.97
uğraşmak	3.97
vakıflar	3.97
vural	3.97
yaka	3.97
yaklaştı	3.97
yakınları	3.97
yalanlar	3.97
yanlarında	3.97
yanlısı	3.97
yaptırmak	3.97
yapımına	3.97
yapısının	3.97
yarbay	3.97
yatırımı	3.97
yazarım	3.97
yenilen	3.97
yolumuz	3.97
yoğurt	3.97
yrd	3.97
yurtdışında	3.97
yönündeki	3.97
yürekten	3.97
yürüyüşe	3.97
yılındaki	3.97
çalışırlar	3.97
çekmeyi	3.97
çiçekli	3.97
çıkarları	3.97
çıktın	3.97
ödün	3.97
ölmeye	3.97
özerk	3.97
ırkçılık	3.97
şehrine	3.97
şeyini	3.97
alanlarının	3.96
almaktan	3.96
amacım	3.96
anlatılır	3.96
anlatın	3.96
antakya	3.96
antep	3.96
anın	3.96
araştırmalara	3.96
arkadaşlarıma	3.96
arttırmak	3.96
atışı	3.96
ayaklarını	3.96
aynaya	3.96
ayrımcılık	3.96
ayşegül	3.96
açıkta	3.96
ağızdan	3.96
bahsetti	3.96
bakanlığına	3.96
balina	3.96
bardağı	3.96
batısında	3.96
bağlantılar	3.96
başlanmıştır	3.96
bebeğe	3.96
binaları	3.96
binaların	3.96
binasına	3.96
birbirlerinin	3.96
birincil	3.96
birisin	3.96
bitmeden	3.96
bond	3.96
boyutta	3.96
bozulmuş	3.96
bulaşıcı	3.96
bulduğunu	3.96
bulgular	3.96
bulunduran	3.96
bulurlar	3.96
büyüsü	3.96
bırakmıyor	3.96
check	3.96
cole	3.96
devriye	3.96
değersiz	3.96
değiştirildi	3.96
dileğiyle	3.96
dille	3.96
dinî	3.96
doğacak	3.96
doğdun	3.96
doğruya	3.96
durumunun	3.96
duruyorum	3.96
duyguların	3.96
dönerek	3.96
dünden	3.96
düzeltmek	3.96
düşmek	3.96
edemem	3.96
elinin	3.96
emily	3.96
ermeniler	3.96
esasen	3.96
etmelisiniz	3.96
eviniz	3.96
evlere	3.96
eyvah	3.96
feneri	3.96
flört	3.96
gecen	3.96
geldiğince	3.96
gelenleri	3.96
genişliği	3.96
gerçekleştiği	3.96
geçmişti	3.96
giriyoruz	3.96
gitmedi	3.96
gururla	3.96
görünmüyor	3.96
görüşünü	3.96
gösterileri	3.96
gösterişli	3.96
güvenmek	3.96
güvercin	3.96
güçlüdür	3.96
haftaki	3.96
hakkımızda	3.96
hareketsiz	3.96
hediyeler	3.96
hızda	3.96
iddialı	3.96
ilgimi	3.96
inde	3.96
ismim	3.96
istersiniz	3.96
istesem	3.96
isteyecek	3.96
istila	3.96
istişare	3.96
izlenme	3.96
içindedir	3.96
işimi	3.96
iştir	3.96
junior	3.96
just	3.96
kadim	3.96
kahvaltıda	3.96
kalitesini	3.96
kalırsın	3.96
kanatları	3.96
kapasite	3.96
karayolları	3.96
kardeşin	3.96
karşılandı	3.96
katkıları	3.96
katılması	3.96
katılır	3.96
kitaptan	3.96
kolaylık	3.96
koltuğa	3.96
konan	3.96
kulağa	3.96
kurduk	3.96
kutlamak	3.96
kıskançlık	3.96
kısımda	3.96
kıyafeti	3.96
luk	3.96
madencilik	3.96
makamı	3.96
makineler	3.96
marş	3.96
maçlarında	3.96
meseleyi	3.96
mevkiinde	3.96
mevlüt	3.96
midem	3.96
müfettiş	3.96
mülkiyet	3.96
nispeten	3.96
okullara	3.96
olmadığım	3.96
olmalısınız	3.96
olmayın	3.96
operasyonda	3.96
oranını	3.96
ortası	3.96
pasifik	3.96
port	3.96
raporunu	3.96
restore	3.96
sahiplerine	3.96
salona	3.96
sarayda	3.96
sağlamıştır	3.96
senato	3.96
sendika	3.96
sendin	3.96
sera	3.96
sigortası	3.96
silmek	3.96
siteden	3.96
sodyum	3.96
sokaklarında	3.96
sonuçlandı	3.96
start	3.96
store	3.96
sıralamasında	3.96
takipçisi	3.96
tanıttı	3.96
tecrübeli	3.96
teşhisi	3.96
tm	3.96
topraklarında	3.96
toptan	3.96
tost	3.96
tramvay	3.96
trans	3.96
türüdür	3.96
tıkla	3.96
unvan	3.96
uzmanlar	3.96
verirsen	3.96
vladimir	3.96
vurur	3.96
watson	3.96
yakasında	3.96
yanmış	3.96
yansıtan	3.96
yapmıştım	3.96
yapsam	3.96
yarıyor	3.96
yayılmış	3.96
yaşamanın	3.96
yemekte	3.96
yetti	3.96
yukarıdan	3.96
yönetilen	3.96
yönetimler	3.96
yöresel	3.96
yörük	3.96
yıldızların	3.96
zehra	3.96
çalmak	3.96
çekirdeği	3.96
çevreye	3.96
çevrim	3.96
çocuklardan	3.96
çıkarlar	3.96
öl	3.96
örgütüne	3.96
öğretmenim	3.96
üniversiteden	3.96
ablası	3.95
acılı	3.95
adaylık	3.95
akıp	3.95
alacaktır	3.95
anime	3.95
apaçık	3.95
app	3.95
araçların	3.95
arkadaşa	3.95
arkeolojik	3.95
arşivi	3.95
asır	3.95
atlama	3.95
attık	3.95
avukatları	3.95
bahsettiğim	3.95
barbaros	3.95
bariz	3.95
basket	3.95
bayrakları	3.95
bayraktar	3.95
bağları	3.95
bağımlısı	3.95
belirtisi	3.95
bell	3.95
benzerlik	3.95
bilinci	3.95
biliyorlar	3.95
birbirlerinden	3.95
boynuna	3.95
bulabilir	3.95
büyücü	3.95
camı	3.95
cehennemin	3.95
cezaevine	3.95
cihat	3.95
collins	3.95
dalgalar	3.95
davranan	3.95
davranışlar	3.95
davut	3.95
defans	3.95
delice	3.95
departmanı	3.95
desteklenen	3.95
desteğe	3.95
değiştirip	3.95
dinleyen	3.95
dinliyor	3.95
diyebilir	3.95
dolap	3.95
doların	3.95
doludur	3.95
dolunay	3.95
düğüm	3.95
düşeni	3.95
edenlere	3.95
editör	3.95
eh	3.95
ekranı	3.95
ellen	3.95
enfes	3.95
etken	3.95
eğilimi	3.95
eğitimci	3.95
finalinde	3.95
fırsatını	3.95
gasp	3.95
geldiğimde	3.95
geleyim	3.95
gelirdi	3.95
gelmesiyle	3.95
gelmeyi	3.95
gezisi	3.95
gidiyorlar	3.95
girişiminin	3.95
girişinde	3.95
gittiğimde	3.95
giymek	3.95
görmemiş	3.95
göstermesi	3.95
gözümü	3.95
gülümseme	3.95
günay	3.95
gürültülü	3.95
haberlere	3.95
hakimi	3.95
hakkinda	3.95
halidir	3.95
happy	3.95
harbiden	3.95
hastaları	3.95
hattının	3.95
hazırlar	3.95
hidrojen	3.95
hollandalı	3.95
hızır	3.95
ifadeler	3.95
ifadeleri	3.95
ihlali	3.95
ihtiyar	3.95
ilerlemeye	3.95
ilmi	3.95
inegöl	3.95
insanoğlunun	3.95
istatistikleri	3.95
istenmeyen	3.95
isteğim	3.95
isteğini	3.95
izliyoruz	3.95
izniyle	3.95
işaretler	3.95
işlerde	3.95
jo	3.95
kalbimin	3.95
kaldıran	3.95
karen	3.95
kast	3.95
kategoride	3.95
kayıplar	3.95
keman	3.95
kendinde	3.95
korktum	3.95
koyarak	3.95
kuruluşunun	3.95
köpük	3.95
kılar	3.95
kırılma	3.95
kıymet	3.95
leş	3.95
mahmud	3.95
mani	3.95
marilyn	3.95
markalar	3.95
mektupları	3.95
mekân	3.95
mücadelesini	3.95
müjde	3.95
mülakat	3.95
müslümanları	3.95
müttefik	3.95
müzikler	3.95
müziğe	3.95
namazını	3.95
nasılsınız	3.95
nelere	3.95
nezaket	3.95
nicholas	3.95
niteliği	3.95
okuldaki	3.95
olamadı	3.95
olaylardan	3.95
olmalarına	3.95
olmayınca	3.95
oo	3.95
oynayarak	3.95
paneli	3.95
patent	3.95
pir	3.95
potasyum	3.95
problemler	3.95
psikiyatri	3.95
pusu	3.95
rahatlık	3.95
reaksiyon	3.95
reyting	3.95
rom	3.95
saldırısına	3.95
sarıkaya	3.95
sayende	3.95
sağlayarak	3.95
senatör	3.95
seyyid	3.95
sezgin	3.95
seçiminde	3.95
shop	3.95
sistemlerinde	3.95
sitesinden	3.95
sonlarında	3.95
stili	3.95
söyledik	3.95
söylesene	3.95
sınıfına	3.95
tabiat	3.95
tarayıcı	3.95
tecavüze	3.95
tepkisi	3.95
tokyo	3.95
topal	3.95
trafiği	3.95
tuncer	3.95
tutarak	3.95
türklere	3.95
unuttun	3.95
uyuyan	3.95
uçakla	3.95
verebilecek	3.95
verilerin	3.95
vurgu	3.95
yakala	3.95
yaktı	3.95
yakını	3.95
yalnızım	3.95
yansıdı	3.95
yapabileceği	3.95
yapmayan	3.95
yapılanması	3.95
yatar	3.95
yatılı	3.95
yaşanmış	3.95
yönleri	3.95
zamanlarında	3.95
zombi	3.95
çevirmen	3.95
çıkarılması	3.95
ödüyor	3.95
ölürüm	3.95
öncülüğünde	3.95
önerdi	3.95
özürlü	3.95
üniversiteli	3.95
üretime	3.95
ırmak	3.95
şeffaf	3.95
şefkat	3.95
şeydi	3.95
şifresi	3.95
şudur	3.95
acar	3.94
aciz	3.94
agresif	3.94
aileyi	3.94
aktivite	3.94
akışını	3.94
alim	3.94
anıt	3.94
araplar	3.94
arkadaşlarımın	3.94
arkadaşımla	3.94
arkadaşıyla	3.94
avro	3.94
aylin	3.94
açılmasına	3.94
babaları	3.94
baby	3.94
bad	3.94
bakarız	3.94
bakmadan	3.94
başkanının	3.94
bekleriz	3.94
benlik	3.94
bilgisayara	3.94
bilhassa	3.94
birliğini	3.94
bizimkiler	3.94
buldun	3.94
büyükler	3.94
büyür	3.94
cebinde	3.94
cezayı	3.94
davetiye	3.94
dayanamıyorum	3.94
delilik	3.94
demesi	3.94
demeyin	3.94
değerin	3.94
diyemem	3.94
dokunmatik	3.94
döndük	3.94
dönümü	3.94
düğüne	3.94
düşmana	3.94
düşünüyordu	3.94
eleştirel	3.94
elinizi	3.94
endüstrisi	3.94
engelliler	3.94
erkin	3.94
esenler	3.94
etrafta	3.94
ettiğine	3.94
evrende	3.94
eğlenmek	3.94
faktör	3.94
fast	3.94
faydaları	3.94
felix	3.94
galibiyeti	3.94
geldikten	3.94
geldiğim	3.94
geliyorsa	3.94
gemide	3.94
gevşek	3.94
gezgin	3.94
girmez	3.94
gitmesini	3.94
greg	3.94
grev	3.94
gölbaşı	3.94
gösterildi	3.94
gözlerinden	3.94
güncellemesi	3.94
gündelik	3.94
gürsel	3.94
habere	3.94
hakkıyla	3.94
halindeki	3.94
hans	3.94
havalandırma	3.94
hayranları	3.94
hazırlıklı	3.94
hocalar	3.94
hücrelerin	3.94
hırsızlar	3.94
iltifat	3.94
incelemesi	3.94
istediğinizi	3.94
istendi	3.94
istiyorsak	3.94
iyileşme	3.94
izini	3.94
izleyerek	3.94
içiyor	3.94
julian	3.94
kabataş	3.94
kafan	3.94
kaldırın	3.94
kanaat	3.94
kanalda	3.94
kapanış	3.94
karabükspor	3.94
kardeşime	3.94
kasıtlı	3.94
kaynaklarını	3.94
keyifle	3.94
kontenjan	3.94
konuşmanın	3.94
korkarım	3.94
korkmayın	3.94
koyduk	3.94
koşullarda	3.94
kucak	3.94
kucağına	3.94
kullanılıyor	3.94
kurulunda	3.94
kuyu	3.94
kuzeyde	3.94
kıbrıslı	3.94
kılıcı	3.94
kızlardan	3.94
laiklik	3.94
laz	3.94
led	3.94
liyakat	3.94
lokma	3.94
louise	3.94
makedonya	3.94
maskesi	3.94
mc	3.94
mitchell	3.94
msn	3.94
mutfağa	3.94
müzakere	3.94
müşteriler	3.94
neleri	3.94
neresinde	3.94
news	3.94
neyim	3.94
olamadım	3.94
olamayacak	3.94
oluşturulması	3.94
oranına	3.94
ormanlık	3.94
oya	3.94
oynuyorum	3.94
parçalı	3.94
paylaş	3.94
pete	3.94
pilotu	3.94
prensesi	3.94
prensi	3.94
radar	3.94
resimlerini	3.94
rio	3.94
rocky	3.94
royal	3.94
ruj	3.94
rutin	3.94
rüyası	3.94
rızası	3.94
sahipti	3.94
sahneler	3.94
sakal	3.94
samsunspor	3.94
santrali	3.94
satıcı	3.94
sevinci	3.94
seçimlerin	3.94
sokakları	3.94
soyut	3.94
sp	3.94
standartları	3.94
sunum	3.94
sınırına	3.94
taht	3.94
talip	3.94
tamer	3.94
tapınak	3.94
taraftaki	3.94
tarihlerde	3.94
tatlılar	3.94
temelleri	3.94
tercihi	3.94
topraklara	3.94
toprakların	3.94
turnuva	3.94
tuttum	3.94
tuş	3.94
türkçesi	3.94
ulaşması	3.94
umrunda	3.94
unutmayalım	3.94
versiyon	3.94
yaa	3.94
yapanların	3.94
yapmaları	3.94
yapmalıyım	3.94
yapsak	3.94
yapınca	3.94
yarının	3.94
yatıp	3.94
yazıcı	3.94
yaşındaydı	3.94
yenilgi	3.94
yenilik	3.94
yerleşen	3.94
yeterlidir	3.94
yükseliş	3.94
zerre	3.94
ziyan	3.94
çalışanların	3.94
çalışmasına	3.94
çalıştığımız	3.94
çan	3.94
çapa	3.94
çatlak	3.94
çilek	3.94
çizgisi	3.94
çöktü	3.94
öldüm	3.94
ölmeyi	3.94
ölümünü	3.94
ömürlü	3.94
öğrenecek	3.94
ım	3.94
ıs	3.94
şairin	3.94
şevket	3.94
şiirin	3.94
şirketlerin	3.94
ahmak	3.93
ajda	3.93
akabinde	3.93
akalın	3.93
aktarma	3.93
alacaksınız	3.93
algılama	3.93
almamış	3.93
almayın	3.93
amacımız	3.93
anlayacak	3.93
april	3.93
arabayla	3.93
aralıklarla	3.93
arkadaşlara	3.93
azalıyor	3.93
azı	3.93
açıklık	3.93
babamla	3.93
babasıyla	3.93
babaya	3.93
bacakları	3.93
baktığını	3.93
balkon	3.93
bam	3.93
basım	3.93
basıp	3.93
batıda	3.93
bayım	3.93
bağlantıyı	3.93
başının	3.93
bedenin	3.93
bekliyorlar	3.93
bilirler	3.93
binasında	3.93
birbiri	3.93
birbirinin	3.93
bordo	3.93
bulunuyordu	3.93
bulutlar	3.93
buluşmaya	3.93
böcekler	3.93
cehennemde	3.93
central	3.93
dansçı	3.93
dağa	3.93
demo	3.93
deplasman	3.93
desteklediği	3.93
devirde	3.93
değerlerini	3.93
değişebilir	3.93
değişikliğe	3.93
değişmedi	3.93
değiştirilmiş	3.93
değiştirmiş	3.93
dikkatine	3.93
dns	3.93
dokunmak	3.93
dolardan	3.93
dolaşıyor	3.93
dosyalar	3.93
düşerek	3.93
ebeveyn	3.93
efsanesi	3.93
egemenliği	3.93
ekibine	3.93
ekipman	3.93
elinizden	3.93
emekçi	3.93
ersin	3.93
ethem	3.93
etmelerini	3.93
evlenir	3.93
express	3.93
fbı	3.93
fenomen	3.93
fiat	3.93
first	3.93
ft	3.93
geliyorsun	3.93
gelmeyen	3.93
gelsene	3.93
gerekirken	3.93
gerçekleşmiştir	3.93
getirmeyi	3.93
gezip	3.93
geçirecek	3.93
giydi	3.93
graham	3.93
görevinde	3.93
götürüp	3.93
hafifçe	3.93
hakemi	3.93
harbiye	3.93
hatlar	3.93
hayatımızda	3.93
hit	3.93
hoşgörü	3.93
hukuka	3.93
imzası	3.93
inanma	3.93
indirildi	3.93
irtibata	3.93
isyanı	3.93
içen	3.93
işlerinde	3.93
işliyor	3.93
janet	3.93
jon	3.93
kabuk	3.93
kahramanları	3.93
kalmadan	3.93
kalmasın	3.93
kamuya	3.93
kanunlar	3.93
kapısında	3.93
kararname	3.93
kararına	3.93
karışmış	3.93
karşılaştı	3.93
kategorisi	3.93
kaybettiğini	3.93
kesintisi	3.93
kimle	3.93
koleksiyon	3.93
konsantre	3.93
konulara	3.93
konuştuğu	3.93
korunma	3.93
koyacak	3.93
kulübüne	3.93
kurtarmaya	3.93
kurtulan	3.93
kurulacak	3.93
lazımdı	3.93
linki	3.93
manzarası	3.93
masanın	3.93
mat	3.93
matematiksel	3.93
mia	3.93
miles	3.93
mimarisi	3.93
mimarlar	3.93
monica	3.93
mücadelesinde	3.93
mümin	3.93
niteliğinde	3.93
normale	3.93
now	3.93
nün	3.93
olmuştum	3.93
onarım	3.93
onaylandı	3.93
orkestra	3.93
ortaklığı	3.93
oyunların	3.93
parçaya	3.93
pazara	3.93
perakende	3.93
perry	3.93
pişmiş	3.93
playstation	3.93
prensip	3.93
promosyon	3.93
puanları	3.93
rahatlıkla	3.93
rahmi	3.93
rengarenk	3.93
resimli	3.93
risale	3.93
rıdvan	3.93
sahibini	3.93
sahibiz	3.93
saman	3.93
sayılabilir	3.93
sağlayabilir	3.93
sevginin	3.93
seviyeli	3.93
seyit	3.93
seçer	3.93
seçilir	3.93
sindirim	3.93
sistemlerini	3.93
slogan	3.93
sorunum	3.93
sosu	3.93
sunu	3.93
söyleyince	3.93
söze	3.93
sürüldü	3.93
sınıftan	3.93
takibe	3.93
takiben	3.93
takipçi	3.93
tamamlamak	3.93
tanımlama	3.93
tatar	3.93
taviz	3.93
taştan	3.93
temsilci	3.93
temyiz	3.93
teoman	3.93
tik	3.93
toplanmış	3.93
turk	3.93
törenine	3.93
uydurma	3.93
uygulamak	3.93
uzaylı	3.93
uzunca	3.93
vardım	3.93
varlığının	3.93
vazgeç	3.93
vereceksiniz	3.93
verenler	3.93
wallace	3.93
wifi	3.93
yaptığına	3.93
yaratıklar	3.93
yaratılmış	3.93
yatarken	3.93
yayımladı	3.93
yaşadığınız	3.93
yetiştirme	3.93
yoldaş	3.93
yoludur	3.93
yönlendirme	3.93
yüzyıllar	3.93
yıkılan	3.93
çalışacağım	3.93
çalışmada	3.93
çetesi	3.93
çevir	3.93
çivi	3.93
çocuğunuz	3.93
ödeyecek	3.93
öğretti	3.93
ül	3.93
üretimini	3.93
üzerini	3.93
şansımız	3.93
şeriat	3.93
şöhret	3.93
abdülkadir	3.92
admin	3.92
alabilmek	3.92
american	3.92
anlamam	3.92
anlayamıyorum	3.92
araca	3.92
asistan	3.92
ateşle	3.92
ayarı	3.92
açtık	3.92
açıklamasını	3.92
ağlamaya	3.92
bahsediyoruz	3.92
bahçesine	3.92
bakarsanız	3.92
bakmayı	3.92
bang	3.92
bankanın	3.92
barut	3.92
barışın	3.92
basan	3.92
baskını	3.92
bağışla	3.92
başlatan	3.92
beyzbol	3.92
bilgisayarın	3.92
binden	3.92
binin	3.92
birbirinize	3.92
birliğin	3.92
bitirdikten	3.92
bitiş	3.92
bittiğini	3.92
bizimki	3.92
bozuklukları	3.92
bugünü	3.92
bulamazsın	3.92
buzdolabı	3.92
bölgelerine	3.92
bırakmaz	3.92
candy	3.92
caroline	3.92
cinsellik	3.92
claire	3.92
clara	3.92
dale	3.92
dalgaları	3.92
dedem	3.92
demokrasiye	3.92
deneyimli	3.92
destanı	3.92
değişime	3.92
değişmektedir	3.92
dikkatleri	3.92
dikkatlice	3.92
dokuzuncu	3.92
dolmuş	3.92
doğrulama	3.92
durmaya	3.92
duvarın	3.92
dörtte	3.92
düzenlenecek	3.92
düzenlenir	3.92
düzenlenmesi	3.92
düşünüyorsun	3.92
düşürdü	3.92
edilmelidir	3.92
ekipleri	3.92
ekiplerinden	3.92
elektromanyetik	3.92
elçi	3.92
entelektüel	3.92
erbakan	3.92
etkileşimi	3.92
etkisinin	3.92
etmen	3.92
evladı	3.92
eğri	3.92
eşleri	3.92
eşref	3.92
fedakarlık	3.92
ferah	3.92
fit	3.92
food	3.92
fotoğrafın	3.92
futbola	3.92
fıkıh	3.92
fırlatma	3.92
galata	3.92
gebze	3.92
geldikleri	3.92
gelişmeleri	3.92
gençlerbirliği	3.92
gercekten	3.92
gereğinden	3.92
gey	3.92
geçebilir	3.92
gt	3.92
göle	3.92
gördükleri	3.92
gösterilir	3.92
güngör	3.92
hafife	3.92
hane	3.92
hastalığına	3.92
haç	3.92
hekimliği	3.92
hidrolik	3.92
high	3.92
hisseder	3.92
hyun	3.92
hüzün	3.92
hızında	3.92
ibni	3.92
ikincil	3.92
ilyas	3.92
incil	3.92
iner	3.92
irem	3.92
irlandalı	3.92
izlediği	3.92
içiyorum	3.92
işgali	3.92
joan	3.92
kaldırılan	3.92
kararsız	3.92
kasten	3.92
kaynaklardan	3.92
kaynaklarının	3.92
kaçmayı	3.92
kaçırdı	3.92
kaçırmayın	3.92
kedisi	3.92
kemikleri	3.92
kennedy	3.92
kimlerin	3.92
kiz	3.92
koluna	3.92
komiser	3.92
konuştum	3.92
korkar	3.92
kulağına	3.92
kullanımının	3.92
kullanışlı	3.92
kurulur	3.92
köyleri	3.92
küre	3.92
maddede	3.92
medyası	3.92
memnunum	3.92
mendil	3.92
mine	3.92
mutluluğunu	3.92
night	3.92
nine	3.92
olayına	3.92
olsaydın	3.92
oluştuğu	3.92
ordusuna	3.92
osmanlıca	3.92
oturum	3.92
oylaması	3.92
partide	3.92
parçaların	3.92
paylaşıyor	3.92
payını	3.92
pelin	3.92
peşin	3.92
pilav	3.92
röportajı	3.92
rüyada	3.92
sanatçıların	3.92
satıldı	3.92
sayfaları	3.92
saygılar	3.92
saygılarımla	3.92
sayının	3.92
sağlamış	3.92
sendikası	3.92
sev	3.92
seçici	3.92
seçimden	3.92
skandal	3.92
smart	3.92
stadyumu	3.92
stand	3.92
söylesin	3.92
sür	3.92
tahıl	3.92
taksit	3.92
tamamdır	3.92
tamamlayarak	3.92
taşınması	3.92
tedavisinde	3.92
tepesinde	3.92
terminal	3.92
topraklarına	3.92
turları	3.92
turner	3.92
tutkulu	3.92
uçaklar	3.92
uçağa	3.92
varlıklar	3.92
varlıkları	3.92
verilerek	3.92
veriyorsun	3.92
vücudunda	3.92
war	3.92
yakıyor	3.92
yanma	3.92
yapmakla	3.92
yapılırken	3.92
yararına	3.92
yasaklandı	3.92
yaşananlar	3.92
yaşanır	3.92
yaşları	3.92
yemeyi	3.92
yenilikçi	3.92
yenisi	3.92
yetişkinler	3.92
yil	3.92
yüklenen	3.92
yükselir	3.92
yürüttüğü	3.92
zamankinden	3.92
zamanının	3.92
çalışmalarıyla	3.92
çağda	3.92
çıkacağını	3.92
ödüller	3.92
önleme	3.92
özgürlüğünü	3.92
üretilmektedir	3.92
üretiminin	3.92
üretmeye	3.92
ürünün	3.92
üstte	3.92
üçe	3.92
ışıklı	3.92
şansınız	3.92
şehirleri	3.92
şunun	3.92
alamadım	3.91
aleyhi	3.91
alıyorsunuz	3.91
amazon	3.91
amel	3.91
anladınız	3.91
anlatıldığı	3.91
anlaşmayı	3.91
antika	3.91
anıtı	3.91
aracının	3.91
aramızdaki	3.91
arpa	3.91
asistanı	3.91
aslen	3.91
atarken	3.91
atölyesi	3.91
ayaklı	3.91
ayrılarak	3.91
ayından	3.91
babasından	3.91
bakkal	3.91
bakılırsa	3.91
barışçıl	3.91
başladıktan	3.91
belirsizlik	3.91
bine	3.91
bini	3.91
britanya	3.91
bulamadı	3.91
buldular	3.91
bulunduğum	3.91
buluşması	3.91
bulvarı	3.91
bölük	3.91
büyümesi	3.91
canlıların	3.91
cemaatler	3.91
chelsea	3.91
colin	3.91
cool	3.91
dakikaya	3.91
damga	3.91
dediğinde	3.91
derde	3.91
destekliyor	3.91
değerinin	3.91
değildik	3.91
değişikliğine	3.91
diler	3.91
dilinin	3.91
doldurarak	3.91
doç	3.91
doğaya	3.91
duyurusu	3.91
döndüğü	3.91
dönüşüyor	3.91
düzenlenmiştir	3.91
edgar	3.91
ekranlara	3.91
ellerimi	3.91
empati	3.91
emrine	3.91
endeksi	3.91
enerjisini	3.91
erdemli	3.91
eriyor	3.91
etkiliyor	3.91
etkinlikte	3.91
etkiye	3.91
etmiştim	3.91
ettiren	3.91
eyaleti	3.91
fabrikasında	3.91
faturası	3.91
festivalinde	3.91
filosu	3.91
fonksiyonları	3.91
formasını	3.91
formayı	3.91
formda	3.91
fotoğrafta	3.91
fu	3.91
fırtınası	3.91
gazetenin	3.91
gecesinde	3.91
gecikme	3.91
gelişir	3.91
gelişti	3.91
gerçekleşmesi	3.91
getirilir	3.91
gezici	3.91
geçmiyor	3.91
gideceğiz	3.91
gitmesine	3.91
gönderilir	3.91
gönderiyorum	3.91
görerek	3.91
görgü	3.91
görüşler	3.91
görüşmeye	3.91
güvenen	3.91
güvenmiyorum	3.91
had	3.91
haftadan	3.91
havayolları	3.91
hazırlanmıştır	3.91
hekimler	3.91
hidayet	3.91
holmes	3.91
how	3.91
hunter	3.91
ikimizde	3.91
ilgilendiren	3.91
insanlığı	3.91
ipi	3.91
isimle	3.91
iskelet	3.91
isminde	3.91
işime	3.91
işlerle	3.91
işçisi	3.91
jeffrey	3.91
kademeli	3.91
kafalı	3.91
kahramanlık	3.91
kalabilir	3.91
kalırım	3.91
kameralar	3.91
kanatlı	3.91
kanunla	3.91
kapanan	3.91
katılın	3.91
kazada	3.91
kağıda	3.91
keyfine	3.91
keçiören	3.91
kilis	3.91
kitty	3.91
koltuğu	3.91
konaklama	3.91
koşuyor	3.91
kulu	3.91
kulüpleri	3.91
kutluyorum	3.91
linda	3.91
lisanslı	3.91
malın	3.91
mayın	3.91
md	3.91
mevki	3.91
mevzu	3.91
mikrofon	3.91
milyonluk	3.91
motive	3.91
muamelesi	3.91
muammer	3.91
mücevher	3.91
neticede	3.91
olabilen	3.91
olduklarından	3.91
olmalarını	3.91
operasyonun	3.91
orgeneral	3.91
otobüste	3.91
otopsi	3.91
oturduğu	3.91
oynuyoruz	3.91
page	3.91
pan	3.91
pet	3.91
propagandası	3.91
ruhumu	3.91
sahile	3.91
sahneyi	3.91
saz	3.91
saçımı	3.91
sağcı	3.91
sağolun	3.91
seyler	3.91
simge	3.91
sokan	3.91
sokağın	3.91
sokmaya	3.91
soykırımı	3.91
statik	3.91
stratejisi	3.91
stuart	3.91
subayı	3.91
sung	3.91
surat	3.91
suçsuz	3.91
sözcükler	3.91
sınavına	3.91
sırayı	3.91
sırrını	3.91
tanrıların	3.91
tarzına	3.91
tekli	3.91
tepesi	3.91
terminali	3.91
turhan	3.91
tüketimi	3.91
tüylü	3.91
tıraş	3.91
umuyorum	3.91
utanıyorum	3.91
uçakta	3.91
uçuyor	3.91
vakası	3.91
vaktinde	3.91
varsayılan	3.91
vermeyecek	3.91
vizyon	3.91
yapacağınız	3.91
yaptırılan	3.91
yaptığımı	3.91
yapılacaktır	3.91
yaratıyor	3.91
yayınlanacak	3.91
yazacak	3.91
yağışlı	3.91
yaşadığın	3.91
yaşaması	3.91
yaşayarak	3.91
yerinizde	3.91
yerleştirilen	3.91
yetkileri	3.91
yetmedi	3.91
yudum	3.91
yönüne	3.91
yürekli	3.91
yürür	3.91
zekeriya	3.91
çaldığı	3.91
çalma	3.91
çapta	3.91
çevresine	3.91
çizgiler	3.91
çocuklarda	3.91
çocuklarımıza	3.91
çöz	3.91
çıkardık	3.91
ödemeyi	3.91
öldür	3.91
öldürüp	3.91
ötede	3.91
öğrendiğim	3.91
üretilmiştir	3.91
ürünlerinin	3.91
şehitleri	3.91
acıktım	3.9
ahiret	3.9
ahlaksız	3.9
alamayan	3.9
alarmı	3.9
alkollü	3.9
alttaki	3.9
alttan	3.9
alınabilir	3.9
amacını	3.9
analitik	3.9
anayasanın	3.9
anneye	3.9
antrenör	3.9
aramızdan	3.9
arjantin	3.9
ark	3.9
arkadaşlarla	3.9
arkadaşlarımla	3.9
army	3.9
arsenal	3.9
asyalı	3.9
atlas	3.9
aydınlatma	3.9
azar	3.9
azeri	3.9
açıyorum	3.9
ağabey	3.9
ağabeyi	3.9
bahsedilen	3.9
bakışta	3.9
bayrağını	3.9
bazi	3.9
başlarken	3.9
beklenir	3.9
beklenti	3.9
belediyeye	3.9
bella	3.9
beraberiz	3.9
bilemez	3.9
bilinmez	3.9
bilişsel	3.9
birleştiren	3.9
bitirip	3.9
bitsin	3.9
blake	3.9
bluetooth	3.9
bor	3.9
boykot	3.9
boyuna	3.9
bozdağ	3.9
bozulur	3.9
bulurum	3.9
burdayım	3.9
bülbül	3.9
bütünlüğü	3.9
bırakmayın	3.9
bırakılmış	3.9
cebine	3.9
cennetin	3.9
cerrah	3.9
chi	3.9
coca	3.9
come	3.9
cümlesi	3.9
dediğine	3.9
dergisinde	3.9
devletini	3.9
değilmi	3.9
değişmesi	3.9
değiştirebilir	3.9
değiştirilmesi	3.9
duke	3.9
durmuyor	3.9
duymaya	3.9
düşkün	3.9
düşündüğünüz	3.9
edebiliyor	3.9
edilmeden	3.9
ekber	3.9
ekonominin	3.9
emirleri	3.9
eserlerini	3.9
fe	3.9
feat	3.9
forumu	3.9
ga	3.9
gelenin	3.9
geçirmeyi	3.9
geçtiler	3.9
golcü	3.9
gökten	3.9
göktürk	3.9
gönderilmiş	3.9
gözlerime	3.9
gücümüz	3.9
gündemine	3.9
gürcü	3.9
güzelliğini	3.9
hamit	3.9
harfleri	3.9
hatırlatıyor	3.9
hedefler	3.9
hepsinde	3.9
hiçe	3.9
honda	3.9
hıristiyan	3.9
imzalandı	3.9
insansız	3.9
istediniz	3.9
istemesi	3.9
isteğe	3.9
izleyip	3.9
içimizde	3.9
içindeyim	3.9
içinizden	3.9
işlev	3.9
işlevsel	3.9
jake	3.9
jong	3.9
kadroda	3.9
kadrolar	3.9
kafes	3.9
kahvesi	3.9
kalbimde	3.9
kaldırır	3.9
kalenin	3.9
kalsa	3.9
kanını	3.9
kapasitesine	3.9
karaktere	3.9
karsi	3.9
karşılama	3.9
karşılaşması	3.9
kaybolur	3.9
kazanıp	3.9
kit	3.9
kitabından	3.9
kitaplarını	3.9
kontrolünde	3.9
konuşmadan	3.9
korkut	3.9
korumayı	3.9
koruyacak	3.9
koşmak	3.9
kulluk	3.9
köse	3.9
kıyıya	3.9
laboratuvarı	3.9
latince	3.9
liverpool	3.9
lübnan	3.9
mağazası	3.9
mega	3.9
mekanın	3.9
mesafeli	3.9
meşe	3.9
monaco	3.9
motorlar	3.9
muhafız	3.9
nathan	3.9
nede	3.9
nimet	3.9
ntv	3.9
olacağından	3.9
olamam	3.9
olmadıkça	3.9
olmadığın	3.9
olunan	3.9
orduyu	3.9
otorite	3.9
par	3.9
paran	3.9
parmağı	3.9
partneri	3.9
projesini	3.9
rehabilitasyon	3.9
ronaldo	3.9
sabırsızlıkla	3.9
saklamak	3.9
sandığın	3.9
sanma	3.9
sansür	3.9
sanıyordum	3.9
sarıl	3.9
savcılık	3.9
savunmaya	3.9
saçlar	3.9
sebepleri	3.9
selin	3.9
senaryosu	3.9
sesleniyorum	3.9
sevdiğimiz	3.9
sevişme	3.9
silip	3.9
sineması	3.9
single	3.9
siper	3.9
sistemlerin	3.9
soyu	3.9
sultanı	3.9
suça	3.9
söylediklerini	3.9
söylesem	3.9
söyleşi	3.9
sıcacık	3.9
sınavlar	3.9
sınıfında	3.9
takımlarından	3.9
tamamlamış	3.9
tamamına	3.9
tatlısı	3.9
tavrı	3.9
teksas	3.9
tembel	3.9
topkapı	3.9
topuklu	3.9
topun	3.9
toyota	3.9
tüneli	3.9
ulaş	3.9
ulusoy	3.9
uygulamada	3.9
uygunsuz	3.9
uzlaşma	3.9
uğraş	3.9
vatandaşların	3.9
vpn	3.9
vücuda	3.9
yaptırdığı	3.9
yapılmaz	3.9
yaratmış	3.9
yarından	3.9
yattı	3.9
yazılımları	3.9
yaşamının	3.9
yemeğin	3.9
yemeğinde	3.9
yetmezliği	3.9
yönetiyor	3.9
yüzleri	3.9
yıllarını	3.9
zirvesine	3.9
zırh	3.9
çarpışma	3.9
çevredeki	3.9
çocuklarımızı	3.9
çocuktan	3.9
çıkardılar	3.9
çıkartıp	3.9
ölümler	3.9
öneriyorum	3.9
öyledir	3.9
öğrencilerimize	3.9
üniversitelerde	3.9
ürünlerini	3.9
ısınma	3.9
ışığa	3.9
ışığını	3.9
şansın	3.9
şaşkın	3.9
şirkette	3.9
akpınar	3.89
alanlarına	3.89
alayı	3.89
altmış	3.89
alıyorsun	3.89
amacına	3.89
anlarda	3.89
anlarsınız	3.89
annelerin	3.89
annelik	3.89
annesiyle	3.89
arazide	3.89
arkadaşlarımı	3.89
ateist	3.89
atıf	3.89
ayasofya	3.89
ayrılırken	3.89
azalma	3.89
azalması	3.89
aştı	3.89
bahçeşehir	3.89
baki	3.89
baktın	3.89
basını	3.89
batarya	3.89
batıl	3.89
bağımsızlığını	3.89
başarmış	3.89
başımdan	3.89
bekliyorsunuz	3.89
belirledi	3.89
belirleyici	3.89
belirtir	3.89
bildirir	3.89
bilmediğimiz	3.89
birlikler	3.89
bişeyler	3.89
boğazı	3.89
brezilyalı	3.89
bulabilirsiniz	3.89
bulamayan	3.89
bulamaz	3.89
bulunup	3.89
bunlarda	3.89
buyuk	3.89
bölgesini	3.89
bölücü	3.89
börek	3.89
bütünüyle	3.89
cinayetler	3.89
davran	3.89
dayanıyor	3.89
dayı	3.89
dedesi	3.89
defol	3.89
derinliği	3.89
destekçisi	3.89
değilsen	3.89
dilinden	3.89
dinine	3.89
diyorsanız	3.89
diziyi	3.89
diğerini	3.89
douglas	3.89
doğmuştur	3.89
dubai	3.89
durumdayız	3.89
duyarız	3.89
dökülür	3.89
dönemindeki	3.89
dünyasını	3.89
düştüğünü	3.89
düşünecek	3.89
eczacıbaşı	3.89
ekleyin	3.89
emretti	3.89
etli	3.89
etmediğini	3.89
etrafını	3.89
fa	3.89
fişek	3.89
fonksiyonel	3.89
fuar	3.89
futbolun	3.89
fırın	3.89
geldiklerinde	3.89
geliştiren	3.89
gelmemiş	3.89
gelmişken	3.89
gerekçesi	3.89
gerizekalı	3.89
gerçektir	3.89
getirmesi	3.89
gezmeye	3.89
gideceğini	3.89
gitmedim	3.89
gittiğin	3.89
gökkuşağı	3.89
gölcük	3.89
gölün	3.89
gönderiyor	3.89
görmektedir	3.89
görsün	3.89
görülmemiş	3.89
gösterilmiştir	3.89
gösterim	3.89
gülşen	3.89
güneyde	3.89
gürses	3.89
haberimiz	3.89
hakkımız	3.89
harflerle	3.89
harvard	3.89
hastanesine	3.89
hayatındaki	3.89
hazreti	3.89
hizmetin	3.89
horoz	3.89
hükümdar	3.89
ilgilendirmez	3.89
ilçelerde	3.89
incelenmesi	3.89
indirmek	3.89
insandır	3.89
inşası	3.89
istekleri	3.89
istemeye	3.89
içlerinden	3.89
joker	3.89
jr	3.89
kafamın	3.89
kaldırım	3.89
kameraya	3.89
kapa	3.89
karanlığa	3.89
kardeşine	3.89
kardeşlerin	3.89
karşılayan	3.89
kavgaya	3.89
kaynaklara	3.89
kaçarken	3.89
kişide	3.89
konudaki	3.89
koptu	3.89
kula	3.89
kullandığım	3.89
kuşağı	3.89
kökeni	3.89
köyden	3.89
köyler	3.89
kısık	3.89
kıta	3.89
kıymetini	3.89
lacivert	3.89
lerden	3.89
mahkemenin	3.89
maçından	3.89
medine	3.89
medrese	3.89
medyaya	3.89
meksikalı	3.89
mercan	3.89
metreden	3.89
milyarlarca	3.89
modelini	3.89
modunda	3.89
monroe	3.89
motorun	3.89
narin	3.89
nazar	3.89
nesiller	3.89
nil	3.89
nina	3.89
noktasını	3.89
nusaybin	3.89
olamıyorum	3.89
olcay	3.89
oluşması	3.89
omega	3.89
ortaklaşa	3.89
parlamentosu	3.89
partileri	3.89
partisine	3.89
paylaşılan	3.89
peyniri	3.89
planlıyor	3.89
rahman	3.89
rastlanan	3.89
reed	3.89
ri	3.89
ritim	3.89
rüzgarın	3.89
sadi	3.89
sakatlık	3.89
sakınca	3.89
saldırmak	3.89
sanirim	3.89
savcılar	3.89
seans	3.89
seferi	3.89
seviyesini	3.89
seçilme	3.89
sidney	3.89
sit	3.89
sitenin	3.89
siyahi	3.89
siyonist	3.89
sonuncusu	3.89
south	3.89
stan	3.89
sydney	3.89
sınırını	3.89
sırtına	3.89
sığ	3.89
talan	3.89
talepleri	3.89
tamamladıktan	3.89
tanrıçası	3.89
tanımayan	3.89
tarafindan	3.89
temsilen	3.89
tereyağı	3.89
torunları	3.89
turbo	3.89
tuzu	3.89
tükendi	3.89
uk	3.89
ulaşımı	3.89
unsuru	3.89
unvanını	3.89
uygulamasına	3.89
uzmanları	3.89
vardi	3.89
varmak	3.89
varış	3.89
verirsin	3.89
veriyorsunuz	3.89
vermemek	3.89
vermeyeceğiz	3.89
vurmaya	3.89
yakar	3.89
yanar	3.89
yapabilen	3.89
yapabilirler	3.89
yapabilmek	3.89
yapacaklarını	3.89
yapmalıyız	3.89
yapısında	3.89
yapıyı	3.89
yazıldığı	3.89
yazısında	3.89
yazısını	3.89
yaşamaktadır	3.89
yaşıyorsun	3.89
yeridir	3.89
yetiştirmek	3.89
yolculuklar	3.89
yurda	3.89
yöntemiyle	3.89
yüzyıla	3.89
çağında	3.89
çekmektedir	3.89
çevirip	3.89
çimento	3.89
çoğunda	3.89
çubuğu	3.89
çıkarmayı	3.89
çıkarılmış	3.89
öcalan	3.89
ödemiş	3.89
öldürülmesi	3.89
ölüp	3.89
önümüze	3.89
özelliklerinden	3.89
ünsal	3.89
üstad	3.89
üyelerini	3.89
şakası	3.89
şaşırttı	3.89
şehirlere	3.89
şunlar	3.89
şut	3.89
about	3.88
acemi	3.88
adapazarı	3.88
adapte	3.88
adliyeye	3.88
aleyhinde	3.88
almadım	3.88
almaları	3.88
almalı	3.88
alsam	3.88
altınordu	3.88
amcası	3.88
anayasaya	3.88
annie	3.88
arkadaşlarından	3.88
arkana	3.88
atay	3.88
atması	3.88
ayla	3.88
azaltır	3.88
açıklamayı	3.88
banu	3.88
bayat	3.88
belediyesine	3.88
biletler	3.88
bileşenleri	3.88
bilip	3.88
birdenbire	3.88
bisikleti	3.88
bitirmiş	3.88
bruno	3.88
bulunca	3.88
bulundular	3.88
bulunduğumuz	3.88
buralardan	3.88
büyükçekmece	3.88
bıraktığını	3.88
cephede	3.88
christine	3.88
cisim	3.88
com	3.88
davranıyor	3.88
dayanılmaz	3.88
dağılmış	3.88
demiyor	3.88
denizaltı	3.88
devletten	3.88
dokusu	3.88
dosyasını	3.88
duyarım	3.88
duyguyu	3.88
duymadım	3.88
dönüşen	3.88
düğme	3.88
elektriği	3.88
ertelendi	3.88
etmektedirler	3.88
evimiz	3.88
evimizde	3.88
evlerde	3.88
evliya	3.88
felsefi	3.88
firavun	3.88
firmanın	3.88
firmasının	3.88
florida	3.88
formları	3.88
garson	3.88
gaziler	3.88
gerekirdi	3.88
gerginlik	3.88
gerilla	3.88
gerçekleşmiş	3.88
getirdiğini	3.88
getirmesini	3.88
gi	3.88
gibisi	3.88
gideceksin	3.88
gidiyordu	3.88
girsin	3.88
gitmişti	3.88
gittiğimiz	3.88
giy	3.88
gölgesinde	3.88
göreyim	3.88
hacim	3.88
haddini	3.88
hah	3.88
hattını	3.88
hayatınızın	3.88
htc	3.88
huzuruna	3.88
hâl	3.88
hı	3.88
hırsızı	3.88
hızına	3.88
idil	3.88
ihtimalini	3.88
inancını	3.88
ine	3.88
istediğinde	3.88
izlemeyi	3.88
içindeyiz	3.88
işimize	3.88
işlerinden	3.88
jesse	3.88
kadroları	3.88
kalmamıştır	3.88
kampa	3.88
kane	3.88
karpuz	3.88
karşında	3.88
kaybetmeye	3.88
kaydını	3.88
kaçacak	3.88
kiliseye	3.88
kimmiş	3.88
kitlesi	3.88
konuşuyorsun	3.88
koyalım	3.88
kozmetik	3.88
krem	3.88
kulüpte	3.88
kurdukları	3.88
kuşadası	3.88
kültürüne	3.88
küp	3.88
kıskanç	3.88
levha	3.88
madalyası	3.88
makineli	3.88
mar	3.88
maraş	3.88
marmaris	3.88
mekanları	3.88
meltem	3.88
menkul	3.88
mesih	3.88
metodu	3.88
milletvekilliği	3.88
muhalefetin	3.88
mö	3.88
neyle	3.88
numaraya	3.88
odalar	3.88
onayı	3.88
oyunlarını	3.88
patlak	3.88
paulo	3.88
rakamlar	3.88
raporlar	3.88
rekorunu	3.88
rezervasyon	3.88
rosa	3.88
ruhlar	3.88
safra	3.88
sahiplerinin	3.88
salonları	3.88
samanyolu	3.88
sanata	3.88
sayımı	3.88
seviyesinin	3.88
sezonunun	3.88
shane	3.88
siyasette	3.88
skype	3.88
sokup	3.88
sonrasını	3.88
sorgu	3.88
sorulara	3.88
soya	3.88
spencer	3.88
sperm	3.88
stadı	3.88
statü	3.88
söküp	3.88
tablolar	3.88
takıp	3.88
tampon	3.88
tanıtmak	3.88
tehlikelidir	3.88
teknolojinin	3.88
telefonuna	3.88
temasa	3.88
terazi	3.88
toki	3.88
topluca	3.88
trajik	3.88
tutmayı	3.88
tutuldu	3.88
tuğba	3.88
türkiyenin	3.88
türünde	3.88
tüzel	3.88
ulaşmıştır	3.88
uyardı	3.88
uçtu	3.88
vahim	3.88
verecektir	3.88
vermenin	3.88
vermişler	3.88
vites	3.88
watch	3.88
woo	3.88
yakınlık	3.88
yanlışlık	3.88
yapardım	3.88
yarışa	3.88
yazmıştım	3.88
yazımı	3.88
yiyorum	3.88
yolların	3.88
çekil	3.88
çinko	3.88
çolak	3.88
çorlu	3.88
çıkacağız	3.88
öde	3.88
ölmedi	3.88
ölçümü	3.88
önümde	3.88
önüme	3.88
övgü	3.88
özelliklerinin	3.88
özgürlüğüne	3.88
öğretmenlere	3.88
şartıyla	3.88
şöyledir	3.88
abdest	3.87
ace	3.87
aksam	3.87
albümün	3.87
amcık	3.87
anlaşılmaktadır	3.87
anıldı	3.87
apollo	3.87
arkasını	3.87
artmış	3.87
askerlere	3.87
atlet	3.87
atletizm	3.87
avantajı	3.87
avcısı	3.87
ayrıntı	3.87
azabı	3.87
ağlayan	3.87
baktığında	3.87
balta	3.87
baro	3.87
baron	3.87
basılı	3.87
battaniye	3.87
başarının	3.87
başlatmak	3.87
başvuruları	3.87
bekleyip	3.87
bildirmek	3.87
bilkent	3.87
bilmediğin	3.87
birbirleri	3.87
bitmesini	3.87
bombalar	3.87
burger	3.87
bırakmaya	3.87
cesaretin	3.87
dalları	3.87
damgasını	3.87
dağların	3.87
def	3.87
deliler	3.87
depremi	3.87
dernekler	3.87
dersinde	3.87
desin	3.87
dikdörtgen	3.87
diyabet	3.87
dolduran	3.87
dolgu	3.87
dosyalarını	3.87
doçent	3.87
doğruysa	3.87
dublaj	3.87
durdurdu	3.87
döndüler	3.87
dönelim	3.87
düşerse	3.87
düşmez	3.87
edildikten	3.87
engeli	3.87
ergün	3.87
esat	3.87
etmemiş	3.87
evlenmiş	3.87
evlerin	3.87
faktörü	3.87
fakültesinde	3.87
fenerbahçeli	3.87
formül	3.87
garcia	3.87
gelişmesine	3.87
geçirin	3.87
geçmişteki	3.87
girişimleri	3.87
gitmeyin	3.87
golleri	3.87
gökçen	3.87
görmüştür	3.87
görülmesi	3.87
görülmüş	3.87
götünü	3.87
günümü	3.87
gününden	3.87
gününün	3.87
hakimiyet	3.87
haklarına	3.87
halinden	3.87
halkalı	3.87
harper	3.87
hastalarda	3.87
here	3.87
huzura	3.87
inanılır	3.87
içerim	3.87
jersey	3.87
joel	3.87
jose	3.87
jun	3.87
kadı	3.87
kafatası	3.87
kalbe	3.87
kalınca	3.87
kanaması	3.87
kapatır	3.87
karanlığın	3.87
kasap	3.87
kaybolmuş	3.87
kazananlar	3.87
kazanmayı	3.87
kağıtları	3.87
kelimeyle	3.87
keresinde	3.87
konumuz	3.87
kot	3.87
kullanıyoruz	3.87
kurtuluşu	3.87
kutladı	3.87
kuvvetlerinin	3.87
kuyruklu	3.87
kuzeni	3.87
kuşkusuz	3.87
kötüdür	3.87
kütle	3.87
lafını	3.87
limited	3.87
liseye	3.87
lucy	3.87
malik	3.87
malzemelerin	3.87
marina	3.87
meclisin	3.87
media	3.87
meditasyon	3.87
mekanda	3.87
merhametli	3.87
mesajlaşma	3.87
metreye	3.87
miktarlarda	3.87
miktarını	3.87
mis	3.87
mücadelenin	3.87
müdürleri	3.87
mürettebat	3.87
nedenden	3.87
numan	3.87
olacakmış	3.87
olimpiyatları	3.87
olu	3.87
onuncu	3.87
onursal	3.87
oranının	3.87
oturdum	3.87
oyunculara	3.87
oyunlarına	3.87
paradan	3.87
porto	3.87
poyraz	3.87
profesörü	3.87
radyoda	3.87
rasim	3.87
remzi	3.87
robbie	3.87
salonuna	3.87
satarak	3.87
sayfada	3.87
saçın	3.87
sağlanmıştır	3.87
sağlığına	3.87
sağolsun	3.87
sebebim	3.87
selimiye	3.87
sellem	3.87
selâm	3.87
seyi	3.87
seçimlerine	3.87
shin	3.87
silikon	3.87
sonuçlanan	3.87
soo	3.87
state	3.87
sularında	3.87
sure	3.87
söylemeden	3.87
sözleşmesini	3.87
sürün	3.87
sürüp	3.87
sıkıca	3.87
tabela	3.87
tadında	3.87
takar	3.87
takımla	3.87
talihsiz	3.87
tango	3.87
taşımacılık	3.87
taşınan	3.87
taşınır	3.87
taşıyacak	3.87
tescilli	3.87
tipler	3.87
toplanır	3.87
toplayarak	3.87
topluyor	3.87
um	3.87
unsur	3.87
uzaklaşmak	3.87
uçmak	3.87
vazgeçmek	3.87
venedik	3.87
verecekler	3.87
verene	3.87
vermiyorum	3.87
vida	3.87
vitamini	3.87
yakan	3.87
yakınındaki	3.87
yapmışsın	3.87
yaptıklarına	3.87
yapılanma	3.87
yaraları	3.87
yaramıyor	3.87
yarışmanın	3.87
yasalara	3.87
yatağında	3.87
yavrusu	3.87
yayınlanmış	3.87
yazlık	3.87
yeryüzüne	3.87
yüzünün	3.87
yıldızın	3.87
zorluklar	3.87
zorundasınız	3.87
çalışmalarımız	3.87
çalışmamız	3.87
çalışıyorsunuz	3.87
çeşitlilik	3.87
öksüz	3.87
öldürücü	3.87
öncesinden	3.87
öpmek	3.87
ördek	3.87
ülkücü	3.87
üniversiteleri	3.87
üstlenen	3.87
ılımlı	3.87
ısıtma	3.87
ıvan	3.87
şekerli	3.87
acun	3.86
alacaksın	3.86
andre	3.86
anlamaz	3.86
anlatmış	3.86
araçla	3.86
arkadaşınız	3.86
artırır	3.86
askerlerinin	3.86
ayvalık	3.86
bahsettiği	3.86
baskılar	3.86
basınçlı	3.86
bağlamak	3.86
bağlamında	3.86
bağlantısını	3.86
başlamasına	3.86
başınız	3.86
bekliyorsun	3.86
beğenmiş	3.86
bonusu	3.86
bulmuştur	3.86
bulunmadığı	3.86
bush	3.86
bölümüyle	3.86
bıraktın	3.86
cat	3.86
cumhuriyetçi	3.86
dairesinde	3.86
dakikadır	3.86
dark	3.86
dergisinin	3.86
derinlik	3.86
derste	3.86
desek	3.86
desene	3.86
devamında	3.86
deyim	3.86
diğerlerini	3.86
doldur	3.86
dostumuz	3.86
dönemdeki	3.86
dönemleri	3.86
döngü	3.86
düşmanlık	3.86
düşüren	3.86
edinen	3.86
ediyordum	3.86
edremit	3.86
eklemek	3.86
elbiseler	3.86
elbisesi	3.86
eldiven	3.86
eleştiriler	3.86
elmalı	3.86
erecek	3.86
esin	3.86
eşinden	3.86
feminist	3.86
fethullah	3.86
fiil	3.86
filozof	3.86
formasıyla	3.86
gamze	3.86
gazetesine	3.86
gaziosmanpaşa	3.86
gelirsin	3.86
geliştirdi	3.86
geometri	3.86
geçmeyi	3.86
gideceği	3.86
gidene	3.86
grubunu	3.86
görebilmek	3.86
görmediği	3.86
görmüyorum	3.86
görüntülerini	3.86
görünüyordu	3.86
gösterimi	3.86
götürecek	3.86
gündoğdu	3.86
haldun	3.86
halime	3.86
hall	3.86
hastalıkların	3.86
hattına	3.86
havaalanına	3.86
hayalim	3.86
hayranlık	3.86
hazar	3.86
hentbol	3.86
hocanın	3.86
ikramiye	3.86
iktidarda	3.86
iletim	3.86
ilçeleri	3.86
indirimli	3.86
izledik	3.86
içerikleri	3.86
içinse	3.86
işle	3.86
işlerden	3.86
jackie	3.86
java	3.86
kabile	3.86
kahkaha	3.86
kalkacak	3.86
kanunun	3.86
kapanıyor	3.86
kapattım	3.86
kapitalizm	3.86
karate	3.86
kariyerini	3.86
kartını	3.86
karısına	3.86
kattı	3.86
kavgası	3.86
kavramının	3.86
kaybına	3.86
kaynarca	3.86
kaynağıdır	3.86
kaçıran	3.86
kendimle	3.86
kilosu	3.86
kirliliği	3.86
kitabevi	3.86
koreli	3.86
koskoca	3.86
kosova	3.86
kullanmaktadır	3.86
kurun	3.86
kuyruğu	3.86
köpeklerin	3.86
köylerde	3.86
kültürün	3.86
kürtleri	3.86
kırıcı	3.86
kısır	3.86
kıvanç	3.86
lane	3.86
lütfi	3.86
makas	3.86
makina	3.86
mala	3.86
malzemenin	3.86
mamak	3.86
manası	3.86
masasında	3.86
mazeret	3.86
maçlara	3.86
menemen	3.86
merkezlerinden	3.86
mezara	3.86
meçhul	3.86
milan	3.86
minnet	3.86
moleküler	3.86
muhafazakar	3.86
müzikle	3.86
national	3.86
nci	3.86
nedenler	3.86
nefesini	3.86
next	3.86
numarayı	3.86
odadan	3.86
okullarında	3.86
okuyucu	3.86
olmanı	3.86
onlari	3.86
oyle	3.86
oğlak	3.86
paha	3.86
prestijli	3.86
problemin	3.86
rahim	3.86
raporda	3.86
right	3.86
roll	3.86
safi	3.86
sahiden	3.86
saldırısında	3.86
sans	3.86
satmaya	3.86
sayfanın	3.86
sempatik	3.86
serum	3.86
sesiyle	3.86
seyretmek	3.86
seçimle	3.86
side	3.86
silindir	3.86
sokar	3.86
sonundaki	3.86
soruların	3.86
sorunlara	3.86
sorusunu	3.86
spot	3.86
statüsü	3.86
sunucusu	3.86
system	3.86
sözlerle	3.86
sözüne	3.86
sürdürdüğü	3.86
sürdürmek	3.86
süvari	3.86
sınavları	3.86
sınıfları	3.86
sırları	3.86
tanıştım	3.86
tarihteki	3.86
tartışmalı	3.86
tasarımları	3.86
tefek	3.86
teli	3.86
tescil	3.86
todd	3.86
total	3.86
tuba	3.86
tum	3.86
ulaşmaya	3.86
uyandığımda	3.86
uçuşlar	3.86
uçuşu	3.86
uğrar	3.86
vaktim	3.86
vatandaşa	3.86
verilmedi	3.86
vermedim	3.86
vip	3.86
volkswagen	3.86
vuracak	3.86
who	3.86
xbox	3.86
yakınlarındaki	3.86
yangında	3.86
yapabilirsin	3.86
yapabiliyor	3.86
yapacaktır	3.86
yaptırdı	3.86
yapımcısı	3.86
yararlanarak	3.86
yaratılan	3.86
yasaya	3.86
yatmadan	3.86
yenimahalle	3.86
yerlerin	3.86
yerleştirilmiş	3.86
yerleştirme	3.86
yetiyor	3.86
yetiştiren	3.86
yolladı	3.86
yorumunu	3.86
yurtta	3.86
yürüme	3.86
yüzüm	3.86
yıkama	3.86
yıldönümünde	3.86
zekâ	3.86
zorladı	3.86
çabucak	3.86
çalışmalarından	3.86
çalışmam	3.86
çektik	3.86
çember	3.86
çiftçiler	3.86
çizdi	3.86
çözümler	3.86
çıkararak	3.86
ölürken	3.86
öğretmek	3.86
ülkelerinden	3.86
üzerinize	3.86
ırkı	3.86
şemsiye	3.86
şerefli	3.86
şirketini	3.86
abdülhamit	3.85
aklımıza	3.85
alanından	3.85
alırsa	3.85
alışverişe	3.85
amir	3.85
anlaşılması	3.85
antlaşması	3.85
arzusu	3.85
astım	3.85
atabilir	3.85
ataması	3.85
atanmış	3.85
ateşten	3.85
aydınlar	3.85
ayık	3.85
ağlamak	3.85
back	3.85
baker	3.85
ban	3.85
battı	3.85
bayramlar	3.85
başarıları	3.85
başvurdu	3.85
bebekleri	3.85
bekledi	3.85
beklediğini	3.85
bilginiz	3.85
bilsem	3.85
bitkinin	3.85
bitmesi	3.85
boşalan	3.85
büyükelçiliği	3.85
bıraktığın	3.85
bırakılması	3.85
bıçakla	3.85
castle	3.85
ciddiyim	3.85
dakikadan	3.85
damadı	3.85
davranışlarını	3.85
dayanmaktadır	3.85
demin	3.85
denetleme	3.85
deneyler	3.85
dengeli	3.85
dengesi	3.85
dereceden	3.85
dersten	3.85
değere	3.85
değiş	3.85
diktatör	3.85
dilden	3.85
dilemek	3.85
diğerinin	3.85
dokuma	3.85
doğdum	3.85
duydu	3.85
duymaz	3.85
duyuruldu	3.85
dümdüz	3.85
düşünürsek	3.85
düşünüyordum	3.85
ekipmanları	3.85
eklem	3.85
emperyalist	3.85
enjekte	3.85
eylesin	3.85
faaliyeti	3.85
farkını	3.85
faz	3.85
fernando	3.85
finlandiya	3.85
formunda	3.85
fort	3.85
geçenleri	3.85
geçerse	3.85
geçiriyorum	3.85
giremez	3.85
girişimci	3.85
gitmeli	3.85
giysiler	3.85
gsm	3.85
gururlu	3.85
gönderdim	3.85
göndermiş	3.85
görüntülü	3.85
görüntüyü	3.85
gülü	3.85
güvenle	3.85
güz	3.85
güzellikleri	3.85
haliç	3.85
harikasın	3.85
hastalıktan	3.85
hastaneler	3.85
havaalanında	3.85
havuza	3.85
hazırladım	3.85
hece	3.85
hikayeyi	3.85
hilesi	3.85
hitit	3.85
hücrelerinin	3.85
ilişkide	3.85
inandığım	3.85
inat	3.85
inatçı	3.85
insülin	3.85
iradesi	3.85
israf	3.85
istemiyorsanız	3.85
izlediğim	3.85
june	3.85
kafe	3.85
kalkın	3.85
kalıyoruz	3.85
kampüs	3.85
kanalizasyon	3.85
kang	3.85
kardeşimiz	3.85
kariyerine	3.85
karşımızda	3.85
katıldım	3.85
katılıp	3.85
kaybettin	3.85
kaymakamı	3.85
kayıpları	3.85
kitlesel	3.85
koloni	3.85
kontrolden	3.85
konusuna	3.85
konuşmasında	3.85
konuşuruz	3.85
korkan	3.85
kullanıcılara	3.85
kullanıldığını	3.85
kurbağa	3.85
kurumların	3.85
kökünden	3.85
köpeğe	3.85
kılavuzu	3.85
laneti	3.85
leslie	3.85
luis	3.85
lâzım	3.85
martha	3.85
mayo	3.85
mazlum	3.85
melez	3.85
merkel	3.85
merkezden	3.85
meta	3.85
milyonun	3.85
mo	3.85
morris	3.85
murad	3.85
müsteşar	3.85
nazilli	3.85
ndan	3.85
nedim	3.85
niyetim	3.85
numaranızı	3.85
nusret	3.85
nü	3.85
odasının	3.85
okuyarak	3.85
olabilmektedir	3.85
olamayacağını	3.85
oluşturmaya	3.85
oluşturuldu	3.85
onayladı	3.85
orgazm	3.85
oynadım	3.85
oyuncuyu	3.85
oyununa	3.85
pa	3.85
paketleri	3.85
peygamberimiz	3.85
planın	3.85
polislere	3.85
pound	3.85
reddeden	3.85
resimdeki	3.85
sahtekar	3.85
sanatçıları	3.85
sar	3.85
sardı	3.85
savunmasız	3.85
semtinde	3.85
sesine	3.85
seth	3.85
seviyeleri	3.85
seçimini	3.85
sikim	3.85
sinde	3.85
sistemidir	3.85
sk	3.85
sokuyor	3.85
solcu	3.85
soygun	3.85
standardı	3.85
summer	3.85
sunuyor	3.85
susun	3.85
söylemeyi	3.85
söylemiştir	3.85
söylenecek	3.85
söylüyorsun	3.85
sözlüğü	3.85
sü	3.85
süreçleri	3.85
sırbistan	3.85
sığınak	3.85
tabaka	3.85
tanıtıldı	3.85
tayfun	3.85
tefsir	3.85
telekomünikasyon	3.85
tem	3.85
temsilciler	3.85
tevbe	3.85
toplanıp	3.85
travesti	3.85
tugay	3.85
türkiyede	3.85
umurunda	3.85
uyandı	3.85
uygulanabilir	3.85
uyumu	3.85
uyuyamıyorum	3.85
uçları	3.85
vadi	3.85
vatandaşlarımıza	3.85
vatanı	3.85
venüs	3.85
verilere	3.85
verim	3.85
vermeli	3.85
vuruşu	3.85
vücudunu	3.85
word	3.85
yapılmıştı	3.85
yapılı	3.85
yaratma	3.85
yarayacak	3.85
yarışmacı	3.85
yazdıkları	3.85
yazılmıştır	3.85
yaşadıklarını	3.85
yaşıyorlar	3.85
yenişehir	3.85
yerinize	3.85
yerleşmiş	3.85
yetmiş	3.85
yeğeni	3.85
yitiren	3.85
yolcular	3.85
yolumuza	3.85
yurtdışına	3.85
yöntemlerle	3.85
yıkmak	3.85
zina	3.85
zorundayım	3.85
çadır	3.85
çalışanlara	3.85
çamlıca	3.85
çarpma	3.85
çatal	3.85
çekiliyor	3.85
çekilme	3.85
çekiyoruz	3.85
öküz	3.85
ölenler	3.85
ömrünün	3.85
önerim	3.85
üyemiz	3.85
şan	3.85
şehirlerin	3.85
şeklindedir	3.85
şekliyle	3.85
şovu	3.85
abartılı	3.84
adalete	3.84
adidas	3.84
akıllıca	3.84
alanlarını	3.84
algısı	3.84
alsancak	3.84
amını	3.84
anlamlar	3.84
ant	3.84
anten	3.84
aslinda	3.84
ataşehir	3.84
açmayı	3.84
açmıştır	3.84
açıklamalarda	3.84
ağzının	3.84
ağırlığında	3.84
babacan	3.84
babanız	3.84
bahsediyorum	3.84
bahçeleri	3.84
baka	3.84
bakire	3.84
baksın	3.84
balıkçılık	3.84
barzani	3.84
bağımsızlığı	3.84
başarısızlık	3.84
başladığım	3.84
başvurusu	3.84
beşir	3.84
bide	3.84
bilgisini	3.84
birlikteyiz	3.84
bonservis	3.84
bozdu	3.84
bulundum	3.84
buluş	3.84
ceset	3.84
cezalar	3.84
choi	3.84
cici	3.84
cizre	3.84
cook	3.84
cyrus	3.84
davasını	3.84
dayan	3.84
deliği	3.84
demirspor	3.84
derslerine	3.84
devrin	3.84
değerine	3.84
değerlendirdi	3.84
değin	3.84
değiştirin	3.84
dimi	3.84
dişler	3.84
durumdur	3.84
dönün	3.84
dörtlü	3.84
düzenin	3.84
düğmeye	3.84
düşünceli	3.84
düşünelim	3.84
edilenler	3.84
edilmeyen	3.84
ediyorlardı	3.84
ekler	3.84
engelleme	3.84
engelleri	3.84
erer	3.84
erman	3.84
etmesinin	3.84
evimin	3.84
fabrikada	3.84
fiyatlar	3.84
fiyatına	3.84
fransızlar	3.84
funda	3.84
futbolunun	3.84
fıkra	3.84
gaziantepspor	3.84
gedik	3.84
geometrik	3.84
gerçekleştirilmiştir	3.84
getirebilir	3.84
geçirilmesi	3.84
geçirilmiş	3.84
girdikten	3.84
girmişti	3.84
gloria	3.84
gruplarının	3.84
göksel	3.84
görmesini	3.84
görmeyen	3.84
götürüldü	3.84
gübre	3.84
gülüyorsun	3.84
günümüzün	3.84
halihazırda	3.84
halis	3.84
hareketine	3.84
harrison	3.84
hastalıklı	3.84
hatırladım	3.84
hatırlayın	3.84
hatırı	3.84
hayri	3.84
hazırlıklar	3.84
hersek	3.84
hu	3.84
iklimi	3.84
inandırıcı	3.84
ipuçları	3.84
isimlerden	3.84
ismine	3.84
istasyonları	3.84
istasyonuna	3.84
isteniyor	3.84
izleyebilirsiniz	3.84
içecekler	3.84
içerken	3.84
işlemiş	3.84
kadrolu	3.84
kadındır	3.84
kalanını	3.84
kamyonet	3.84
kandil	3.84
karadağ	3.84
karnım	3.84
karışım	3.84
karşıt	3.84
kasabası	3.84
kattan	3.84
kazandırır	3.84
kaçma	3.84
kilidi	3.84
kimdi	3.84
kisi	3.84
kitabına	3.84
kolluk	3.84
kolum	3.84
koyuyorum	3.84
krema	3.84
kulağı	3.84
kullanımda	3.84
kuzen	3.84
kötülüğü	3.84
malazgirt	3.84
mangal	3.84
mansur	3.84
mevsiminde	3.84
minibüs	3.84
modelin	3.84
modülü	3.84
moore	3.84
mühendisler	3.84
mühimmat	3.84
mütevazı	3.84
müşterileri	3.84
nden	3.84
nesneleri	3.84
nuh	3.84
odama	3.84
ofiste	3.84
oktar	3.84
okurum	3.84
oluşmasına	3.84
oluşturarak	3.84
oluşturuyor	3.84
onla	3.84
os	3.84
otobüsün	3.84
otto	3.84
over	3.84
point	3.84
prime	3.84
programlarında	3.84
projede	3.84
projeye	3.84
rakamları	3.84
rehine	3.84
resme	3.84
rüzgarı	3.84
saldırılara	3.84
sanatın	3.84
sayfalık	3.84
sağlaması	3.84
sağlanmaktadır	3.84
secde	3.84
sektörüne	3.84
sembolik	3.84
sesinden	3.84
seveceksin	3.84
silahlarla	3.84
silver	3.84
skorla	3.84
soda	3.84
sokaktaki	3.84
sonuçlara	3.84
sorunumuz	3.84
sosyalizm	3.84
sports	3.84
söylemekten	3.84
söylerler	3.84
sürücüler	3.84
tacı	3.84
takmak	3.84
takılı	3.84
tamamının	3.84
tanımıyor	3.84
tapınağı	3.84
tasvir	3.84
teknikler	3.84
teröre	3.84
tesisler	3.84
tesla	3.84
tevhid	3.84
trafiğe	3.84
transferler	3.84
turuna	3.84
turşu	3.84
tutucu	3.84
tutumu	3.84
türküsü	3.84
ulaşabilir	3.84
uygulamasını	3.84
uygulamayı	3.84
uzantısı	3.84
verdikten	3.84
veronica	3.84
vitamin	3.84
vurarak	3.84
vurdum	3.84
wa	3.84
won	3.84
yakma	3.84
yapardı	3.84
yapmanızı	3.84
yaptırım	3.84
yapılmaya	3.84
yapışkan	3.84
yardımına	3.84
yağmurlu	3.84
yaşarlar	3.84
yaşatan	3.84
yemini	3.84
yeteneğine	3.84
yönetecek	3.84
çakıl	3.84
çalındı	3.84
çapı	3.84
çıkartmak	3.84
çığır	3.84
ölçüsü	3.84
öngören	3.84
öpücük	3.84
örn	3.84
özerklik	3.84
özgüven	3.84
üretir	3.84
üyelerin	3.84
ısaac	3.84
şeftali	3.84
şekildedir	3.84
şenliği	3.84
şiddetin	3.84
acıklı	3.83
acıya	3.83
adamlarından	3.83
adımda	3.83
almıyorum	3.83
alınmasını	3.83
anton	3.83
ayaklarının	3.83
ayrica	3.83
ayrıcalık	3.83
ayrıldığını	3.83
ayrılığı	3.83
ayırıp	3.83
aza	3.83
ağları	3.83
aşkla	3.83
baharat	3.83
bahseden	3.83
bahseder	3.83
banyoda	3.83
bart	3.83
basılan	3.83
bayar	3.83
bağladı	3.83
bağlandı	3.83
başkanvekili	3.83
beklediğimiz	3.83
belliydi	3.83
benzemez	3.83
beridir	3.83
bertaraf	3.83
bilgisayarda	3.83
bilime	3.83
binayı	3.83
büyüdüm	3.83
cansız	3.83
ceren	3.83
cevabım	3.83
ceyhun	3.83
chen	3.83
ci	3.83
dairesine	3.83
dallas	3.83
danışmanlığı	3.83
darbenin	3.83
dağlarda	3.83
dead	3.83
demokrasiyi	3.83
des	3.83
design	3.83
devrede	3.83
diyeceksiniz	3.83
donna	3.83
doruk	3.83
doğayı	3.83
doğulu	3.83
doğup	3.83
duble	3.83
durduğu	3.83
durumdaki	3.83
düzenine	3.83
düşündüğümüz	3.83
düşünürler	3.83
edemiyor	3.83
edilirse	3.83
eksiksiz	3.83
element	3.83
enerjiye	3.83
engellemeye	3.83
enkaz	3.83
ergenlik	3.83
eroğlu	3.83
ertem	3.83
esma	3.83
etkinliğinde	3.83
etmesin	3.83
etsek	3.83
ettirdi	3.83
evreni	3.83
eyaletinde	3.83
eşimin	3.83
fas	3.83
fiber	3.83
fikrine	3.83
formula	3.83
futbolcuları	3.83
gazeteleri	3.83
geldiğimizde	3.83
geldiğine	3.83
gelişmeye	3.83
gitgide	3.83
gitmeyen	3.83
grey	3.83
görevinin	3.83
görmüştüm	3.83
görünüşe	3.83
görüyorsun	3.83
göstermez	3.83
gözümde	3.83
gündeminde	3.83
güçlendirmek	3.83
güçlerine	3.83
haberlerde	3.83
hanımın	3.83
hayatımdan	3.83
hayatınıza	3.83
hikâyesini	3.83
hizmetinde	3.83
hocamız	3.83
homo	3.83
hor	3.83
hunt	3.83
ihtiva	3.83
ilaçların	3.83
ilçemizde	3.83
imamı	3.83
imiş	3.83
iniyor	3.83
istasyonunda	3.83
isteklerini	3.83
istemedi	3.83
istemediğini	3.83
istemiştim	3.83
iyiymiş	3.83
içsel	3.83
iştirak	3.83
kabak	3.83
kablolu	3.83
kaldıkları	3.83
kalça	3.83
kampına	3.83
kamuda	3.83
kanarya	3.83
kanda	3.83
kanla	3.83
kapatan	3.83
kapağını	3.83
kapsamaktadır	3.83
kardinal	3.83
kartlar	3.83
karış	3.83
karışan	3.83
kaybedersin	3.83
kaybetmeden	3.83
kaynaklarına	3.83
kazanabilirsiniz	3.83
kaçırdım	3.83
kelimelerle	3.83
key	3.83
khan	3.83
kimde	3.83
klaus	3.83
kolektif	3.83
korkutucu	3.83
koydular	3.83
koymuştur	3.83
kullanılmasına	3.83
kulübünde	3.83
küpe	3.83
kısma	3.83
kızımın	3.83
lazim	3.83
logosu	3.83
mahkemeleri	3.83
manavgat	3.83
masrafları	3.83
medical	3.83
meteoroloji	3.83
meydanda	3.83
meyveler	3.83
mezarlık	3.83
milletimize	3.83
muaf	3.83
müdafaa	3.83
nesnelerin	3.83
nüfuz	3.83
okuyacak	3.83
olduklarına	3.83
olduğumdan	3.83
olmalısın	3.83
olmamakla	3.83
olmasi	3.83
oluyormuş	3.83
oluşturacak	3.83
ooo	3.83
orduda	3.83
ordusunu	3.83
oynamış	3.83
oynayıp	3.83
oz	3.83
oğlumun	3.83
parasız	3.83
parka	3.83
paylaşıyorum	3.83
pazarında	3.83
peygamberi	3.83
politikasını	3.83
psikopat	3.83
rab	3.83
raf	3.83
rakibini	3.83
rey	3.83
rt	3.83
ruhum	3.83
rumeli	3.83
saatlere	3.83
sadaka	3.83
sahiptirler	3.83
saldırıdan	3.83
satılır	3.83
sağdaki	3.83
sebebiyet	3.83
sektörde	3.83
severdim	3.83
seviyesinden	3.83
simpson	3.83
sine	3.83
soldaki	3.83
sonlarına	3.83
sonun	3.83
sonuncu	3.83
sorunsuz	3.83
spam	3.83
sürat	3.83
sürerek	3.83
sürüş	3.83
sıralı	3.83
tabir	3.83
takmış	3.83
tanış	3.83
tarihî	3.83
tartışması	3.83
taziye	3.83
tedaviye	3.83
tekel	3.83
telaffuz	3.83
tencere	3.83
teyzem	3.83
thompson	3.83
tohumları	3.83
tüccar	3.83
unsurlar	3.83
va	3.83
vazgeçtim	3.83
verilmişti	3.83
verince	3.83
vermekte	3.83
vesilesiyle	3.83
videosunu	3.83
vurma	3.83
vücuduna	3.83
wolf	3.83
yakalayan	3.83
yankı	3.83
yanınıza	3.83
yanıtı	3.83
yapmadık	3.83
yapraklar	3.83
yaptıran	3.83
yaptığınızı	3.83
yarışta	3.83
yarışında	3.83
yatırımları	3.83
yaylası	3.83
yayıldı	3.83
yayınlanmıştır	3.83
yazarların	3.83
yazdın	3.83
yazması	3.83
yaşatmak	3.83
yaşayamam	3.83
yemeğini	3.83
yerimiz	3.83
yeryüzündeki	3.83
yitirmiş	3.83
yiyelim	3.83
yolculuğuna	3.83
yuri	3.83
yurtdışı	3.83
yöre	3.83
yüreği	3.83
çalışmasında	3.83
çarpıyor	3.83
çekiç	3.83
çevresini	3.83
çıkana	3.83
çıkarım	3.83
ödemeye	3.83
öldürülmüş	3.83
ülkedir	3.83
ülkelerdeki	3.83
ünite	3.83
üniversiteyi	3.83
ürdün	3.83
ürünüdür	3.83
üstteki	3.83
şarkıda	3.83
şarttır	3.83
şifresini	3.83
şikâyet	3.83
şirketlerinin	3.83
şirketten	3.83
adımlarla	3.82
afedersin	3.82
aha	3.82
aitti	3.82
alanyaspor	3.82
aldığında	3.82
aleyküm	3.82
alınma	3.82
amaca	3.82
amanda	3.82
andrea	3.82
anlatıyorum	3.82
anlayışlı	3.82
anlayışını	3.82
anmak	3.82
anıl	3.82
anılarını	3.82
aptalca	3.82
armut	3.82
atıyorsun	3.82
ayrıldık	3.82
azalan	3.82
azim	3.82
bacaklar	3.82
bakarsak	3.82
bakarsın	3.82
bayanlara	3.82
başkalarıyla	3.82
bdp	3.82
bedenini	3.82
beklentisi	3.82
berber	3.82
besleme	3.82
beynine	3.82
beşeri	3.82
birşeyi	3.82
biçimleri	3.82
borusu	3.82
boyalı	3.82
bozuyor	3.82
bulunurken	3.82
burjuva	3.82
bırakılır	3.82
cafer	3.82
canavarı	3.82
cazip	3.82
cevizi	3.82
chase	3.82
claude	3.82
coşku	3.82
cumhurbaşkanının	3.82
cunku	3.82
curtis	3.82
cümleleri	3.82
dahildir	3.82
davasının	3.82
dağıtıldı	3.82
denemesi	3.82
derbi	3.82
derneğin	3.82
devi	3.82
değerlerine	3.82
deşifre	3.82
digital	3.82
dilekçe	3.82
direnci	3.82
duruyordu	3.82
dönünce	3.82
düzenler	3.82
düğünde	3.82
düştüğünde	3.82
dışardan	3.82
edilmemiş	3.82
egzotik	3.82
ekledim	3.82
ekonomisinin	3.82
ekonomiye	3.82
eleştirdi	3.82
ellerde	3.82
emirler	3.82
erkeğim	3.82
etkilidir	3.82
etsinler	3.82
evlenen	3.82
evlenip	3.82
farklılıkları	3.82
fc	3.82
filmden	3.82
fiyatlarla	3.82
formatında	3.82
galerisi	3.82
games	3.82
geleceğimiz	3.82
gelinlik	3.82
ger	3.82
gerçekleşiyor	3.82
gerçekleştirilir	3.82
gezegeni	3.82
geçirdiğim	3.82
geçmeyen	3.82
girebilir	3.82
giyer	3.82
gray	3.82
grubundan	3.82
gönüllüler	3.82
gördüklerini	3.82
görmedik	3.82
görürler	3.82
gülme	3.82
günümüzdeki	3.82
hakemler	3.82
halkımızın	3.82
haritada	3.82
hastayım	3.82
havai	3.82
havuç	3.82
hayatımdaki	3.82
hazırlıyor	3.82
hazırlığı	3.82
hello	3.82
hoşnut	3.82
hükmü	3.82
hırvatistan	3.82
iblis	3.82
ilacın	3.82
ilerledikçe	3.82
illerde	3.82
ilçesindeki	3.82
inanırım	3.82
interneti	3.82
iple	3.82
isimsiz	3.82
istemeden	3.82
isteyin	3.82
ivme	3.82
iyileştirme	3.82
işadamı	3.82
jacques	3.82
jel	3.82
kabaca	3.82
kabartma	3.82
kaleyi	3.82
kanuna	3.82
karakaya	3.82
karesi	3.82
karnı	3.82
karşılar	3.82
karşılaştırma	3.82
kaybetmesi	3.82
kaydedilen	3.82
kaymakamlığı	3.82
kaynaklanmaktadır	3.82
kaynaktan	3.82
kaynağının	3.82
kazadan	3.82
kazanacağız	3.82
kazandırdı	3.82
kaşar	3.82
kemerini	3.82
kenarda	3.82
kendinin	3.82
kesit	3.82
kibrit	3.82
kollarını	3.82
kollu	3.82
kompleksi	3.82
konserde	3.82
konuların	3.82
korunmak	3.82
koşup	3.82
ku	3.82
kurulmasına	3.82
kuruluşundan	3.82
kutluyor	3.82
kökleri	3.82
kürtaj	3.82
kılmak	3.82
les	3.82
lionel	3.82
liseden	3.82
listeler	3.82
makinası	3.82
makyajı	3.82
malatyaspor	3.82
martı	3.82
masasına	3.82
medyadan	3.82
mekanizma	3.82
memeli	3.82
memurlar	3.82
memurları	3.82
muhalefeti	3.82
mukaddes	3.82
mızrak	3.82
nihal	3.82
nm	3.82
nota	3.82
numaradan	3.82
numune	3.82
nöbeti	3.82
okay	3.82
okey	3.82
olamayan	3.82
olandan	3.82
olmadık	3.82
oluşturulur	3.82
onuruna	3.82
our	3.82
owen	3.82
oyla	3.82
oyuncuya	3.82
oyunlarda	3.82
party	3.82
plaza	3.82
projeyi	3.82
radyoaktif	3.82
rejimin	3.82
renge	3.82
road	3.82
romanın	3.82
ruhunun	3.82
ruth	3.82
saatine	3.82
sabırla	3.82
saklanan	3.82
salla	3.82
saltanat	3.82
samet	3.82
sanayii	3.82
savaşmaya	3.82
savaşını	3.82
schmidt	3.82
see	3.82
sevdikleri	3.82
sevecek	3.82
seveceğim	3.82
sevgiliye	3.82
sevmeye	3.82
sherlock	3.82
silahın	3.82
sinemada	3.82
sinyalleri	3.82
sistemli	3.82
slm	3.82
sokma	3.82
sormadan	3.82
sormaya	3.82
soyundan	3.82
spesifik	3.82
ssk	3.82
suni	3.82
söylemez	3.82
söyleyelim	3.82
söylüyoruz	3.82
süresinin	3.82
sürmektedir	3.82
sürücüsü	3.82
sırp	3.82
tartışmaları	3.82
taşkın	3.82
televizyona	3.82
tepenin	3.82
topladığı	3.82
tuşu	3.82
türbanlı	3.82
unutmadım	3.82
unutmam	3.82
uygulamanın	3.82
vardir	3.82
vatana	3.82
vaziyette	3.82
videonun	3.82
when	3.82
yansıması	3.82
yapmamış	3.82
yapılacağı	3.82
yapılmadı	3.82
yarışları	3.82
yatın	3.82
yayınlayan	3.82
yerleşti	3.82
yersin	3.82
yöntemini	3.82
yöntemle	3.82
yönüyle	3.82
yün	3.82
yüzyıldan	3.82
za	3.82
zafere	3.82
zero	3.82
zeus	3.82
zorundasın	3.82
zorunluluğu	3.82
çaylak	3.82
çayın	3.82
çektiğim	3.82
çevirme	3.82
çevreyi	3.82
çince	3.82
çizgili	3.82
önemliydi	3.82
önleyici	3.82
özenle	3.82
özetle	3.82
öğreniyor	3.82
ücretini	3.82
üstlendi	3.82
ıntel	3.82
ızgara	3.82
şehirlerarası	3.82
şirketinde	3.82
acıbadem	3.81
adams	3.81
adlandırılır	3.81
afgan	3.81
afiş	3.81
akıcı	3.81
aleviler	3.81
amcam	3.81
anlaması	3.81
anlamları	3.81
ansızın	3.81
aptallık	3.81
araçlarının	3.81
artarak	3.81
attığını	3.81
atıyoruz	3.81
ayrılıyor	3.81
açıkla	3.81
açılışında	3.81
aşamasına	3.81
bafra	3.81
bahçeye	3.81
bakanımız	3.81
baktık	3.81
bakışları	3.81
bazında	3.81
bağırıp	3.81
belirleme	3.81
bes	3.81
besleyen	3.81
beylere	3.81
beyleri	3.81
bildikleri	3.81
bilgili	3.81
bilsin	3.81
binbir	3.81
birleştirerek	3.81
birsey	3.81
bisküvi	3.81
bitmeyen	3.81
borcun	3.81
bucak	3.81
bulgar	3.81
buluşacak	3.81
bölme	3.81
bıçağı	3.81
cadılar	3.81
cephesinde	3.81
cihangir	3.81
dalda	3.81
davranır	3.81
dağlık	3.81
dağıtmak	3.81
dediklerini	3.81
deneyimini	3.81
değerlendirmek	3.81
değerlere	3.81
değişimler	3.81
değiştiğini	3.81
diliyle	3.81
dinini	3.81
durdum	3.81
durması	3.81
durmaz	3.81
duy	3.81
duydunuz	3.81
duyu	3.81
döngüsü	3.81
düzenlemeleri	3.81
düşmanlığı	3.81
düştük	3.81
düşüncenin	3.81
edilmedi	3.81
efendimizin	3.81
ego	3.81
elimize	3.81
elçisi	3.81
epeyce	3.81
esenyurt	3.81
etmezler	3.81
ettiğinden	3.81
eğitiminin	3.81
farsça	3.81
faul	3.81
fehmi	3.81
fidye	3.81
fizyolojik	3.81
girişimine	3.81
gittikten	3.81
gururu	3.81
görevin	3.81
görünüşü	3.81
gösterge	3.81
gösteriyordu	3.81
götüne	3.81
gözetleme	3.81
haberde	3.81
hakkının	3.81
halin	3.81
hamburger	3.81
harfler	3.81
hastayı	3.81
hattın	3.81
havalarda	3.81
hedefleyen	3.81
hibrit	3.81
hizmetlerini	3.81
hormon	3.81
hücresi	3.81
icinde	3.81
id	3.81
idman	3.81
ifadelerini	3.81
ii	3.81
ikişer	3.81
ilgilenir	3.81
inandığı	3.81
indirip	3.81
isi	3.81
istemiyorsan	3.81
istermisin	3.81
italyanca	3.81
iyimser	3.81
izci	3.81
içinizde	3.81
joy	3.81
kalmaktan	3.81
kaplar	3.81
kapısından	3.81
karadan	3.81
karakterine	3.81
kardeşlerimiz	3.81
kardeşliği	3.81
karışıklık	3.81
karşıladı	3.81
kavak	3.81
kaçarak	3.81
kaçıncı	3.81
kebap	3.81
keder	3.81
kil	3.81
kokain	3.81
kolej	3.81
kollarında	3.81
konuşacağız	3.81
kozmik	3.81
koşar	3.81
kullanılmasını	3.81
kullanırlar	3.81
kulübünün	3.81
kıldı	3.81
kılığına	3.81
kırılgan	3.81
kısmet	3.81
lisansüstü	3.81
lisesinde	3.81
listenin	3.81
mahsus	3.81
manevra	3.81
marc	3.81
markete	3.81
melodi	3.81
menfaat	3.81
miguel	3.81
mistik	3.81
mithat	3.81
molla	3.81
moon	3.81
muhabbeti	3.81
müdürümüz	3.81
mülteciler	3.81
müsteşarı	3.81
namus	3.81
noah	3.81
nüfusa	3.81
okuduktan	3.81
olmadıklarını	3.81
olmadığının	3.81
olmamı	3.81
olurduk	3.81
oluyorsa	3.81
oyların	3.81
oyundur	3.81
oyunlara	3.81
oyununun	3.81
paralarını	3.81
parasal	3.81
parkın	3.81
pezevenk	3.81
ph	3.81
piyanist	3.81
projesine	3.81
rahatsızlığı	3.81
raporuna	3.81
restaurant	3.81
riley	3.81
ruhi	3.81
sac	3.81
sakallı	3.81
saldırıyor	3.81
saygıdeğer	3.81
school	3.81
senenin	3.81
senindir	3.81
sevim	3.81
sgk	3.81
silme	3.81
simit	3.81
sirke	3.81
sitesindeki	3.81
solucan	3.81
stresli	3.81
sullivan	3.81
suyunun	3.81
söylemem	3.81
sürüsü	3.81
sıfırdan	3.81
sıkan	3.81
sıkıyor	3.81
sınavında	3.81
sıtkı	3.81
taburcu	3.81
takipçileri	3.81
tanem	3.81
tanıştı	3.81
tarihler	3.81
tartışmak	3.81
tasarlandı	3.81
tasarımcı	3.81
tayland	3.81
taşıt	3.81
team	3.81
telli	3.81
tenisi	3.81
terimi	3.81
terzi	3.81
toplanması	3.81
topraktan	3.81
tunus	3.81
turizmi	3.81
tutuluyor	3.81
tuğgeneral	3.81
türbe	3.81
türlerinin	3.81
umurumda	3.81
university	3.81
unutun	3.81
urla	3.81
usd	3.81
uygulamaların	3.81
uysal	3.81
uzmanlaşmış	3.81
uğraşıyor	3.81
verebilirim	3.81
vergiler	3.81
vermediği	3.81
versene	3.81
via	3.81
wu	3.81
yaprağı	3.81
yaptığında	3.81
yarak	3.81
yarasa	3.81
yattım	3.81
yayından	3.81
yağmuru	3.81
yaşamında	3.81
yenikapı	3.81
yerçekimi	3.81
yetişir	3.81
zat	3.81
ziyaretleri	3.81
zorlayan	3.81
çakal	3.81
çekildiği	3.81
çekilmek	3.81
çerkes	3.81
çizdiği	3.81
çizgileri	3.81
ödevi	3.81
ödüle	3.81
önlisans	3.81
ören	3.81
özünde	3.81
ünün	3.81
ıgor	3.81
şahitlik	3.81
şansa	3.81
şehrinin	3.81
adamlarını	3.8
adanmış	3.8
adlarını	3.8
aliyev	3.8
alkan	3.8
amiri	3.8
anahtarını	3.8
anlatsana	3.8
anlaşmazlık	3.8
aram	3.8
arazinin	3.8
araştırmalarda	3.8
arkanda	3.8
arsa	3.8
arıyorsun	3.8
ashley	3.8
atladı	3.8
atılacak	3.8
ayakkabıları	3.8
ayn	3.8
ayrıldığı	3.8
ayrılmaz	3.8
açalım	3.8
açılmasını	3.8
bacaklarını	3.8
baktığı	3.8
bayraklı	3.8
bağımlılığı	3.8
başımın	3.8
belirtilir	3.8
bembeyaz	3.8
berrak	3.8
bilgim	3.8
bilmeli	3.8
bitmiyor	3.8
bomboş	3.8
boyama	3.8
bulunamadı	3.8
bülteni	3.8
bünyesindeki	3.8
bünyesine	3.8
bırakması	3.8
bırakmayan	3.8
bıraktığım	3.8
call	3.8
cemaatin	3.8
cenab	3.8
cenevre	3.8
cezayir	3.8
cup	3.8
dakikasında	3.8
davalar	3.8
dağlara	3.8
deliller	3.8
değecek	3.8
değerlendirmesi	3.8
değiştirmez	3.8
diyeceğiz	3.8
dolandırıcı	3.8
donatılmış	3.8
dosdoğru	3.8
doğaüstü	3.8
durumla	3.8
duymadan	3.8
dylan	3.8
dönmesini	3.8
düşmesine	3.8
düşünülmektedir	3.8
edebilen	3.8
edemezsiniz	3.8
edinmek	3.8
ekonomisine	3.8
enfeksiyonu	3.8
engelledi	3.8
engelliyor	3.8
enstitü	3.8
esaslı	3.8
eyvallah	3.8
fabrikaları	3.8
fahrettin	3.8
farkli	3.8
fay	3.8
ff	3.8
fikrin	3.8
filmlerden	3.8
fırça	3.8
galibiyetle	3.8
gayrimenkul	3.8
geliş	3.8
gelmekte	3.8
genci	3.8
genişletilmiş	3.8
getirsin	3.8
gitsek	3.8
gr	3.8
gönderdik	3.8
gördüler	3.8
görüşüyorum	3.8
gözaltında	3.8
göğe	3.8
gültekin	3.8
habertürk	3.8
hapisten	3.8
harekatı	3.8
harikalar	3.8
harikaydı	3.8
hastaneden	3.8
hastanenin	3.8
havalar	3.8
havalimanında	3.8
hazırda	3.8
hazırlama	3.8
hiçbirini	3.8
hudson	3.8
hâli	3.8
ibret	3.8
ideoloji	3.8
ihlas	3.8
inancım	3.8
iplik	3.8
isimlerle	3.8
istatistiksel	3.8
istedin	3.8
istersem	3.8
iyileştirmek	3.8
içeriden	3.8
juventus	3.8
kabine	3.8
kaldıracak	3.8
kapısının	3.8
karanfil	3.8
kardeşimi	3.8
kazandığını	3.8
kazanmanın	3.8
kestim	3.8
kilometrelik	3.8
kompleks	3.8
konur	3.8
konuşmada	3.8
korumalı	3.8
koçu	3.8
kullanıldığında	3.8
kurak	3.8
kurtulur	3.8
kısmından	3.8
lahana	3.8
lamba	3.8
len	3.8
leziz	3.8
macar	3.8
mad	3.8
maddesine	3.8
maddeyi	3.8
maggie	3.8
manço	3.8
manşet	3.8
marjinal	3.8
maurice	3.8
mektupta	3.8
meleği	3.8
mesafesi	3.8
meyvesi	3.8
mutluluğun	3.8
müdürlüğüne	3.8
müzede	3.8
nesneler	3.8
nike	3.8
olaylarda	3.8
olmanıza	3.8
olucak	3.8
oluştuğunu	3.8
orkestrası	3.8
panda	3.8
papatya	3.8
parmağını	3.8
parçanın	3.8
peşini	3.8
pist	3.8
planlanmış	3.8
po	3.8
programlarına	3.8
queen	3.8
rahatlatıcı	3.8
rejiminin	3.8
retro	3.8
robinson	3.8
robotlar	3.8
saka	3.8
saniyelik	3.8
sarımsak	3.8
sağladık	3.8
sd	3.8
seksen	3.8
seneki	3.8
sesinin	3.8
sevmiştim	3.8
seyyar	3.8
sisteminden	3.8
siteyi	3.8
sivilce	3.8
siyasetçiler	3.8
soruna	3.8
söylemiştim	3.8
söyleyeceğim	3.8
söylüyordu	3.8
süresini	3.8
sütlü	3.8
sıfatıyla	3.8
sıralaması	3.8
takla	3.8
tamamlanması	3.8
tankı	3.8
tanımlamak	3.8
taraflar	3.8
teftiş	3.8
temsilciliği	3.8
tepkisini	3.8
testere	3.8
there	3.8
timur	3.8
titiz	3.8
tohumu	3.8
trafikte	3.8
turunda	3.8
tuğrul	3.8
tüik	3.8
tümünü	3.8
türbesi	3.8
türkçeye	3.8
türküler	3.8
türler	3.8
türünden	3.8
türünü	3.8
umudunu	3.8
utangaç	3.8
uyandıran	3.8
uyanın	3.8
uykuda	3.8
uykusuzluk	3.8
varlıklarını	3.8
varlığından	3.8
vermesine	3.8
versen	3.8
viktor	3.8
vol	3.8
yahudilerin	3.8
yalanı	3.8
yapabileceğim	3.8
yapraklı	3.8
yapsınlar	3.8
yapılıp	3.8
yardımcımız	3.8
yatsın	3.8
yazdığını	3.8
yaşamaktan	3.8
yaşlılar	3.8
yaşım	3.8
yaşıma	3.8
yetkin	3.8
yollarına	3.8
ysk	3.8
yüzen	3.8
yıllığına	3.8
zorluyor	3.8
çalışalım	3.8
çalışılan	3.8
çekerim	3.8
çözme	3.8
çıkacaktır	3.8
çıkartma	3.8
ölmez	3.8
ölmüştür	3.8
öğrencilerimiz	3.8
öğrenimini	3.8
şehzade	3.8
şekerleme	3.8
şeklidir	3.8
şeridi	3.8
şeytana	3.8
şifreleme	3.8
adamda	3.79
adrese	3.79
adımını	3.79
afrikalı	3.79
akgün	3.79
alabilecek	3.79
albümde	3.79
aldırma	3.79
alemdar	3.79
almamız	3.79
alsa	3.79
alçı	3.79
alışılmadık	3.79
anayasası	3.79
anlamadığım	3.79
anlaşmaları	3.79
anlaşılabilir	3.79
anlıyorsun	3.79
araması	3.79
arenada	3.79
arkadaki	3.79
arkadaşımı	3.79
arnold	3.79
ateşleme	3.79
audi	3.79
aşina	3.79
aşçı	3.79
babadan	3.79
baklava	3.79
bakıyorsunuz	3.79
barosu	3.79
basa	3.79
başarmak	3.79
bekliyordum	3.79
bekçi	3.79
belle	3.79
benimsin	3.79
benz	3.79
boncuk	3.79
bulana	3.79
bulunuyoruz	3.79
bursu	3.79
bütçesi	3.79
büyümeye	3.79
camide	3.79
carmen	3.79
cebinden	3.79
cihad	3.79
cinayetleri	3.79
cümleyi	3.79
darbeye	3.79
demişler	3.79
demiştin	3.79
dergilerde	3.79
dersem	3.79
detayı	3.79
değerlidir	3.79
değiştiriyor	3.79
didem	3.79
diledi	3.79
dillere	3.79
dimdik	3.79
dinden	3.79
dizüstü	3.79
dokunmayın	3.79
dolaşım	3.79
doğruladı	3.79
doğumu	3.79
duyduğumuz	3.79
duyurusunda	3.79
düzenini	3.79
düşündük	3.79
düşünmeyi	3.79
düşürme	3.79
earl	3.79
edit	3.79
ekleme	3.79
elemanlar	3.79
ermiş	3.79
eroin	3.79
etkisinde	3.79
fahişe	3.79
farkın	3.79
filmlerini	3.79
filtre	3.79
firmalar	3.79
fisher	3.79
futbolcuların	3.79
fırında	3.79
gebelik	3.79
geleceğiz	3.79
geliriz	3.79
gelirleri	3.79
gelişimine	3.79
gelmesin	3.79
gemisinin	3.79
geneli	3.79
georgia	3.79
geçirmesi	3.79
giderdi	3.79
gil	3.79
giyecek	3.79
giyme	3.79
gizlemek	3.79
görse	3.79
görüşe	3.79
görüşüne	3.79
görüşüyor	3.79
gösterdiler	3.79
gösteriler	3.79
gösterime	3.79
gözüken	3.79
günümde	3.79
güçle	3.79
hababam	3.79
hamilelik	3.79
hapı	3.79
hastalıktır	3.79
hastalığının	3.79
hayranım	3.79
heba	3.79
helikopteri	3.79
hm	3.79
hope	3.79
hot	3.79
hurda	3.79
ilişkilerde	3.79
imparatoru	3.79
inançları	3.79
insanlardır	3.79
insanlarının	3.79
istanbulda	3.79
istemektedir	3.79
istemişti	3.79
istifade	3.79
japonlar	3.79
kabiliyeti	3.79
kahvaltısı	3.79
kalktım	3.79
kalırlar	3.79
kapanır	3.79
karagöz	3.79
karakterlerin	3.79
karatay	3.79
karga	3.79
karşılaştım	3.79
kazaları	3.79
kediyi	3.79
kendisidir	3.79
kertenkele	3.79
kervan	3.79
kesilmesi	3.79
kilogram	3.79
kimsiniz	3.79
kiralama	3.79
kitaplarda	3.79
komşusu	3.79
konağı	3.79
konserler	3.79
konserve	3.79
korktuğu	3.79
koro	3.79
korudu	3.79
kullanıcıya	3.79
kurtarıldı	3.79
kurultay	3.79
kuşun	3.79
kyle	3.79
kökten	3.79
kölelik	3.79
kürk	3.79
kırgızistan	3.79
kışı	3.79
lafın	3.79
last	3.79
liam	3.79
limiti	3.79
lou	3.79
luther	3.79
lösemi	3.79
madison	3.79
manhattan	3.79
mel	3.79
memleketin	3.79
mesafeden	3.79
misafirler	3.79
motivasyon	3.79
müsade	3.79
müziğinin	3.79
nano	3.79
navigasyon	3.79
nietzsche	3.79
norm	3.79
okyanusu	3.79
olayının	3.79
oluşturulmuştur	3.79
ortasından	3.79
oynaması	3.79
oynanır	3.79
oyuncağı	3.79
pascal	3.79
pisti	3.79
planına	3.79
rahibe	3.79
referandumu	3.79
reklamları	3.79
rekorları	3.79
reşat	3.79
rita	3.79
safa	3.79
sanmıştım	3.79
satılıyor	3.79
sayıdaki	3.79
sebepsiz	3.79
sesim	3.79
sezai	3.79
sezonunu	3.79
seçimin	3.79
seçmeli	3.79
siki	3.79
sistemle	3.79
solar	3.79
sondaj	3.79
sonucudur	3.79
sorgulamak	3.79
sorunlarına	3.79
stark	3.79
söke	3.79
süregelen	3.79
sürmüş	3.79
sütun	3.79
sıkıntıya	3.79
taki	3.79
taklidi	3.79
talat	3.79
tamamında	3.79
tanıştığı	3.79
taraması	3.79
tartışmalara	3.79
tarıma	3.79
taslak	3.79
tatlıses	3.79
taşımacılığı	3.79
tekerlek	3.79
tepede	3.79
terörü	3.79
texas	3.79
toplantısını	3.79
tuzağa	3.79
ucunu	3.79
ulaşılabilir	3.79
umre	3.79
una	3.79
unuttu	3.79
vatandaşlarının	3.79
veliaht	3.79
verilmiyor	3.79
vermeniz	3.79
vermiştim	3.79
viski	3.79
yakacak	3.79
yapamadım	3.79
yaptıklarının	3.79
yargılanan	3.79
yatağın	3.79
yazıda	3.79
yazılımlar	3.79
yazının	3.79
yaşamlarını	3.79
yaşanabilir	3.79
yaşayın	3.79
yaştan	3.79
yeditepe	3.79
yenir	3.79
yersiz	3.79
yeryüzünün	3.79
yiyerek	3.79
yulaf	3.79
yunanca	3.79
yürütmek	3.79
yüzeysel	3.79
yığın	3.79
zarf	3.79
zirvesinde	3.79
zordu	3.79
çektiğini	3.79
çeşitliliği	3.79
çıkarttı	3.79
çıkışını	3.79
öldürmeyi	3.79
öldürüldüğünü	3.79
ölçekte	3.79
özelliklerin	3.79
özlüyor	3.79
öğreniyorum	3.79
üncü	3.79
üslup	3.79
şampuan	3.79
şebeke	3.79
şeytani	3.79
şımarık	3.79
abe	3.78
abraham	3.78
abu	3.78
adamlarına	3.78
adobe	3.78
aileyiz	3.78
aklınızda	3.78
akışına	3.78
albümünü	3.78
alpay	3.78
alzheimer	3.78
alındığını	3.78
analog	3.78
anka	3.78
anlaşmalar	3.78
arasinda	3.78
artacak	3.78
artmaktadır	3.78
arttırır	3.78
atmıştır	3.78
ayaklarına	3.78
ayağım	3.78
açıkladığı	3.78
aşıklar	3.78
barışa	3.78
bayanın	3.78
bağlayıp	3.78
belası	3.78
belirti	3.78
bergama	3.78
bildiren	3.78
bilek	3.78
biliyorduk	3.78
birikmiş	3.78
bitirdik	3.78
borçluyuz	3.78
bostancı	3.78
bozulması	3.78
br	3.78
bulmaca	3.78
bulunma	3.78
buraları	3.78
böcekleri	3.78
büyüyünce	3.78
bı	3.78
calvin	3.78
camiler	3.78
canınız	3.78
cumhurbaşkanımızın	3.78
daily	3.78
danışmanları	3.78
dağıldı	3.78
dee	3.78
deneyi	3.78
dengesini	3.78
denince	3.78
derslere	3.78
devrinde	3.78
değerlendirilir	3.78
değişmeyen	3.78
diane	3.78
dikmen	3.78
dinlerken	3.78
dinleyip	3.78
dokunur	3.78
dolan	3.78
doğaçlama	3.78
doğuyor	3.78
dp	3.78
duncan	3.78
durgun	3.78
durumum	3.78
duygularımı	3.78
duyurmak	3.78
duyurulur	3.78
dördü	3.78
eczacılık	3.78
edemezsin	3.78
edenleri	3.78
edilmesinin	3.78
ekibe	3.78
elvan	3.78
erbil	3.78
esed	3.78
eskişehirspor	3.78
eskort	3.78
euroleague	3.78
evimize	3.78
evlerini	3.78
eşyalarını	3.78
faili	3.78
feragat	3.78
ferrari	3.78
filmine	3.78
firmaları	3.78
fosil	3.78
futbolda	3.78
gazetecileri	3.78
gazeteye	3.78
gerekenleri	3.78
getirmektedir	3.78
gezerken	3.78
geziyor	3.78
geçirdiler	3.78
geçtiğinde	3.78
gidilir	3.78
goethe	3.78
gomez	3.78
grevi	3.78
gruplarına	3.78
gönderip	3.78
görünüş	3.78
göstergesidir	3.78
gösteriş	3.78
güller	3.78
güveniyor	3.78
hakkından	3.78
hamilton	3.78
hapishanede	3.78
haritalar	3.78
hatunu	3.78
hazırlamış	3.78
hazırlayıp	3.78
hikâyeler	3.78
hukukçu	3.78
hırsızlığı	3.78
ilgiyi	3.78
illere	3.78
incelemeler	3.78
incelemeye	3.78
insanının	3.78
intihara	3.78
isabetli	3.78
iskoç	3.78
izine	3.78
izlenir	3.78
içimizden	3.78
işidir	3.78
jedi	3.78
joey	3.78
jonas	3.78
juliet	3.78
kabin	3.78
kadin	3.78
kalmaktadır	3.78
kampında	3.78
kapanmıştır	3.78
kaplayan	3.78
kaplumbağa	3.78
karakol	3.78
karşılaştırıldığında	3.78
karşına	3.78
katkılar	3.78
katılımcıların	3.78
kaçamak	3.78
kenarları	3.78
kenny	3.78
kesiyor	3.78
kestane	3.78
kiev	3.78
kireç	3.78
kişilerde	3.78
klima	3.78
komando	3.78
kongrede	3.78
konudan	3.78
koordine	3.78
korkmuyorum	3.78
kremi	3.78
kurdular	3.78
kurs	3.78
kutuları	3.78
kuzeyindeki	3.78
köprüden	3.78
küçükçekmece	3.78
kıvılcım	3.78
laflar	3.78
ları	3.78
liseyi	3.78
logan	3.78
mabel	3.78
mahalleye	3.78
makinenin	3.78
meram	3.78
mesajın	3.78
meselesini	3.78
mikrop	3.78
milletine	3.78
ml	3.78
mütevazi	3.78
nane	3.78
narkotik	3.78
nas	3.78
ney	3.78
neşet	3.78
nisa	3.78
nişanlısı	3.78
north	3.78
noter	3.78
numaramı	3.78
nâzım	3.78
odayı	3.78
okulunu	3.78
olmasıydı	3.78
olmuşlardır	3.78
olsaydık	3.78
oluşumunu	3.78
omuza	3.78
onaylı	3.78
onuru	3.78
operasyona	3.78
ordudan	3.78
ormanın	3.78
ortaköy	3.78
otoyol	3.78
oynayın	3.78
oyunlarında	3.78
paramı	3.78
penguen	3.78
photo	3.78
pi	3.78
pişirme	3.78
planının	3.78
player	3.78
polisiye	3.78
pornosu	3.78
poşet	3.78
prensibi	3.78
rakipleri	3.78
rakı	3.78
rasyonel	3.78
rengine	3.78
rex	3.78
ruby	3.78
sahipsiz	3.78
sakatlığı	3.78
saklama	3.78
sally	3.78
sancaktepe	3.78
sandığa	3.78
savunuyor	3.78
sayfasına	3.78
sayfaya	3.78
sayılabilecek	3.78
sergileyen	3.78
shawn	3.78
sihir	3.78
sinin	3.78
sistemdir	3.78
sistemlerine	3.78
skoru	3.78
sokaktan	3.78
sonbaharda	3.78
sorup	3.78
sorusunun	3.78
soğuktan	3.78
stoper	3.78
sularda	3.78
suçlamasıyla	3.78
söylemiyorum	3.78
sözcü	3.78
söğüt	3.78
süsü	3.78
sınavını	3.78
sırasına	3.78
sırtından	3.78
tabakası	3.78
takı	3.78
tanımaya	3.78
tanımlayan	3.78
tapu	3.78
tebliğ	3.78
tesbih	3.78
they	3.78
tipine	3.78
topluluğun	3.78
toplumunun	3.78
töre	3.78
türkeş	3.78
umuduyla	3.78
unutmamak	3.78
uzaklıktadır	3.78
uğraşıyorum	3.78
vadede	3.78
vapur	3.78
veremiyorum	3.78
viral	3.78
way	3.78
yakalayıp	3.78
yanlarına	3.78
yapabileceğiniz	3.78
yapacağımı	3.78
yapamazsın	3.78
yapmadığı	3.78
yapımcılığını	3.78
yaradı	3.78
yayılması	3.78
yayımladığı	3.78
yemem	3.78
yeşili	3.78
yiyecekleri	3.78
yokluğu	3.78
yokluğunda	3.78
yüzeyinde	3.78
yüzlerini	3.78
yüzüğü	3.78
yıkılmış	3.78
zihni	3.78
çalıştırmak	3.78
çatışmaya	3.78
çağrısında	3.78
çevirir	3.78
çocuklu	3.78
çölde	3.78
çıkarsın	3.78
ödülüne	3.78
öldürecek	3.78
önderlik	3.78
özbekistan	3.78
öğrencilik	3.78
ünye	3.78
üzereyken	3.78
ını	3.78
şarabı	3.78
şartsız	3.78
acımasızca	3.77
adaylığını	3.77
ailelerinin	3.77
akrabası	3.77
aktarılan	3.77
aktris	3.77
alemde	3.77
alemi	3.77
alışkın	3.77
andıran	3.77
antibiyotik	3.77
arasın	3.77
arasını	3.77
arayüzü	3.77
arazisi	3.77
atları	3.77
attila	3.77
auto	3.77
aydemir	3.77
azap	3.77
açılıp	3.77
aıds	3.77
aşamaya	3.77
bacağı	3.77
bakteriler	3.77
başardık	3.77
başarmıştır	3.77
başbaşa	3.77
başlarım	3.77
belirtildiği	3.77
betty	3.77
beverly	3.77
bileşik	3.77
binmek	3.77
biran	3.77
biçimidir	3.77
bozar	3.77
bulacaksınız	3.77
buldunuz	3.77
bulursunuz	3.77
bölünme	3.77
büyüdükçe	3.77
cennetten	3.77
cirit	3.77
class	3.77
coşkulu	3.77
coşkuyla	3.77
darbeyi	3.77
dağıtılan	3.77
dekan	3.77
depresif	3.77
derslerini	3.77
değişikliklere	3.77
dikenli	3.77
dinlemeyi	3.77
dinlenmek	3.77
dokunan	3.77
doldurup	3.77
dolmabahçe	3.77
donmuş	3.77
doğruları	3.77
duvarlara	3.77
duvarların	3.77
duygusunu	3.77
döküp	3.77
döndüğünü	3.77
dönemler	3.77
düşürür	3.77
edersek	3.77
edinme	3.77
elektriksel	3.77
eserinde	3.77
etkisinden	3.77
etmedik	3.77
etmeyeceğiz	3.77
evliliğin	3.77
ez	3.77
eşin	3.77
filmlerinde	3.77
fiziği	3.77
freddie	3.77
freud	3.77
gaius	3.77
gelmem	3.77
gelmesinden	3.77
gence	3.77
gerekti	3.77
gerilimi	3.77
getireceğiz	3.77
getirilerek	3.77
getirmişti	3.77
geçemez	3.77
geçimini	3.77
gidenler	3.77
gidi	3.77
girdin	3.77
girelim	3.77
girmesiyle	3.77
glenn	3.77
gm	3.77
gönlünü	3.77
gösterdiğini	3.77
gözlerle	3.77
gündüzleri	3.77
güngören	3.77
güçlere	3.77
hakimiyeti	3.77
hangisinin	3.77
hannah	3.77
hanı	3.77
hastaya	3.77
haydarpaşa	3.77
hazırlanması	3.77
hediyeleri	3.77
hesaplarını	3.77
hikâyenin	3.77
hizmetçi	3.77
hughes	3.77
hükmünde	3.77
ibadete	3.77
ilinin	3.77
ilişkilerinin	3.77
isimlerinin	3.77
islamiyet	3.77
istemiştir	3.77
isteyebilir	3.77
izlenim	3.77
içmeyi	3.77
kafadan	3.77
kafkasya	3.77
kalacaktır	3.77
kalacağını	3.77
kalecisi	3.77
kalkmak	3.77
kampanyasına	3.77
kapatıyorum	3.77
kararlarını	3.77
kararının	3.77
kargaşa	3.77
karnına	3.77
karşıyayız	3.77
kasabaya	3.77
kaybediyoruz	3.77
kaybetmiştir	3.77
kayıplara	3.77
kayıtlarında	3.77
kaçınmak	3.77
kibirli	3.77
kitaplarında	3.77
kocasını	3.77
kolaylaştırmak	3.77
kollar	3.77
kolombiya	3.77
kondu	3.77
konfederasyonu	3.77
korktuğum	3.77
korunan	3.77
koruyucusu	3.77
kurtarıcı	3.77
kurutulmuş	3.77
köşesi	3.77
köşk	3.77
kılıyor	3.77
kırılan	3.77
lardan	3.77
lauren	3.77
league	3.77
lily	3.77
lo	3.77
lutfen	3.77
mana	3.77
manga	3.77
marksist	3.77
masraflarını	3.77
materyal	3.77
mağlubiyet	3.77
med	3.77
mekanlar	3.77
met	3.77
michel	3.77
milliyetçiliği	3.77
molası	3.77
mont	3.77
moruk	3.77
mühür	3.77
nazan	3.77
ned	3.77
nefesi	3.77
olgu	3.77
olmasan	3.77
oluşmuştur	3.77
onurunu	3.77
ormana	3.77
ormanları	3.77
oturun	3.77
oyuncaklar	3.77
oyunlarından	3.77
paranızı	3.77
parazit	3.77
pazarda	3.77
pearl	3.77
pera	3.77
piksel	3.77
piyango	3.77
pompa	3.77
porter	3.77
pozisyonunda	3.77
premium	3.77
pusula	3.77
rakibine	3.77
revize	3.77
ricam	3.77
river	3.77
romalılar	3.77
rüyasında	3.77
santimetre	3.77
satanlar	3.77
savaşının	3.77
sağlayın	3.77
sağlığını	3.77
sedef	3.77
selma	3.77
seneler	3.77
seçen	3.77
seçilmesi	3.77
she	3.77
sinemasının	3.77
sizlerde	3.77
sonrasına	3.77
sordular	3.77
soslu	3.77
stadyum	3.77
stk	3.77
studio	3.77
söylediğin	3.77
sözlerinin	3.77
sümer	3.77
sürtük	3.77
tahsil	3.77
talebini	3.77
tanıştığım	3.77
tartışmasız	3.77
tecrübesi	3.77
tepesine	3.77
tersini	3.77
toksik	3.77
toplantılar	3.77
topraklarını	3.77
tuvalette	3.77
uzunluk	3.77
uçlu	3.77
varlıklı	3.77
vatandaşlarımız	3.77
vurduğu	3.77
vıp	3.77
woody	3.77
yapmamak	3.77
yaralılar	3.77
yardımlaşma	3.77
yarışmasına	3.77
yatacak	3.77
yazmıştı	3.77
yediğim	3.77
yemeden	3.77
yumurtaları	3.77
yükselişi	3.77
yüzbinlerce	3.77
yıldızlara	3.77
zihniyet	3.77
ziyaretçiler	3.77
çalmayı	3.77
çelişki	3.77
çocukluğu	3.77
çuval	3.77
çökmüş	3.77
çıkarılır	3.77
çıksa	3.77
öder	3.77
öldürdüler	3.77
ölümlü	3.77
öncede	3.77
önlemleri	3.77
öptüm	3.77
özgürlüğün	3.77
öğrenip	3.77
öğrenmesi	3.77
öğreten	3.77
ünlülerin	3.77
ıl	3.77
şantaj	3.77
şeylerde	3.77
acıdan	3.76
acıtıyor	3.76
adresinden	3.76
ahlakı	3.76
alışverişi	3.76
amsterdam	3.76
andaki	3.76
anlayışına	3.76
antrenörü	3.76
aradığını	3.76
arkadaslar	3.76
artmıştır	3.76
arttığı	3.76
asli	3.76
atina	3.76
avatar	3.76
avcıları	3.76
ayran	3.76
açıklamasında	3.76
ağacının	3.76
bakımlı	3.76
baran	3.76
barbar	3.76
barda	3.76
bayındırlık	3.76
bazılarına	3.76
başkana	3.76
başladığımız	3.76
başları	3.76
başlıkları	3.76
bebeklerin	3.76
beceriksiz	3.76
bedensel	3.76
bekledik	3.76
beldesi	3.76
belediyeleri	3.76
berkay	3.76
beşer	3.76
bildim	3.76
bileceksin	3.76
birbirimizin	3.76
birinciliği	3.76
bitirir	3.76
bitmeyecek	3.76
biyografi	3.76
bk	3.76
body	3.76
boynu	3.76
brandon	3.76
buffy	3.76
burke	3.76
buğra	3.76
bölgelerin	3.76
bölümlerini	3.76
canlarını	3.76
cansu	3.76
cildi	3.76
cinsten	3.76
coğrafyada	3.76
cross	3.76
dairenin	3.76
damak	3.76
davaları	3.76
davasına	3.76
dağıttı	3.76
demez	3.76
derek	3.76
dersine	3.76
devletimizin	3.76
dexter	3.76
değilken	3.76
değişimleri	3.76
değiştirdim	3.76
dinleyerek	3.76
doksan	3.76
doktorların	3.76
dolabı	3.76
dolma	3.76
doya	3.76
dsi	3.76
dumlupınar	3.76
durdurma	3.76
dünyalar	3.76
düzenlemeye	3.76
düşüktür	3.76
düşünmüyor	3.76
edilecektir	3.76
ejder	3.76
eklenerek	3.76
eksiklik	3.76
elbiseleri	3.76
esiri	3.76
ettiğimi	3.76
eugene	3.76
evlen	3.76
evrendeki	3.76
eşyaların	3.76
faaliyetlerinin	3.76
finansman	3.76
fitness	3.76
gazetecilerin	3.76
geleceğimizi	3.76
gelmezdi	3.76
genişleme	3.76
girne	3.76
giysileri	3.76
grupla	3.76
görürseniz	3.76
gösterelim	3.76
güzellikler	3.76
halklar	3.76
hareketlerinin	3.76
hatırlatma	3.76
hayrettin	3.76
hazırlanır	3.76
hazırlayın	3.76
hekimi	3.76
hisleri	3.76
hizmetini	3.76
homer	3.76
hoşunuza	3.76
hıza	3.76
ihtisas	3.76
ikisinde	3.76
inancın	3.76
inandım	3.76
inecek	3.76
ingilizlerin	3.76
ithalat	3.76
itham	3.76
iyileri	3.76
izleyecek	3.76
iznik	3.76
içlerine	3.76
işlerinin	3.76
işlevini	3.76
işçinin	3.76
kaldırarak	3.76
kapatmaya	3.76
karanlığı	3.76
kareler	3.76
karnında	3.76
karşılaşmasında	3.76
katını	3.76
kaynaklanıyor	3.76
kendince	3.76
keşfetmek	3.76
keşiş	3.76
kimselere	3.76
kodlama	3.76
komşuları	3.76
konsere	3.76
kontrat	3.76
korkunun	3.76
kullananlar	3.76
kullanmaktan	3.76
kurulunun	3.76
kurşuna	3.76
kuşku	3.76
köşesine	3.76
kıvırcık	3.76
leonardo	3.76
malezya	3.76
mecburen	3.76
meclisinde	3.76
medyayı	3.76
melike	3.76
memnuniyetle	3.76
meteor	3.76
meyilli	3.76
muhtelif	3.76
müjdat	3.76
müstakil	3.76
mütevelli	3.76
müziğini	3.76
müşterek	3.76
müşterilerin	3.76
nerdesin	3.76
nörolojik	3.76
okuması	3.76
olabilmesi	3.76
olduğudur	3.76
olmuşlar	3.76
ortakları	3.76
otoriter	3.76
oval	3.76
oyunudur	3.76
pamukkale	3.76
patlamanın	3.76
paula	3.76
pedro	3.76
polisten	3.76
polo	3.76
portalı	3.76
programlarının	3.76
raporunda	3.76
ret	3.76
roberto	3.76
rusların	3.76
saldırısını	3.76
santim	3.76
savaşına	3.76
saygıyı	3.76
saçlarım	3.76
sebepler	3.76
selami	3.76
senaryoyu	3.76
sertifikası	3.76
seviyorsan	3.76
siemens	3.76
sinem	3.76
sopa	3.76
sorarım	3.76
sormuş	3.76
sponsoru	3.76
suçlamaları	3.76
söyleyebiliriz	3.76
sözünün	3.76
süpürge	3.76
sürdürüyor	3.76
süreleri	3.76
süreçler	3.76
tae	3.76
taha	3.76
taleplerini	3.76
tankları	3.76
tanrıya	3.76
tanrıça	3.76
tanıştık	3.76
tasarısı	3.76
taşların	3.76
tedbirler	3.76
teen	3.76
tekrarı	3.76
temenni	3.76
tezcan	3.76
tipte	3.76
torpido	3.76
truva	3.76
türün	3.76
ulusun	3.76
unutup	3.76
uykusuz	3.76
uzaklarda	3.76
uzaktaki	3.76
uğraşma	3.76
vale	3.76
vatikan	3.76
vazgeçme	3.76
verilmez	3.76
versiyonunu	3.76
vurularak	3.76
ward	3.76
winston	3.76
yapanlara	3.76
yapsa	3.76
yaratıcısı	3.76
yarısının	3.76
yasanın	3.76
yatırımlar	3.76
yayılır	3.76
yazıyordu	3.76
yağan	3.76
yegane	3.76
yerimde	3.76
yerindeki	3.76
yetiştirdiği	3.76
yüksekova	3.76
yüzler	3.76
zamanım	3.76
zeytinburnu	3.76
çalıştıran	3.76
çapındaki	3.76
çaresi	3.76
çarşaf	3.76
çağırır	3.76
çekmiyor	3.76
çizer	3.76
çoktur	3.76
çıkarması	3.76
önerileri	3.76
örgü	3.76
örgüte	3.76
örtü	3.76
özgürlükler	3.76
ünitesi	3.76
üretme	3.76
üyesinin	3.76
ışınları	3.76
şairler	3.76
şarkısının	3.76
şehircilik	3.76
şekle	3.76
şile	3.76
acıları	3.75
acının	3.75
adrenalin	3.75
ailemiz	3.75
ajans	3.75
akdağ	3.75
akyürek	3.75
akçay	3.75
akşamdan	3.75
alaka	3.75
alicia	3.75
alınmasına	3.75
anası	3.75
anketi	3.75
anlamadan	3.75
anlayışla	3.75
anlaştık	3.75
araştırmada	3.75
arttırma	3.75
atılması	3.75
ayağının	3.75
aydınlanma	3.75
aygün	3.75
ayrılmıştır	3.75
aytaç	3.75
ağaoğlu	3.75
ağaçtan	3.75
aşiret	3.75
bab	3.75
bataklık	3.75
bayanı	3.75
beklemeden	3.75
benfica	3.75
betül	3.75
beğenilen	3.75
biat	3.75
bilindiği	3.75
birleştirme	3.75
bitişik	3.75
bitmesine	3.75
boğazına	3.75
brooklyn	3.75
bulalım	3.75
buldukları	3.75
bulunuyorum	3.75
buzlu	3.75
bölgelerinden	3.75
bölmek	3.75
büyümek	3.75
caddesinde	3.75
campbell	3.75
cips	3.75
cl	3.75
cocuk	3.75
cüzdan	3.75
daveti	3.75
dayanıklılık	3.75
dekoratif	3.75
denilmektedir	3.75
derginin	3.75
diliyor	3.75
dillerde	3.75
diplomasi	3.75
diploması	3.75
diyorsa	3.75
dolarla	3.75
dorothy	3.75
drew	3.75
durduruldu	3.75
durmayın	3.75
durumdayım	3.75
döndükten	3.75
dönerim	3.75
dönümünde	3.75
dönüşmüş	3.75
dük	3.75
düşüncesini	3.75
düşünemiyorum	3.75
eklenmesi	3.75
ekonomide	3.75
ekonomiyi	3.75
elazığspor	3.75
ellerinizi	3.75
ellis	3.75
emniyete	3.75
emrinde	3.75
enerjik	3.75
ermenilerin	3.75
esrarengiz	3.75
etkinliğini	3.75
etrafımda	3.75
eun	3.75
eğitmen	3.75
filmlerinden	3.75
filmlerinin	3.75
fitne	3.75
fişi	3.75
frekansı	3.75
gala	3.75
gates	3.75
geldiklerini	3.75
geliyormuş	3.75
gelmedim	3.75
gemilerin	3.75
gerektiriyor	3.75
gezdi	3.75
gökyüzünün	3.75
gökçek	3.75
görevimiz	3.75
görevlendirilen	3.75
görevlerine	3.75
görüşte	3.75
gövdesi	3.75
güldü	3.75
güvenme	3.75
habercisi	3.75
halkları	3.75
hayırsever	3.75
hedeflerine	3.75
heralde	3.75
hesaplanır	3.75
if	3.75
ilerlemesi	3.75
ilgisiz	3.75
insanlarız	3.75
intikamı	3.75
isimdir	3.75
isteğiyle	3.75
izmirli	3.75
içindeydi	3.75
işgalci	3.75
işlemini	3.75
jenny	3.75
kadri	3.75
kafaları	3.75
kaldırmaya	3.75
kaldırılmış	3.75
kalede	3.75
kameraları	3.75
kampta	3.75
kanalın	3.75
kapanmış	3.75
kapsamına	3.75
karada	3.75
karanlıktan	3.75
karbondioksit	3.75
karşılaşan	3.75
kaybedilen	3.75
kaymak	3.75
kaynaklarından	3.75
kazanılmış	3.75
kaçakçılığı	3.75
kederli	3.75
kedinin	3.75
kelam	3.75
kesinti	3.75
kk	3.75
kompozisyon	3.75
konsolosluk	3.75
konularını	3.75
konuşmaktan	3.75
konuşmam	3.75
konuşmuyor	3.75
konuşsun	3.75
kopan	3.75
korkutan	3.75
koruyun	3.75
koştu	3.75
koşulsuz	3.75
kubbe	3.75
kulakları	3.75
kullanıcısı	3.75
kullanıyorlar	3.75
kupasını	3.75
kutlamaları	3.75
köksal	3.75
kılavuz	3.75
lena	3.75
linç	3.75
maaşları	3.75
magnezyum	3.75
malını	3.75
mecnun	3.75
mesafeyi	3.75
metrobüs	3.75
milyoner	3.75
miydim	3.75
modeline	3.75
namazına	3.75
okuyunca	3.75
olandır	3.75
olmadıkları	3.75
olmadığımız	3.75
olmasam	3.75
olmus	3.75
olurmuş	3.75
oluşabilir	3.75
omar	3.75
open	3.75
oranlı	3.75
organizasyonun	3.75
oylarını	3.75
oynadık	3.75
oyuncularından	3.75
oyunlarının	3.75
parçalanmış	3.75
patlayan	3.75
patlıcan	3.75
paylaşıyoruz	3.75
phone	3.75
piramit	3.75
piyasası	3.75
planlaması	3.75
politikacı	3.75
portal	3.75
pr	3.75
price	3.75
projesinde	3.75
prosedür	3.75
rebecca	3.75
renklerin	3.75
roller	3.75
sag	3.75
salatası	3.75
saldırıların	3.75
satıp	3.75
savaştı	3.75
sayar	3.75
sayıyı	3.75
sağanak	3.75
sağlamaktır	3.75
sağlıkta	3.75
sebebinin	3.75
selena	3.75
senedi	3.75
serbestçe	3.75
serpil	3.75
siteler	3.75
sitesine	3.75
sonuçların	3.75
sterlin	3.75
söyleyemem	3.75
sürümünü	3.75
sınavdan	3.75
sınırın	3.75
taarruz	3.75
tabloyu	3.75
tara	3.75
tatilinde	3.75
taşa	3.75
terörün	3.75
tiyatroya	3.75
turistler	3.75
turnuvada	3.75
tutuyoruz	3.75
türkmenler	3.75
tüyler	3.75
uc	3.75
ulaşarak	3.75
unutmadan	3.75
uymayan	3.75
uzanıp	3.75
uzaylılar	3.75
vahşice	3.75
vakıfbank	3.75
val	3.75
varis	3.75
vazgeçti	3.75
vermediler	3.75
vurulan	3.75
wan	3.75
want	3.75
yamaç	3.75
yansıyan	3.75
yapmışım	3.75
yaptıklarından	3.75
yapılmalıdır	3.75
yaratmaya	3.75
yatağına	3.75
yaşayanların	3.75
yenilenebilir	3.75
yenmek	3.75
yeriz	3.75
yetişmiş	3.75
yöneldi	3.75
zararsız	3.75
çalı	3.75
çalışabilir	3.75
çalışanlarının	3.75
çalışmalarla	3.75
çalışmasının	3.75
çalıştıkları	3.75
çalışıyorsun	3.75
çatalca	3.75
çetinkaya	3.75
çevreleyen	3.75
çingene	3.75
çinliler	3.75
çocuklarım	3.75
çıkartılan	3.75
çığ	3.75
ödemesi	3.75
ölçmek	3.75
ümmet	3.75
üne	3.75
ürkütücü	3.75
üyeliğine	3.75
üzülerek	3.75
ılk	3.75
şartlı	3.75
şekerim	3.75
şirketinden	3.75
abidin	3.74
adamının	3.74
adınızı	3.74
akarsu	3.74
aklının	3.74
akıntı	3.74
almanların	3.74
altüst	3.74
alınmalı	3.74
amacın	3.74
amber	3.74
ameliyata	3.74
anlamadın	3.74
anlı	3.74
arayüz	3.74
argo	3.74
atmosfere	3.74
atölye	3.74
atıyorlar	3.74
ayarlamak	3.74
aysel	3.74
açıklarında	3.74
açıyoruz	3.74
ağladı	3.74
ağırlığını	3.74
babamdan	3.74
baharı	3.74
bakanlığının	3.74
bakıcı	3.74
barbie	3.74
bayılırım	3.74
bağırıyor	3.74
başkanına	3.74
başlamasıyla	3.74
başlangıcında	3.74
başlatma	3.74
bedavaya	3.74
bedenim	3.74
bekleyecek	3.74
bekliyordu	3.74
belirleyecek	3.74
belirttiği	3.74
bellidir	3.74
bennett	3.74
biliyormusun	3.74
birincilik	3.74
bitcoin	3.74
blair	3.74
bloğu	3.74
bombardıman	3.74
bt	3.74
bulamadık	3.74
bulsun	3.74
bulunmasına	3.74
bıraktılar	3.74
bırakırım	3.74
cehennemi	3.74
cezaları	3.74
dahaki	3.74
davetli	3.74
demekle	3.74
derine	3.74
değdi	3.74
değerlendirilmesi	3.74
dileyen	3.74
dinleyelim	3.74
direksiyon	3.74
direnen	3.74
direği	3.74
diyorlardı	3.74
dizilerde	3.74
donanımı	3.74
dostlarımız	3.74
dumanı	3.74
durumundan	3.74
duvarına	3.74
duymuş	3.74
dökümü	3.74
düzenlemiş	3.74
düzenleyici	3.74
düğmesi	3.74
düşerken	3.74
düşmanlar	3.74
düşünüyorsanız	3.74
east	3.74
edebiyatının	3.74
edeceğine	3.74
edemedim	3.74
editörü	3.74
ekipler	3.74
eko	3.74
eleştirisi	3.74
elf	3.74
elimizdeki	3.74
elvis	3.74
emisyon	3.74
endonezya	3.74
erbaş	3.74
erciyes	3.74
erzak	3.74
eskiye	3.74
etini	3.74
evre	3.74
ezeli	3.74
faal	3.74
fed	3.74
fikirlerin	3.74
firar	3.74
fotoğrafa	3.74
gebe	3.74
geldiğin	3.74
gelemez	3.74
gelmezse	3.74
gerici	3.74
geçirdiğini	3.74
gibisiniz	3.74
gidebilirsiniz	3.74
girişimini	3.74
gitmeyecek	3.74
goller	3.74
göremez	3.74
görüyorlar	3.74
görüştüm	3.74
gözünüzü	3.74
günlüğüne	3.74
gününüz	3.74
gürkan	3.74
güzelliğin	3.74
güçtür	3.74
haberlerini	3.74
hamamı	3.74
harcamak	3.74
hareketlerin	3.74
harikası	3.74
hatunun	3.74
hayvana	3.74
hindi	3.74
hisseden	3.74
hissettiğin	3.74
hyundai	3.74
ikilisi	3.74
ikimizin	3.74
illegal	3.74
imajı	3.74
imparatorluğun	3.74
inançlı	3.74
inme	3.74
istese	3.74
içeriğini	3.74
joshua	3.74
kac	3.74
kafede	3.74
kai	3.74
kaldırılmıştır	3.74
kamuoyunda	3.74
kanıtlamak	3.74
karasu	3.74
kardeşlerimizin	3.74
kasabasında	3.74
katmak	3.74
kaybettiğimiz	3.74
kaynağına	3.74
kb	3.74
kck	3.74
kendinizden	3.74
kentler	3.74
kesmeye	3.74
kitabım	3.74
kodlu	3.74
koltuğuna	3.74
konuşmasına	3.74
konuştuğunu	3.74
korkusuz	3.74
kredisi	3.74
kuaför	3.74
kullanmayın	3.74
kullanılmaz	3.74
kurbanları	3.74
kurtulma	3.74
kurulmasını	3.74
kutluyoruz	3.74
kutusuna	3.74
kuveyt	3.74
kölesi	3.74
körfezi	3.74
külliyesi	3.74
lenf	3.74
liderliği	3.74
liderliğinde	3.74
listedeki	3.74
lynn	3.74
maarif	3.74
maddeye	3.74
malların	3.74
maraton	3.74
marion	3.74
markette	3.74
maçların	3.74
maşallah	3.74
memnuniyet	3.74
menzil	3.74
merkezlerinde	3.74
meyveleri	3.74
mili	3.74
minicik	3.74
misal	3.74
mozaik	3.74
muhterem	3.74
mutluluklar	3.74
müdürün	3.74
nail	3.74
nitelik	3.74
odamda	3.74
oha	3.74
olabileceğine	3.74
olduğumda	3.74
opel	3.74
operasyonel	3.74
ortalarında	3.74
otomobili	3.74
palmer	3.74
parklar	3.74
paylaşır	3.74
pencereler	3.74
pijama	3.74
rakamı	3.74
referandumda	3.74
restoranda	3.74
ro	3.74
romantizm	3.74
röportajda	3.74
sanatının	3.74
sandra	3.74
sandviç	3.74
sandı	3.74
satıcısı	3.74
satışlar	3.74
sayıca	3.74
sekse	3.74
sempati	3.74
sevgilisini	3.74
sikmek	3.74
simülasyon	3.74
sinemalarda	3.74
sporda	3.74
sport	3.74
stajyer	3.74
strong	3.74
suların	3.74
sunumu	3.74
suçtur	3.74
söylem	3.74
süpriz	3.74
sürebilir	3.74
sürme	3.74
sıfat	3.74
sıkılmış	3.74
sımsıkı	3.74
sınırlıdır	3.74
sızan	3.74
sığınma	3.74
tabloları	3.74
tahkim	3.74
tahtası	3.74
take	3.74
takın	3.74
tanesinin	3.74
tansiyon	3.74
tanya	3.74
tatbikat	3.74
taşlı	3.74
tcdd	3.74
tekil	3.74
telaş	3.74
temizler	3.74
tempo	3.74
toplanma	3.74
torun	3.74
trip	3.74
tutam	3.74
tüfekle	3.74
tüh	3.74
tükenmiş	3.74
ulaştığında	3.74
unutulmuş	3.74
uygarlık	3.74
uymak	3.74
uyuma	3.74
uzaklıktaki	3.74
vahiy	3.74
vakum	3.74
varisi	3.74
varolan	3.74
varır	3.74
verilmeli	3.74
verimlilik	3.74
vince	3.74
vista	3.74
vücutta	3.74
wade	3.74
western	3.74
xp	3.74
yakalanmış	3.74
yakışmış	3.74
yanal	3.74
yapamıyor	3.74
yaparsak	3.74
yapıyorsa	3.74
yaratacak	3.74
yard	3.74
yarışın	3.74
yayınlanmaktadır	3.74
yayınlanması	3.74
yazayım	3.74
yaşamakta	3.74
yemeğine	3.74
yenilikler	3.74
yenilmez	3.74
yetkililere	3.74
yeğenim	3.74
yiyoruz	3.74
yoktan	3.74
yollarının	3.74
yoon	3.74
yurttaş	3.74
yöntemdir	3.74
yırtıcı	3.74
yırtık	3.74
zamanlama	3.74
zamanıdır	3.74
zevkten	3.74
çalıntı	3.74
çalıştığınız	3.74
çalışırım	3.74
çapkın	3.74
çeyreğinde	3.74
çıkacağı	3.74
çıkanlar	3.74
çıkışlı	3.74
öldürün	3.74
ölürse	3.74
özelleştirme	3.74
öğrendiği	3.74
öğretime	3.74
şark	3.74
şarkılara	3.74
şenlik	3.74
adadan	3.73
adamış	3.73
ag	3.73
aklınızı	3.73
alamıyor	3.73
allaha	3.73
anestezi	3.73
ankete	3.73
aptallar	3.73
arkadas	3.73
ash	3.73
askerinin	3.73
askerlerini	3.73
atacağım	3.73
atakan	3.73
atmosferi	3.73
audio	3.73
ayin	3.73
açılımı	3.73
aşağıdan	3.73
bakmam	3.73
balistik	3.73
bankadan	3.73
basic	3.73
baskıya	3.73
basmak	3.73
bayrampaşa	3.73
bağlanması	3.73
bedene	3.73
behçet	3.73
beklemekten	3.73
beygir	3.73
bilardo	3.73
bildirimi	3.73
bilenler	3.73
bilsen	3.73
biriken	3.73
birisiyle	3.73
bitirme	3.73
boksör	3.73
bombaları	3.73
box	3.73
bozulan	3.73
boşluğa	3.73
bradley	3.73
bularak	3.73
bulguları	3.73
buluşup	3.73
bırakmıştır	3.73
camisi	3.73
canlandıran	3.73
carlo	3.73
ceo	3.73
cevher	3.73
conrad	3.73
dante	3.73
degilim	3.73
delikler	3.73
demiştik	3.73
denebilir	3.73
derneğinin	3.73
devrimin	3.73
değillerdir	3.73
değişme	3.73
dikkatinizi	3.73
diyecekler	3.73
dolandırıcılık	3.73
doo	3.73
doğrultuda	3.73
dudaklarını	3.73
duyarlılık	3.73
dökme	3.73
düet	3.73
düşmüştür	3.73
düşüncelerin	3.73
düşünmekten	3.73
düşünüyorlar	3.73
dı	3.73
edemedi	3.73
eklenmiş	3.73
ekleyerek	3.73
eminiz	3.73
eseridir	3.73
etkileyecek	3.73
evsiz	3.73
eyle	3.73
eğilim	3.73
eşiyle	3.73
farkındayız	3.73
foster	3.73
fuhuş	3.73
garaj	3.73
gelindiğinde	3.73
geliştirilmiştir	3.73
gerçekle	3.73
getirdiniz	3.73
geçildi	3.73
gilbert	3.73
girdiğim	3.73
gta	3.73
görüntülendi	3.73
görüşelim	3.73
görüşlü	3.73
gösterirler	3.73
götten	3.73
gözlerinizi	3.73
göçer	3.73
gülmek	3.73
günüdür	3.73
güçlük	3.73
haftayı	3.73
hakk	3.73
hamd	3.73
hasarlı	3.73
hatırlatan	3.73
hatırlıyor	3.73
helena	3.73
herifler	3.73
hırs	3.73
hırslı	3.73
idareler	3.73
ikisine	3.73
iline	3.73
imtihan	3.73
inanmam	3.73
inceledi	3.73
inerken	3.73
inmek	3.73
inmiş	3.73
ishak	3.73
itibarını	3.73
iyiyiz	3.73
izinden	3.73
izleyelim	3.73
işletmeler	3.73
japonca	3.73
journal	3.73
kahveyi	3.73
kakao	3.73
kalbime	3.73
karakteristik	3.73
kariyerinde	3.73
karışır	3.73
karışıyor	3.73
karşılayacak	3.73
katılmayı	3.73
kavuşmak	3.73
kaybederek	3.73
kaybetmekten	3.73
kaygı	3.73
kaynaklanır	3.73
kazandırıyor	3.73
kaçağı	3.73
kaçırılan	3.73
ke	3.73
keserek	3.73
kid	3.73
kiloda	3.73
konuştuğum	3.73
konuşuluyor	3.73
koridor	3.73
kovuldu	3.73
koyarım	3.73
koşmaya	3.73
koşullarında	3.73
krallar	3.73
kulağıma	3.73
kullandığımız	3.73
kullanmadan	3.73
kullanmıyorum	3.73
kullanılmayan	3.73
kuponu	3.73
kurduğumuz	3.73
kutlayan	3.73
kültüre	3.73
kılık	3.73
kızsın	3.73
liderliğini	3.73
limana	3.73
listeyi	3.73
london	3.73
madam	3.73
makalede	3.73
meclisinin	3.73
mehmetçik	3.73
meleğim	3.73
memlekette	3.73
mesleğini	3.73
mevlânâ	3.73
mickey	3.73
mikrodalga	3.73
milyonlar	3.73
mira	3.73
miranda	3.73
misyonu	3.73
mt	3.73
murray	3.73
mücadelesine	3.73
müsabaka	3.73
müzeye	3.73
nafile	3.73
name	3.73
newton	3.73
nigel	3.73
nitelikte	3.73
niyazi	3.73
niyetine	3.73
noktasından	3.73
nova	3.73
numaralar	3.73
ofisinde	3.73
olaylarla	3.73
olivia	3.73
ortaçağ	3.73
ortodoks	3.73
otobüsle	3.73
oyunculardan	3.73
patlar	3.73
pdy	3.73
peynirli	3.73
pisliği	3.73
politikasının	3.73
porselen	3.73
programlarını	3.73
rakibin	3.73
rich	3.73
rolleri	3.73
rıfat	3.73
sakla	3.73
salaklar	3.73
saldırmaya	3.73
samimiyet	3.73
sapma	3.73
sayfadan	3.73
sektörünün	3.73
senaryosunu	3.73
serap	3.73
serisini	3.73
sese	3.73
sevgilisinin	3.73
sevip	3.73
seyahati	3.73
seçimlerden	3.73
seçip	3.73
singapur	3.73
sky	3.73
snow	3.73
somali	3.73
standartlar	3.73
statüsünde	3.73
stevens	3.73
sömürge	3.73
sörf	3.73
sürprizi	3.73
sınavlara	3.73
sınırda	3.73
sırlarını	3.73
sırtı	3.73
tablonun	3.73
tahminleri	3.73
takan	3.73
talimatıyla	3.73
tankın	3.73
tanımadığım	3.73
tanıtan	3.73
tas	3.73
tavana	3.73
taşıyordu	3.73
teknolojiler	3.73
teri	3.73
termik	3.73
thor	3.73
toplanıyor	3.73
tutması	3.73
tutmaz	3.73
tweet	3.73
tüpü	3.73
ulaşmayı	3.73
ulaştık	3.73
umursamaz	3.73
umutla	3.73
uyandığında	3.73
uygulanmaktadır	3.73
uykusu	3.73
uyuz	3.73
uğraşıyoruz	3.73
verimliliği	3.73
verirsiniz	3.73
veriş	3.73
vermekle	3.73
vermektir	3.73
vermemiş	3.73
versem	3.73
virüsün	3.73
wang	3.73
yakalar	3.73
yakınlığı	3.73
yakışan	3.73
yanımdan	3.73
yapmıyoruz	3.73
yapılabilecek	3.73
yapımını	3.73
yarışan	3.73
yatırımcı	3.73
yaymak	3.73
yağmurda	3.73
yaşamda	3.73
yedikten	3.73
yenilenen	3.73
yeriniz	3.73
yes	3.73
yetersizliği	3.73
yle	3.73
yolculuğun	3.73
yâ	3.73
yükselmesi	3.73
zanlı	3.73
zengindir	3.73
zenginliği	3.73
zikir	3.73
ziyaretine	3.73
zora	3.73
zuhal	3.73
çarpar	3.73
çat	3.73
çatışmaların	3.73
çatışması	3.73
çağır	3.73
çağıran	3.73
çocuklarınız	3.73
çılgınca	3.73
çırak	3.73
ölürsün	3.73
örgütlenme	3.73
öğrencilerinden	3.73
öğrenmenin	3.73
öğretir	3.73
öğün	3.73
üniversitesine	3.73
üzerlerine	3.73
ıf	3.73
ıle	3.73
şaman	3.73
şartlarını	3.73
şike	3.73
şimdide	3.73
abdi	3.72
adayların	3.72
aktarımı	3.72
aktive	3.72
alakasız	3.72
almakla	3.72
alpha	3.72
alta	3.72
altun	3.72
ampul	3.72
anam	3.72
anons	3.72
antlaşma	3.72
arayarak	3.72
arkandan	3.72
artırdı	3.72
arıyorsunuz	3.72
ask	3.72
asılsız	3.72
atlayıp	3.72
avea	3.72
ayaklarım	3.72
ayaz	3.72
ayça	3.72
açıklamış	3.72
açıldığı	3.72
ağlayarak	3.72
ağına	3.72
aşamalı	3.72
aşmış	3.72
babalarının	3.72
bahsederken	3.72
baktığım	3.72
batan	3.72
bağlanarak	3.72
bağlayıcı	3.72
bağırdı	3.72
başardım	3.72
başbakanın	3.72
başörtüsü	3.72
behzat	3.72
belirlediği	3.72
benzemiyor	3.72
beğendiğim	3.72
bilemeyiz	3.72
birazda	3.72
biriminin	3.72
birleştirmek	3.72
birleştiği	3.72
bizle	3.72
boynunu	3.72
brüksel	3.72
bulunacak	3.72
bulunduk	3.72
bırakmadan	3.72
bıyık	3.72
cama	3.72
case	3.72
cazibe	3.72
cemiyet	3.72
cesaretini	3.72
chang	3.72
core	3.72
country	3.72
dallarında	3.72
dağda	3.72
dekore	3.72
dendi	3.72
denedi	3.72
denemeye	3.72
dergide	3.72
değilseniz	3.72
digiturk	3.72
dinamo	3.72
dizisini	3.72
dog	3.72
doluyor	3.72
drake	3.72
duymuyor	3.72
dönüyoruz	3.72
düştün	3.72
düşüncem	3.72
düşünceye	3.72
ebe	3.72
edemeyen	3.72
eri	3.72
etkinliğe	3.72
etkinliğine	3.72
etmelerine	3.72
etsen	3.72
evlatlık	3.72
eğitimden	3.72
farkları	3.72
felan	3.72
feridun	3.72
filmiyle	3.72
fotoğrafçılık	3.72
gemisine	3.72
girişini	3.72
girmedi	3.72
gitmekten	3.72
gitse	3.72
giyin	3.72
gruplarından	3.72
gs	3.72
gökyüzünü	3.72
gölgesi	3.72
gömüldü	3.72
gönüllüleri	3.72
görüşmelere	3.72
gösterdikleri	3.72
gözlemci	3.72
güneşten	3.72
güzelliğe	3.72
haftalarda	3.72
hakka	3.72
halkından	3.72
hatalarını	3.72
havan	3.72
hayırlısı	3.72
heryerde	3.72
hicret	3.72
hikâyeyi	3.72
huzursuzluk	3.72
incelemelerde	3.72
istihbaratı	3.72
içtik	3.72
jeneratör	3.72
jeolojik	3.72
jimnastik	3.72
kafasından	3.72
kalbinden	3.72
kalmalı	3.72
kapsamda	3.72
karşılaştırmalı	3.72
kase	3.72
kasırga	3.72
katalog	3.72
katkılarıyla	3.72
katılabilir	3.72
katılanlar	3.72
kauçuk	3.72
kayalar	3.72
kaybediyorum	3.72
kaydeden	3.72
kayma	3.72
kendinle	3.72
kendisinde	3.72
kodunu	3.72
kollarına	3.72
kompakt	3.72
kontrolleri	3.72
konuşmacı	3.72
korkuyorlar	3.72
korunmuş	3.72
koşarken	3.72
koşulda	3.72
krom	3.72
kullanılmakta	3.72
kung	3.72
kuruluşun	3.72
kurumuş	3.72
köyünden	3.72
kızıyla	3.72
land	3.72
linke	3.72
listesinin	3.72
lütuf	3.72
maddesinde	3.72
makamına	3.72
maliyetli	3.72
marley	3.72
medikal	3.72
melissa	3.72
menajeri	3.72
merdivenleri	3.72
metnin	3.72
mevkii	3.72
minyatür	3.72
modifiye	3.72
moduna	3.72
mısırlı	3.72
nerelerde	3.72
numaranın	3.72
olamazsınız	3.72
olayında	3.72
olduğuma	3.72
olduğunuzda	3.72
olmana	3.72
olsada	3.72
operasyonunda	3.72
operatörü	3.72
org	3.72
oxford	3.72
ozaman	3.72
partilere	3.72
paylaşmaya	3.72
percy	3.72
please	3.72
pompalı	3.72
puana	3.72
rafa	3.72
rejimine	3.72
ricky	3.72
robotik	3.72
ruhlu	3.72
saglik	3.72
sanan	3.72
sandığım	3.72
sarıp	3.72
savaşçısı	3.72
savcının	3.72
sayfasını	3.72
saymak	3.72
sefa	3.72
seminer	3.72
senarist	3.72
sergiledi	3.72
seslendi	3.72
sevdin	3.72
severiz	3.72
seviyorsanız	3.72
seyirciler	3.72
seçmiş	3.72
sim	3.72
simone	3.72
sina	3.72
sokacak	3.72
sonsuzluk	3.72
sponsorluk	3.72
stephanie	3.72
sualtı	3.72
suçlama	3.72
suçlular	3.72
sözcükleri	3.72
sünger	3.72
süresiz	3.72
sıfatı	3.72
sıfıra	3.72
sıkışmış	3.72
sınırının	3.72
sırılsıklam	3.72
sıçrama	3.72
takımından	3.72
tarafları	3.72
taşınmış	3.72
taşıtlar	3.72
taşıyorum	3.72
tehlikede	3.72
tehlikenin	3.72
tekmeyi	3.72
temellerini	3.72
teröristin	3.72
timsah	3.72
titreşim	3.72
traş	3.72
tribün	3.72
true	3.72
tüyleri	3.72
uyanıp	3.72
uyudu	3.72
uzaklık	3.72
vaktini	3.72
vardık	3.72
varlıkların	3.72
veba	3.72
verilerini	3.72
verilmelidir	3.72
wars	3.72
wyatt	3.72
yakışıyor	3.72
yanlıştır	3.72
yanımıza	3.72
yapabileceğini	3.72
yapmaktır	3.72
yapsan	3.72
yapıcı	3.72
yapıldığında	3.72
yarışmayı	3.72
yavruları	3.72
yayıncı	3.72
yazmıştır	3.72
yazıya	3.72
yağma	3.72
yaşamadan	3.72
yaşayabilirsiniz	3.72
yel	3.72
yelek	3.72
yetiştiriciliği	3.72
yetiştirilen	3.72
yolcuları	3.72
yönlerini	3.72
yöntemidir	3.72
yüzünüzü	3.72
yılki	3.72
zaferle	3.72
zamanlardan	3.72
ziyarette	3.72
zulme	3.72
çalışmakta	3.72
çekilecek	3.72
çekilip	3.72
çekmesi	3.72
çemberi	3.72
çevrilmiş	3.72
çıkıyordu	3.72
ölenlerin	3.72
ölülerin	3.72
önderi	3.72
özlük	3.72
üniversitelerin	3.72
üretken	3.72
üstümde	3.72
üzereyim	3.72
ışını	3.72
ışığına	3.72
şekiller	3.72
şeysin	3.72
şiirini	3.72
akkaya	3.71
alabiliyor	3.71
alla	3.71
almanız	3.71
altyazı	3.71
amacınız	3.71
anlayacaksın	3.71
annesinden	3.71
aracını	3.71
araziye	3.71
araçlarını	3.71
artmasına	3.71
askerden	3.71
asrın	3.71
astronomi	3.71
atayım	3.71
atla	3.71
atlantik	3.71
atm	3.71
atmadan	3.71
ağzımdan	3.71
aşktan	3.71
aşure	3.71
bakması	3.71
balyoz	3.71
batıyor	3.71
bayramını	3.71
bağışı	3.71
başkanlar	3.71
bediüzzaman	3.71
bee	3.71
berna	3.71
beynim	3.71
beşte	3.71
birkaçı	3.71
birliktelik	3.71
bon	3.71
boyutlarda	3.71
bozkır	3.71
bozulma	3.71
bugun	3.71
bulmakta	3.71
bulunsun	3.71
buralar	3.71
care	3.71
chaplin	3.71
christina	3.71
claudia	3.71
cümlenin	3.71
daireler	3.71
dairesel	3.71
darbeler	3.71
davranmaya	3.71
dağılım	3.71
dağıtan	3.71
deliye	3.71
demirören	3.71
denilince	3.71
denizler	3.71
depremde	3.71
derlerdi	3.71
dernekleri	3.71
diyarı	3.71
dizisine	3.71
dozda	3.71
doğruluğu	3.71
dudakları	3.71
duyduğunuz	3.71
döken	3.71
dünyevi	3.71
düzelir	3.71
düşmüştü	3.71
düşündükleri	3.71
düşündüğün	3.71
düşünürüm	3.71
edilme	3.71
ekibini	3.71
ekranlarda	3.71
elimle	3.71
end	3.71
endişeli	3.71
ersan	3.71
erteleme	3.71
etmediler	3.71
etmesiyle	3.71
evrakları	3.71
expo	3.71
ezilen	3.71
ferman	3.71
fetva	3.71
fikirde	3.71
file	3.71
filmdeki	3.71
fiyatını	3.71
formunu	3.71
garantili	3.71
gazetecilere	3.71
gelecekler	3.71
gelenlerin	3.71
genişliğinde	3.71
geçirdiğimiz	3.71
geçse	3.71
gidilecek	3.71
gidiyorsunuz	3.71
girerim	3.71
girişine	3.71
gitmiyorum	3.71
granit	3.71
great	3.71
gruplarında	3.71
göndermeye	3.71
görmeniz	3.71
görsem	3.71
gözlerden	3.71
gücümüzü	3.71
günahları	3.71
günahı	3.71
güveniyoruz	3.71
hakimiyetini	3.71
halat	3.71
halkımıza	3.71
hanna	3.71
harem	3.71
harran	3.71
hatıralar	3.71
havuzda	3.71
hayatlar	3.71
hedefin	3.71
hemşirelik	3.71
hilton	3.71
hisler	3.71
hissedersin	3.71
hissetmeye	3.71
hk	3.71
hrant	3.71
iha	3.71
ilaveten	3.71
imzasını	3.71
ingilizcesi	3.71
internetin	3.71
istiklâl	3.71
itirazı	3.71
işgalinden	3.71
işleriyle	3.71
işletmesi	3.71
ja	3.71
jae	3.71
jefferson	3.71
jüpiter	3.71
kadarda	3.71
kadında	3.71
kalalım	3.71
kalanları	3.71
kaldığında	3.71
kameranın	3.71
kanala	3.71
kangal	3.71
kapaklı	3.71
kapatılmış	3.71
karardı	3.71
karizmatik	3.71
karışma	3.71
karşıdan	3.71
kasları	3.71
kataloğu	3.71
katilin	3.71
kaybedenler	3.71
kayın	3.71
kenarındaki	3.71
kese	3.71
kesiminde	3.71
kimbilir	3.71
kitaplara	3.71
klişe	3.71
koltuğunda	3.71
kolunda	3.71
konuşmuş	3.71
kovan	3.71
koymayı	3.71
kozan	3.71
kullanılabilecek	3.71
kuracak	3.71
kurumda	3.71
kuvvetle	3.71
kültürlü	3.71
kırarak	3.71
laboratuar	3.71
mahcup	3.71
mahkemeler	3.71
makama	3.71
masallar	3.71
melis	3.71
mensuplarının	3.71
modelinde	3.71
mucizevi	3.71
muhafızları	3.71
mumcu	3.71
müdürlük	3.71
münir	3.71
namuslu	3.71
nerelere	3.71
nişantaşı	3.71
odasından	3.71
odağı	3.71
olacakları	3.71
olanlarla	3.71
olmadığımı	3.71
operatör	3.71
oynayacağı	3.71
oynuyorlar	3.71
oysaki	3.71
paranız	3.71
parçalarının	3.71
paskalya	3.71
paylaşın	3.71
pazarlar	3.71
pehlivan	3.71
peker	3.71
plajı	3.71
plakası	3.71
pos	3.71
rant	3.71
rastlanır	3.71
refik	3.71
reklamlar	3.71
romalı	3.71
rönesans	3.71
rüyanda	3.71
rüyayı	3.71
saddam	3.71
saldır	3.71
saldırdılar	3.71
samantha	3.71
saniyeler	3.71
sarıldı	3.71
sarılmış	3.71
satar	3.71
satma	3.71
savunucusu	3.71
sayenizde	3.71
saçım	3.71
selanik	3.71
selvi	3.71
sempozyumu	3.71
servise	3.71
servisleri	3.71
sevmeyen	3.71
sg	3.71
silahlarını	3.71
silahsız	3.71
sistemindeki	3.71
sitem	3.71
siverek	3.71
sonda	3.71
sorduk	3.71
speed	3.71
suna	3.71
suçunu	3.71
söylediklerine	3.71
söylentiler	3.71
söyleyebilir	3.71
sırlar	3.71
takdire	3.71
talebinde	3.71
tanınması	3.71
tanırım	3.71
tasarımın	3.71
tasarımını	3.71
tatiller	3.71
teknesi	3.71
teknolojiyi	3.71
tenli	3.71
tepeye	3.71
terapisi	3.71
tilbe	3.71
tonlarca	3.71
tonluk	3.71
topraklarının	3.71
traktör	3.71
transit	3.71
tuğçe	3.71
törende	3.71
türksat	3.71
ula	3.71
umuyoruz	3.71
unutmayacağım	3.71
uygulandığı	3.71
uzaydan	3.71
uzmanlığı	3.71
uçağının	3.71
uçsuz	3.71
vatandaşlarımızın	3.71
vatansever	3.71
verilmeyen	3.71
yakıtı	3.71
yanlışı	3.71
yapana	3.71
yaratmıştır	3.71
yasayı	3.71
yazıcıoğlu	3.71
yazıklar	3.71
yağmurun	3.71
yaşıyorsunuz	3.71
yerinizi	3.71
yerleşme	3.71
yeşilçam	3.71
yoldur	3.71
yuan	3.71
yukarda	3.71
yükseklikte	3.71
yüksekte	3.71
yüzyıllardır	3.71
yıllardaki	3.71
zan	3.71
zekası	3.71
çalarak	3.71
çubuklu	3.71
çözüldü	3.71
çıktığım	3.71
ödemeli	3.71
öldürdüğünü	3.71
öldürmüş	3.71
ölme	3.71
ölürsem	3.71
örgütlerinin	3.71
örneklerinden	3.71
özgül	3.71
üstümüze	3.71
üzüyor	3.71
ısrarcı	3.71
ışıkta	3.71
şamil	3.71
şansına	3.71
şehirlerinden	3.71
abdal	3.7
adaylarının	3.7
ahirette	3.7
akbaba	3.7
akli	3.7
akvaryum	3.7
akılda	3.7
alandan	3.7
albümleri	3.7
aldıklarını	3.7
amaçlarla	3.7
anayasayı	3.7
anlatırım	3.7
anlaşmasını	3.7
astronot	3.7
atanması	3.7
atatürkçü	3.7
ayrılmadan	3.7
ayırdı	3.7
ayırın	3.7
azot	3.7
açıklamasına	3.7
açıklanacak	3.7
açıktan	3.7
açısıyla	3.7
ağzımı	3.7
aşısı	3.7
bakmış	3.7
bakü	3.7
bakımda	3.7
banyoya	3.7
basarak	3.7
basınca	3.7
bağlanma	3.7
başar	3.7
bebeğini	3.7
bedenine	3.7
beklemeyin	3.7
belirtilmektedir	3.7
bendeki	3.7
beğenmedim	3.7
bilmiyorsunuz	3.7
birbirimizden	3.7
bitkisi	3.7
boyutunda	3.7
branş	3.7
bulacaktır	3.7
bulutların	3.7
burdaki	3.7
butun	3.7
bırakmayacak	3.7
cloud	3.7
cohen	3.7
dalıp	3.7
damon	3.7
dandik	3.7
dawn	3.7
db	3.7
deniliyor	3.7
derman	3.7
değerlerin	3.7
dibi	3.7
dilsiz	3.7
diski	3.7
disney	3.7
divanı	3.7
dize	3.7
dizin	3.7
dişlerini	3.7
dora	3.7
dumanlı	3.7
durdurun	3.7
dönüştürmek	3.7
dünyayla	3.7
düşmeye	3.7
düşünmeyin	3.7
düşünmüştüm	3.7
dışarıdaki	3.7
ea	3.7
edilebilecek	3.7
edilmekte	3.7
edilmesinden	3.7
elektron	3.7
engellenmesi	3.7
etkiyi	3.7
evans	3.7
explorer	3.7
eylemde	3.7
faktörleri	3.7
favorim	3.7
felaketi	3.7
filminden	3.7
frankfurt	3.7
fırsatlar	3.7
gelirsen	3.7
gereksinim	3.7
gezegenler	3.7
gezinti	3.7
geçtin	3.7
gide	3.7
gidecekler	3.7
gidermek	3.7
girişte	3.7
gregory	3.7
gönderiyoruz	3.7
görevlerinde	3.7
görmesine	3.7
görünmeyen	3.7
görüntüsünü	3.7
görürüm	3.7
gözükmüyor	3.7
göçü	3.7
güner	3.7
hataya	3.7
hatırlar	3.7
hazırladık	3.7
hedeflerini	3.7
hip	3.7
hiçte	3.7
hoşlanır	3.7
hugh	3.7
hususunda	3.7
hıv	3.7
iadesi	3.7
iddialarını	3.7
iddiasını	3.7
ihracatı	3.7
ikmal	3.7
ironik	3.7
isme	3.7
israilli	3.7
izleyebilir	3.7
joyce	3.7
kafanızı	3.7
kalacaksın	3.7
kalmanın	3.7
kalpleri	3.7
kanca	3.7
kansas	3.7
kapadokya	3.7
kapsamı	3.7
karton	3.7
kartın	3.7
karşılaşmak	3.7
karşınıza	3.7
katlanmak	3.7
katman	3.7
katılmıştır	3.7
kavgada	3.7
kaybetmeyi	3.7
kaynağın	3.7
kaynağından	3.7
kazancı	3.7
kazandıkları	3.7
kaça	3.7
kelepçe	3.7
kepez	3.7
kerkük	3.7
kesimin	3.7
kibir	3.7
kilisede	3.7
kitaptaki	3.7
kokteyl	3.7
komedyen	3.7
konsepti	3.7
kontrolüne	3.7
konuşmalarını	3.7
konuşuyorlar	3.7
kopyasını	3.7
koz	3.7
koza	3.7
kullandılar	3.7
kullanılamaz	3.7
kullanıyordu	3.7
kurnaz	3.7
kuruluna	3.7
kuruluşuna	3.7
köprüler	3.7
kırdım	3.7
lambası	3.7
liderin	3.7
lokanta	3.7
lucky	3.7
maksat	3.7
manastır	3.7
mantıksız	3.7
mezarlığı	3.7
misafiri	3.7
molly	3.7
mudanya	3.7
musallat	3.7
mührü	3.7
naomi	3.7
napoli	3.7
natalie	3.7
neslihan	3.7
nikki	3.7
nizam	3.7
non	3.7
okumalar	3.7
olaylarını	3.7
olmasında	3.7
olmayacağız	3.7
ortadaki	3.7
otomobiller	3.7
patlamış	3.7
pegasus	3.7
pekin	3.7
planlıyorum	3.7
polisle	3.7
pratikte	3.7
put	3.7
pürüzsüz	3.7
refahı	3.7
remix	3.7
reynolds	3.7
ronald	3.7
sahnenin	3.7
saklandığı	3.7
sanatını	3.7
sarma	3.7
sarılıp	3.7
sarısı	3.7
saçlarımı	3.7
seferberlik	3.7
selman	3.7
seren	3.7
sermayesi	3.7
sevincini	3.7
sevmeyi	3.7
seçenekler	3.7
sharon	3.7
sikiyor	3.7
sitesini	3.7
sizle	3.7
sm	3.7
sofia	3.7
sophia	3.7
soralım	3.7
sorarsanız	3.7
sorulan	3.7
sorularınızı	3.7
sorunuz	3.7
sosyo	3.7
spike	3.7
stella	3.7
subaylar	3.7
sunmaya	3.7
suçtan	3.7
sylvia	3.7
söyledin	3.7
söylemi	3.7
sözümü	3.7
sûresi	3.7
tabağı	3.7
tabur	3.7
taktirde	3.7
takılır	3.7
takılıyor	3.7
talimatları	3.7
tamamiyle	3.7
tanesidir	3.7
tanıdığımız	3.7
taşıdığını	3.7
televizyonun	3.7
tiger	3.7
tkp	3.7
toros	3.7
turnuvaya	3.7
tutulduğu	3.7
two	3.7
ulaşma	3.7
unuttunuz	3.7
uygulamalarını	3.7
uyudum	3.7
uyuya	3.7
uyuyorum	3.7
uzunluğundaki	3.7
vaktin	3.7
valimiz	3.7
verdiğinde	3.7
verebilirsiniz	3.7
yakaladım	3.7
yaklaşımlar	3.7
yanını	3.7
yaptırdım	3.7
yaptıysa	3.7
yaralanma	3.7
yargıya	3.7
yasaklar	3.7
yasaklı	3.7
yatkın	3.7
yazılarını	3.7
yazıyorsun	3.7
yaşayabilir	3.7
yenildi	3.7
yetkisini	3.7
yollarında	3.7
yolunuz	3.7
yöneticilik	3.7
yöntemlerini	3.7
yüzeyine	3.7
çamaşırı	3.7
çatıdan	3.7
çatışmalarda	3.7
çekilin	3.7
çekimler	3.7
çevrildi	3.7
çimen	3.7
çoğumuz	3.7
çıkartıyor	3.7
öncüsü	3.7
önlenmesi	3.7
öğeleri	3.7
öğrenebilir	3.7
ülkem	3.7
üretimin	3.7
üstten	3.7
ımf	3.7
şehrindeki	3.7
şirk	3.7
şirketlerinden	3.7
şüphelinin	3.7
abiye	3.69
adamdı	3.69
adanaspor	3.69
adımın	3.69
ailelerini	3.69
aksa	3.69
alabilirim	3.69
alamadı	3.69
altyazılı	3.69
altındaydı	3.69
alınırken	3.69
alırsak	3.69
anaokulu	3.69
anlayacaksınız	3.69
anlayıp	3.69
arayanlar	3.69
araştıran	3.69
arkadaşlarınız	3.69
arkamda	3.69
arılar	3.69
arınç	3.69
asım	3.69
ateşini	3.69
atlanta	3.69
ayırır	3.69
açması	3.69
açtığını	3.69
açıklığa	3.69
aşarak	3.69
aşikar	3.69
aşmak	3.69
bacağını	3.69
bahse	3.69
basar	3.69
basıyor	3.69
bağlanmak	3.69
başkanını	3.69
başlangıcından	3.69
başlayabilir	3.69
beceri	3.69
beklenmektedir	3.69
belgelerin	3.69
beslemek	3.69
beğendi	3.69
beğeniyorum	3.69
bikini	3.69
bilemezsiniz	3.69
bilseydim	3.69
birliklerinin	3.69
birliğe	3.69
birliğinde	3.69
bisiklete	3.69
bitir	3.69
bizlerde	3.69
bizlerle	3.69
biçimini	3.69
blues	3.69
borcum	3.69
botu	3.69
bulduğumuz	3.69
bulunanlar	3.69
buluruz	3.69
buradasınız	3.69
büyümesini	3.69
bırakmayı	3.69
canlarım	3.69
canınızı	3.69
clinton	3.69
cüzdanı	3.69
dahada	3.69
dalgalı	3.69
davranın	3.69
davud	3.69
demi	3.69
dengeyi	3.69
deplasmanında	3.69
derecelik	3.69
derecesine	3.69
devlette	3.69
değişimin	3.69
diyebilirsiniz	3.69
dizilerin	3.69
dişlerin	3.69
doc	3.69
doldurulmuş	3.69
dolgun	3.69
dostların	3.69
doğrular	3.69
doğrusal	3.69
doğurur	3.69
duruyoruz	3.69
duyacak	3.69
dökmek	3.69
dönmeyi	3.69
dönsün	3.69
düne	3.69
düşündünüz	3.69
düşünenler	3.69
düşünülebilir	3.69
eczacı	3.69
edge	3.69
edilmesiyle	3.69
ekibimiz	3.69
ekranın	3.69
ela	3.69
elimdeki	3.69
ellerindeki	3.69
eserini	3.69
esnafı	3.69
evlerinin	3.69
extra	3.69
eğitimleri	3.69
farklar	3.69
faşizm	3.69
fenomeni	3.69
festivalde	3.69
fire	3.69
fotoğraftaki	3.69
four	3.69
geber	3.69
gecesini	3.69
gelenlere	3.69
gelibolu	3.69
gelişmesini	3.69
geliştirici	3.69
gelmedin	3.69
gereksinimleri	3.69
gerçekleştiriyoruz	3.69
geçiyordu	3.69
geçmeyecek	3.69
gizlenmiş	3.69
grafiği	3.69
gurbet	3.69
gururunu	3.69
göksu	3.69
görüyordu	3.69
gözetiminde	3.69
gözleriyle	3.69
hakikati	3.69
hakimler	3.69
hakkımı	3.69
hakkınızda	3.69
hanefi	3.69
hasara	3.69
hastalara	3.69
hastaneleri	3.69
hasır	3.69
hayvanlardan	3.69
hedefine	3.69
hesabında	3.69
hijyen	3.69
hissettiği	3.69
hizmetlerinin	3.69
hortum	3.69
iddiasına	3.69
imaj	3.69
indirdi	3.69
indirdim	3.69
indirilen	3.69
insanlarımız	3.69
ismimi	3.69
istikbal	3.69
izlemiş	3.69
izleyiciler	3.69
içimizdeki	3.69
işlemlerini	3.69
jang	3.69
kabulü	3.69
kad	3.69
kalmayan	3.69
kanunlara	3.69
kapatıyor	3.69
karakola	3.69
kariyerinin	3.69
karıştığı	3.69
karşılaşılan	3.69
kaslı	3.69
kaygısı	3.69
kaynaklarda	3.69
kayıtlarda	3.69
kazançlar	3.69
kaçırmak	3.69
kağan	3.69
kelle	3.69
kemikler	3.69
kesmiş	3.69
kilometrelerce	3.69
kimsem	3.69
kişiydi	3.69
konserleri	3.69
koşullarına	3.69
koşun	3.69
krize	3.69
kucağında	3.69
kuduz	3.69
kuruluşların	3.69
kurumlarının	3.69
kurşunu	3.69
kusma	3.69
kuşatma	3.69
kw	3.69
kılıf	3.69
kırılması	3.69
kızarmış	3.69
legal	3.69
lorenzo	3.69
maaşını	3.69
macerası	3.69
make	3.69
masöz	3.69
mektubun	3.69
menü	3.69
merkezin	3.69
mesleğe	3.69
messi	3.69
metinler	3.69
metrekare	3.69
metrekarelik	3.69
mezunlar	3.69
midemi	3.69
mix	3.69
mona	3.69
mouse	3.69
mp	3.69
muhafazakâr	3.69
müftü	3.69
okadar	3.69
okundu	3.69
olamıyor	3.69
olanıdır	3.69
onbaşı	3.69
orduları	3.69
ortamın	3.69
oturacak	3.69
oynatma	3.69
oyundaki	3.69
padişahın	3.69
parantez	3.69
parasıyla	3.69
paylaşmayı	3.69
pazarına	3.69
performansıyla	3.69
piçi	3.69
plajda	3.69
porsche	3.69
pozisyonunu	3.69
pusuya	3.69
pırlanta	3.69
ragmen	3.69
ralli	3.69
rekabeti	3.69
ritmi	3.69
rogers	3.69
roland	3.69
rütbeli	3.69
saldırılarına	3.69
sallayarak	3.69
sarılmak	3.69
sayımız	3.69
sağlığa	3.69
sea	3.69
search	3.69
sergilenen	3.69
serçe	3.69
severdi	3.69
seyrek	3.69
seçimlerini	3.69
sitesinin	3.69
suud	3.69
söylenemez	3.69
sını	3.69
sıçan	3.69
tabiri	3.69
taktı	3.69
taktım	3.69
tanımlanmış	3.69
tasarladığı	3.69
taşra	3.69
tehditler	3.69
tekabül	3.69
teknolojisini	3.69
temizle	3.69
toplanarak	3.69
touch	3.69
tracy	3.69
troy	3.69
tutkusu	3.69
tutulmuş	3.69
türküleri	3.69
umudumuz	3.69
unutmaya	3.69
uv	3.69
uygulamalarda	3.69
uzayın	3.69
uğradığını	3.69
vazife	3.69
verildiğini	3.69
verilmeye	3.69
view	3.69
work	3.69
yakalamış	3.69
yakin	3.69
yakılarak	3.69
yanacak	3.69
yanındayız	3.69
yaparsam	3.69
yaratılmıştır	3.69
yardimci	3.69
yasakladı	3.69
yayınlandığı	3.69
yaza	3.69
yeminli	3.69
yerleştirilir	3.69
yolcuların	3.69
yonca	3.69
yong	3.69
yorumlara	3.69
yumurtalar	3.69
yönelen	3.69
yönetimde	3.69
yönetiminden	3.69
yüksekten	3.69
yılanı	3.69
zehirlenmesi	3.69
zemine	3.69
zili	3.69
çerkez	3.69
çiftinin	3.69
çocuğudur	3.69
çukuru	3.69
çörek	3.69
çıkarabilir	3.69
çıkarlarını	3.69
çıkartan	3.69
çıkışında	3.69
ödenek	3.69
ödeyen	3.69
özden	3.69
özgürlüğe	3.69
özledin	3.69
öğretmene	3.69
üniversitesinin	3.69
üretilir	3.69
ımdb	3.69
ıslık	3.69
şelale	3.69
şemdinli	3.69
şort	3.69
acıdı	3.68
ajanları	3.68
aklımın	3.68
aklınızdan	3.68
alaycı	3.68
aldatma	3.68
aliye	3.68
alkışlar	3.68
allahtan	3.68
altındağ	3.68
amacının	3.68
anasayfa	3.68
anlatımı	3.68
anlayışın	3.68
anını	3.68
aralarına	3.68
aralıklı	3.68
arayabilir	3.68
araçta	3.68
araştırın	3.68
ardıç	3.68
arizona	3.68
arnavut	3.68
asa	3.68
atabilirsiniz	3.68
atlamak	3.68
attığım	3.68
atıfta	3.68
avantajları	3.68
avcılık	3.68
ayaklanma	3.68
ayağında	3.68
aylarda	3.68
ayrıldım	3.68
açtılar	3.68
bagaj	3.68
bahanesiyle	3.68
bahsediyorsun	3.68
bakanın	3.68
balayı	3.68
balığın	3.68
band	3.68
basma	3.68
bastım	3.68
bavul	3.68
bayana	3.68
baykuş	3.68
bayramın	3.68
bazılarında	3.68
bağlantıya	3.68
bendim	3.68
benimdir	3.68
beth	3.68
beye	3.68
bildirgesi	3.68
biletini	3.68
birimlerin	3.68
biteni	3.68
bos	3.68
boyuta	3.68
bucaksız	3.68
buket	3.68
bulabilmek	3.68
bulaşma	3.68
bulaşmış	3.68
bulunduğunuz	3.68
bulunmasını	3.68
bunny	3.68
bölgelerden	3.68
bölümlerin	3.68
bırakıyoruz	3.68
canları	3.68
cari	3.68
cephane	3.68
cinayetin	3.68
cover	3.68
cumhuriyetinin	3.68
dağlarında	3.68
demişken	3.68
depresyona	3.68
deresi	3.68
desteğine	3.68
değiştirmesi	3.68
dirsek	3.68
diyene	3.68
diziden	3.68
dokunulmazlık	3.68
dolaşmak	3.68
dolup	3.68
dortmund	3.68
doug	3.68
doğudan	3.68
duymuyorum	3.68
duşa	3.68
dönüşmesi	3.68
düzenlenmektedir	3.68
düzenleyerek	3.68
düzenliyor	3.68
düşmektedir	3.68
düşürüldü	3.68
edebilirsin	3.68
ediliyordu	3.68
edition	3.68
eldeki	3.68
emeğin	3.68
ensar	3.68
ermesi	3.68
eserlerinin	3.68
etkilenmiş	3.68
etkisine	3.68
etmeliyim	3.68
evlenecek	3.68
eğitimle	3.68
eşimle	3.68
fareler	3.68
festivalin	3.68
fikre	3.68
filmlere	3.68
fotoğraflara	3.68
fırsatları	3.68
gaye	3.68
gediz	3.68
gelemem	3.68
gelmediği	3.68
gemiden	3.68
gerçekliği	3.68
getirdin	3.68
giderir	3.68
glen	3.68
griffin	3.68
gömleği	3.68
göremezsin	3.68
görmesin	3.68
görüştük	3.68
görüşün	3.68
gösterildiği	3.68
gösterirken	3.68
göğsüne	3.68
göğüsleri	3.68
gücünden	3.68
güneşte	3.68
güvenliğin	3.68
gıcık	3.68
hamas	3.68
hannibal	3.68
hareketlilik	3.68
hart	3.68
hayvanlarla	3.68
hayvansal	3.68
hazırla	3.68
hedeflere	3.68
henri	3.68
herbert	3.68
hes	3.68
hissettiğimi	3.68
hissettiğini	3.68
hoşça	3.68
hâlen	3.68
hükümetine	3.68
hızının	3.68
ihbarı	3.68
ilerlerken	3.68
inandığını	3.68
inkılap	3.68
iptali	3.68
iradesini	3.68
ishal	3.68
iskan	3.68
istemediğin	3.68
isterlerse	3.68
isveçli	3.68
itin	3.68
iyiliğin	3.68
içerek	3.68
içerideki	3.68
içermeyen	3.68
içindi	3.68
içli	3.68
işaretli	3.68
jeoloji	3.68
kabri	3.68
kafka	3.68
kahramanın	3.68
kahvaltıya	3.68
kahvenin	3.68
kalabalığı	3.68
kalabalığın	3.68
kaldıktan	3.68
kaldırıldığı	3.68
kalitesiz	3.68
kalınlığı	3.68
karaköy	3.68
kardan	3.68
kardeşimle	3.68
karıştırmak	3.68
katsayısı	3.68
kaymakamlık	3.68
kefil	3.68
keşfetti	3.68
kirk	3.68
kisa	3.68
kişilerdir	3.68
kişiliğini	3.68
kişiyiz	3.68
komünizm	3.68
korkup	3.68
korkutuyor	3.68
korsanlar	3.68
koyacağız	3.68
kuralların	3.68
kusurlu	3.68
kutlarım	3.68
kuzeyden	3.68
köken	3.68
körü	3.68
kötülüğün	3.68
köylerinde	3.68
köylülerin	3.68
kısıtlama	3.68
kıyak	3.68
listesinden	3.68
lâkin	3.68
makinesini	3.68
manyağı	3.68
masajı	3.68
melekleri	3.68
meraktan	3.68
mercimek	3.68
mesafeler	3.68
meslekten	3.68
metalik	3.68
metinleri	3.68
metropol	3.68
milas	3.68
miydin	3.68
moğol	3.68
muvaffak	3.68
nabız	3.68
nafaka	3.68
naim	3.68
nasıldır	3.68
naz	3.68
nebze	3.68
nedeninin	3.68
neslin	3.68
nüfuslu	3.68
okuduğunu	3.68
okumuştum	3.68
okunması	3.68
olamazdı	3.68
olamazlar	3.68
olaylarında	3.68
olimpik	3.68
oluşturabilir	3.68
oynadıkları	3.68
parmaklarını	3.68
paylaşımlar	3.68
performansları	3.68
pers	3.68
phillip	3.68
piri	3.68
pislikler	3.68
piçler	3.68
profile	3.68
prototip	3.68
rabia	3.68
rahatlığı	3.68
rahmetle	3.68
raylı	3.68
reformu	3.68
resul	3.68
resulullah	3.68
ring	3.68
roberts	3.68
rolünde	3.68
röntgen	3.68
rövanş	3.68
rüştü	3.68
sahasına	3.68
sahneden	3.68
salihli	3.68
sandal	3.68
sang	3.68
sanmam	3.68
sağlamayı	3.68
sevgiye	3.68
seçtik	3.68
shi	3.68
sinyaller	3.68
sirk	3.68
sistemlerde	3.68
skandalı	3.68
sohbetler	3.68
soktum	3.68
sorunlarla	3.68
soruyorlar	3.68
stabil	3.68
stewart	3.68
stresi	3.68
suçladı	3.68
sütyen	3.68
sıktı	3.68
sınavın	3.68
tabloya	3.68
tahminen	3.68
tahminler	3.68
takımlara	3.68
takımlarının	3.68
tamamlanmıştır	3.68
tanıdı	3.68
tanımadığı	3.68
tanıyoruz	3.68
tanışıp	3.68
taraftarların	3.68
tava	3.68
taşla	3.68
taşımaya	3.68
temizleyin	3.68
tezgah	3.68
teâlâ	3.68
tina	3.68
titriyor	3.68
tofaş	3.68
trene	3.68
tutmuyor	3.68
tutuklanması	3.68
tuşuna	3.68
türkmenistan	3.68
türlerine	3.68
ukala	3.68
uyanır	3.68
uykular	3.68
uzattı	3.68
uzatır	3.68
uçuk	3.68
uçup	3.68
vega	3.68
vegan	3.68
veriyi	3.68
vinci	3.68
viranşehir	3.68
vurulmuş	3.68
wells	3.68
yandaki	3.68
yangının	3.68
yapılma	3.68
yapılmayan	3.68
yargının	3.68
yatıyorum	3.68
yazarlık	3.68
yazdığın	3.68
yaşadılar	3.68
yaşamasına	3.68
yaşananları	3.68
yaşımda	3.68
yorumcu	3.68
yönetmenin	3.68
yöntemin	3.68
yükselmiş	3.68
yüreğim	3.68
yürüyorum	3.68
zarara	3.68
zenginler	3.68
zeytinyağı	3.68
zile	3.68
zübeyde	3.68
çabalar	3.68
çarpık	3.68
çağla	3.68
çevrenin	3.68
çizen	3.68
çokta	3.68
çoluk	3.68
çözüme	3.68
çözümleri	3.68
çıkartır	3.68
çıkmamış	3.68
ölçek	3.68
öngörülen	3.68
örtbas	3.68
örten	3.68
ütü	3.68
ıd	3.68
ısland	3.68
şahsın	3.68
şairi	3.68
şifalı	3.68
şifreleri	3.68
şiire	3.68
şiş	3.68
adolf	3.67
adımları	3.67
ahlâk	3.67
ajanlar	3.67
akrabaları	3.67
alabilirler	3.67
alanlarından	3.67
amerikalıların	3.67
anlarız	3.67
anlattığım	3.67
anlayınca	3.67
arabasını	3.67
aracına	3.67
arayışı	3.67
araçtan	3.67
araştırmanın	3.67
ari	3.67
artmaya	3.67
arıyorlar	3.67
asırlık	3.67
austin	3.67
ava	3.67
ayarlar	3.67
aynada	3.67
ayrıcalıklı	3.67
ayrılmaya	3.67
azmi	3.67
açıklığı	3.67
ağladım	3.67
balcı	3.67
banko	3.67
basının	3.67
batının	3.67
bayrağın	3.67
başkanlığındaki	3.67
başlat	3.67
başsavcı	3.67
beck	3.67
beckett	3.67
beleş	3.67
bieber	3.67
bildirisi	3.67
bilincini	3.67
bilmediğiniz	3.67
bilmenizi	3.67
birleşmesi	3.67
bitirecek	3.67
bittim	3.67
biyografisi	3.67
borçları	3.67
botanik	3.67
bozukluklar	3.67
bryan	3.67
bull	3.67
burnuna	3.67
caesar	3.67
camileri	3.67
canlısı	3.67
cevat	3.67
cha	3.67
cihazların	3.67
clarke	3.67
cumhurbaşkanına	3.67
darmadağın	3.67
dayanamam	3.67
delilleri	3.67
denilir	3.67
denizciler	3.67
devrildi	3.67
değerdir	3.67
değişkenlik	3.67
dha	3.67
dinozor	3.67
dinç	3.67
dinçer	3.67
dom	3.67
double	3.67
doğrulandı	3.67
duaları	3.67
duruşması	3.67
duyup	3.67
döküldü	3.67
dönüşte	3.67
düdük	3.67
düşüncesiyle	3.67
edecekti	3.67
edemeyiz	3.67
ediyormuş	3.67
efekt	3.67
eksen	3.67
elektriğin	3.67
eleştirilere	3.67
eleştirileri	3.67
erasmus	3.67
erişilebilir	3.67
etapta	3.67
etkilenir	3.67
etmeme	3.67
evan	3.67
evimi	3.67
evleniyor	3.67
eşkıya	3.67
farklıydı	3.67
fazlaca	3.67
filmindeki	3.67
floyd	3.67
force	3.67
formasyon	3.67
geldiyse	3.67
geldiğinden	3.67
gelini	3.67
gelmeli	3.67
gerekiyormuş	3.67
gerçeklerle	3.67
geçmişine	3.67
girerse	3.67
girişimde	3.67
girişiminden	3.67
giydim	3.67
golüyle	3.67
görmediğim	3.67
görüntülere	3.67
görüşecek	3.67
gösterinin	3.67
gösteriyoruz	3.67
götürün	3.67
gözlere	3.67
gözlerindeki	3.67
gülümseyin	3.67
gülünç	3.67
hacca	3.67
haini	3.67
hamsi	3.67
hangisine	3.67
haritasını	3.67
hatasını	3.67
hatunlar	3.67
hayalin	3.67
hayallerin	3.67
hayatla	3.67
hazir	3.67
hektar	3.67
hibe	3.67
hikâyeleri	3.67
huawei	3.67
huylu	3.67
hıyar	3.67
ifadesine	3.67
ilah	3.67
ilerliyoruz	3.67
imzala	3.67
ipe	3.67
istemezdim	3.67
istemiyorlar	3.67
itunes	3.67
izinli	3.67
josef	3.67
kabir	3.67
kadere	3.67
kafanın	3.67
kafasının	3.67
kalırız	3.67
kapakları	3.67
kapatmış	3.67
karakterli	3.67
karnını	3.67
karımı	3.67
karını	3.67
kayan	3.67
kaybedip	3.67
kaynağa	3.67
kazanırken	3.67
kaçı	3.67
kedileri	3.67
kendimde	3.67
kolumu	3.67
kolundan	3.67
kondom	3.67
koordinatörü	3.67
kopmuş	3.67
korosu	3.67
kumandan	3.67
kumral	3.67
kurarken	3.67
kurtarın	3.67
kurtulup	3.67
kurumlarına	3.67
köln	3.67
kübra	3.67
kürtlere	3.67
kıllı	3.67
kırsalında	3.67
kısacık	3.67
lance	3.67
limonlu	3.67
liseler	3.67
liseleri	3.67
lt	3.67
maddeden	3.67
maksadıyla	3.67
manager	3.67
marcel	3.67
marmaray	3.67
mavisi	3.67
mağarada	3.67
medyum	3.67
mekik	3.67
mesajlarını	3.67
meselenin	3.67
messenger	3.67
midyat	3.67
miktarının	3.67
muhalifler	3.67
multi	3.67
müftüsü	3.67
müsün	3.67
nakış	3.67
nasihat	3.67
nefsi	3.67
niteliğindeki	3.67
normalden	3.67
numaralarını	3.67
okulumuz	3.67
olmamıza	3.67
olurmu	3.67
organlar	3.67
oturarak	3.67
oynadığını	3.67
paniğe	3.67
parkında	3.67
parmakları	3.67
parçasının	3.67
pereira	3.67
peugeot	3.67
planladığı	3.67
platin	3.67
portre	3.67
prestij	3.67
programımız	3.67
rastladım	3.67
rekreasyon	3.67
rengin	3.67
reyhanlı	3.67
rumlar	3.67
safranbolu	3.67
sahanın	3.67
sandıkta	3.67
satım	3.67
savaşçıları	3.67
sawyer	3.67
sayma	3.67
sayıya	3.67
seattle	3.67
sevecen	3.67
seçilerek	3.67
siviller	3.67
standartlarına	3.67
suçluluk	3.67
sıkıntıdan	3.67
sıkıştırma	3.67
sığınan	3.67
taksiye	3.67
taktiği	3.67
tamamlayıcı	3.67
tamamlayıp	3.67
tanımlanır	3.67
tanışın	3.67
tarafının	3.67
tasarımcısı	3.67
taslağı	3.67
taylan	3.67
teke	3.67
teresa	3.67
tetkik	3.67
ticaretin	3.67
toplumlar	3.67
toprakta	3.67
trenin	3.67
tropikal	3.67
type	3.67
türker	3.67
ufo	3.67
umumi	3.67
usa	3.67
uyandırdı	3.67
uyarıcı	3.67
uyur	3.67
uzanır	3.67
uğraşırken	3.67
vajina	3.67
vanessa	3.67
vatandaşlara	3.67
vefatının	3.67
volkanik	3.67
vı	3.67
yaklaşırken	3.67
yalı	3.67
yandaş	3.67
yangından	3.67
yanlı	3.67
yapacağına	3.67
yaptırmış	3.67
yaptığının	3.67
yapılmakta	3.67
yarını	3.67
yatakları	3.67
yavrular	3.67
yayan	3.67
yazmıyor	3.67
yaşadın	3.67
yaşarız	3.67
yemeklerini	3.67
yemi	3.67
yolumuzu	3.67
yosun	3.67
yükle	3.67
yükselmeye	3.67
yüzeyde	3.67
zaferin	3.67
zamansız	3.67
zerrin	3.67
çalışmadan	3.67
çalışmıştır	3.67
çaresizlik	3.67
çarpması	3.67
çarpıp	3.67
çağına	3.67
çekilerek	3.67
çekinmeyin	3.67
çektiler	3.67
çerçevesi	3.67
çizilmiş	3.67
çizimler	3.67
çocuktur	3.67
çözünürlüklü	3.67
çünki	3.67
çıkartın	3.67
çıkışları	3.67
çılgınlık	3.67
ödülün	3.67
öleceğim	3.67
ölçülür	3.67
öneriler	3.67
önünüze	3.67
özgürlükçü	3.67
öğreneceksiniz	3.67
ünde	3.67
ürününü	3.67
üzgünüz	3.67
şampiyonasında	3.67
şanslar	3.67
şekilli	3.67
şeytanı	3.67
aileme	3.66
akyazı	3.66
alanlardan	3.66
aliağa	3.66
alkolik	3.66
alındıktan	3.66
amcanın	3.66
annemden	3.66
arabasına	3.66
ararım	3.66
araştırmaların	3.66
ardındaki	3.66
arkadaşlarımıza	3.66
arıtma	3.66
arıyorsanız	3.66
asansörü	3.66
asayiş	3.66
ayakkabısı	3.66
aydoğan	3.66
aynalar	3.66
ayyaş	3.66
azalmış	3.66
azaltma	3.66
açıları	3.66
açılışına	3.66
açısını	3.66
ağla	3.66
ağzın	3.66
bakalim	3.66
balo	3.66
basınında	3.66
bayanları	3.66
bayramda	3.66
bağırarak	3.66
başardılar	3.66
başlamıştım	3.66
başlayacağız	3.66
been	3.66
bekçisi	3.66
belgeyi	3.66
beyninin	3.66
bildirilmiştir	3.66
bildirin	3.66
bileşenler	3.66
bilgelik	3.66
bilmiyordu	3.66
boom	3.66
borçlarını	3.66
bulutlu	3.66
bölümlere	3.66
büyüktü	3.66
büşra	3.66
bıyıklı	3.66
caiz	3.66
camları	3.66
cani	3.66
canlının	3.66
cebimde	3.66
cinayete	3.66
cody	3.66
costa	3.66
cümlede	3.66
dayandığı	3.66
dediğimi	3.66
defolup	3.66
delisi	3.66
denildi	3.66
denklem	3.66
dereceli	3.66
dese	3.66
disiplini	3.66
dm	3.66
donanımlı	3.66
durumdaydı	3.66
duyma	3.66
döküm	3.66
düzeltmeye	3.66
düzeye	3.66
düşünülüyor	3.66
ebubekir	3.66
edebileceğini	3.66
efsaneler	3.66
ekonomisini	3.66
elimizi	3.66
eminem	3.66
eminönü	3.66
enter	3.66
erimiş	3.66
esinlenerek	3.66
ethan	3.66
etmesinden	3.66
etmişlerdi	3.66
evlendikten	3.66
ezmesi	3.66
faks	3.66
fantazi	3.66
fashion	3.66
finn	3.66
flüt	3.66
garden	3.66
geceki	3.66
geleceksin	3.66
gelecekten	3.66
gelişiminde	3.66
geliştirir	3.66
gençlerimiz	3.66
gerçekleştirilecek	3.66
getirildiği	3.66
geçiriyoruz	3.66
gittikleri	3.66
gizlidir	3.66
golün	3.66
gölde	3.66
gönlüm	3.66
görülme	3.66
göçmenler	3.66
haksızlığa	3.66
halkası	3.66
halkım	3.66
haller	3.66
hanginiz	3.66
hareketlerine	3.66
harman	3.66
hastalıklara	3.66
hatipoğlu	3.66
havva	3.66
hayırdır	3.66
hazırlıklarına	3.66
heh	3.66
help	3.66
herkeste	3.66
herkül	3.66
hokey	3.66
iett	3.66
ilerici	3.66
ileriki	3.66
ilişkiden	3.66
illeri	3.66
illerinde	3.66
ilçelerinde	3.66
inanca	3.66
inanmıyor	3.66
iradesine	3.66
isen	3.66
isminden	3.66
ithaf	3.66
iyiyi	3.66
izlenimi	3.66
içeriz	3.66
içmiş	3.66
işlemek	3.66
jest	3.66
kadife	3.66
kalanında	3.66
kalori	3.66
kalırken	3.66
kalıyordu	3.66
kapatalım	3.66
kararların	3.66
kararnamesi	3.66
kardeşlerimize	3.66
karşılaşmayı	3.66
karşılaştık	3.66
katherine	3.66
katilleri	3.66
kaybetmişti	3.66
kazananı	3.66
kazandıracak	3.66
kazanmıştı	3.66
kazançlı	3.66
kazaya	3.66
kaçırmış	3.66
kefalet	3.66
keklik	3.66
kesilerek	3.66
kesiliyor	3.66
keşfettim	3.66
keşfi	3.66
kimim	3.66
kitaplarının	3.66
kocan	3.66
konferansta	3.66
kor	3.66
koşullarını	3.66
krallığın	3.66
krizine	3.66
kuraklık	3.66
kurtulmanın	3.66
kurulum	3.66
kurumlarda	3.66
kusuru	3.66
köprülü	3.66
köprüyü	3.66
kütlesi	3.66
kıraç	3.66
kırmış	3.66
kıymetler	3.66
kıyısı	3.66
kıçını	3.66
kışlık	3.66
lacivertli	3.66
laptop	3.66
let	3.66
lif	3.66
lirası	3.66
lisansını	3.66
lori	3.66
lüzum	3.66
makinesinin	3.66
management	3.66
marx	3.66
maçka	3.66
mağazalarında	3.66
mescit	3.66
meseleleri	3.66
metabolik	3.66
meyveli	3.66
militan	3.66
mineraller	3.66
mitsubishi	3.66
modelleme	3.66
nabi	3.66
naif	3.66
naruto	3.66
nilgün	3.66
normaldir	3.66
odalı	3.66
odasını	3.66
olaylarının	3.66
olmayacağı	3.66
olmayacağım	3.66
olmayanların	3.66
oluşturmuş	3.66
ortaöğretim	3.66
otonom	3.66
otopark	3.66
paylaşacak	3.66
personelin	3.66
pierce	3.66
pin	3.66
pire	3.66
pozisyona	3.66
project	3.66
psikiyatrik	3.66
quinn	3.66
rabbin	3.66
rapora	3.66
rauf	3.66
riskleri	3.66
sahabe	3.66
sahadan	3.66
sahilinde	3.66
saklanır	3.66
saklar	3.66
saldırılarını	3.66
sarayında	3.66
savaşırken	3.66
secret	3.66
security	3.66
sefil	3.66
seher	3.66
semti	3.66
seneden	3.66
sergilediği	3.66
sergiler	3.66
sevilla	3.66
seçimlerinin	3.66
shannon	3.66
silahını	3.66
sistemden	3.66
sitelerinde	3.66
siyasetten	3.66
sonuçla	3.66
sorununa	3.66
soul	3.66
standard	3.66
subaşı	3.66
sunarım	3.66
sunulmaktadır	3.66
sunuyoruz	3.66
söylediğiniz	3.66
süreklilik	3.66
sürmeye	3.66
tahran	3.66
talebe	3.66
tanınır	3.66
tarımda	3.66
tarımı	3.66
tebessüm	3.66
tedaviyi	3.66
tedbirli	3.66
tehlikeyi	3.66
teknolojiye	3.66
telefonundan	3.66
teneke	3.66
tepkileri	3.66
tesekkurler	3.66
theo	3.66
topluluklar	3.66
toplumlarda	3.66
tozlu	3.66
tropik	3.66
tt	3.66
tutarken	3.66
tülay	3.66
ulaşacak	3.66
union	3.66
uygulamalarının	3.66
uygulamasının	3.66
uz	3.66
uzatmak	3.66
uçurum	3.66
uğrunda	3.66
uşağı	3.66
varol	3.66
vasat	3.66
vatandaşlarına	3.66
veremedim	3.66
vermenizi	3.66
verse	3.66
vr	3.66
yad	3.66
yaklaştıkça	3.66
yakındaki	3.66
yapmalarını	3.66
yattığı	3.66
yaşındasın	3.66
yaşının	3.66
yediğimiz	3.66
yenilenmiş	3.66
yerdi	3.66
yetenekler	3.66
yokuş	3.66
yoluma	3.66
yordu	3.66
yükseltme	3.66
yüzünüze	3.66
zarı	3.66
zevkin	3.66
zorlukları	3.66
âli	3.66
çaldılar	3.66
çekirdekli	3.66
çizimleri	3.66
çizmek	3.66
çoğunluğunun	3.66
çözülmesi	3.66
çözülür	3.66
çıkmayacak	3.66
ölçme	3.66
öptü	3.66
örnektir	3.66
örneğini	3.66
öyküleri	3.66
özellikli	3.66
üretiyor	3.66
üretti	3.66
üçer	3.66
şartlarına	3.66
şebekesi	3.66
şevki	3.66
adınız	3.65
adınıza	3.65
akdoğan	3.65
aktiviteleri	3.65
alamadık	3.65
alerjisi	3.65
alfabetik	3.65
alınmıştı	3.65
alırsanız	3.65
amino	3.65
angelina	3.65
anlaşılacağı	3.65
antrenörlük	3.65
arabadan	3.65
atamaları	3.65
atarlar	3.65
atletico	3.65
ayağın	3.65
ayısı	3.65
azaltılması	3.65
açıldığında	3.65
açılmıyor	3.65
aşar	3.65
bailey	3.65
bali	3.65
balıkların	3.65
barnes	3.65
baskıcı	3.65
basımı	3.65
başkanlarının	3.65
başladın	3.65
başınızı	3.65
bea	3.65
bebe	3.65
beklediğiniz	3.65
beklentiler	3.65
belgelerini	3.65
beşi	3.65
bildirimleri	3.65
bindi	3.65
birikimi	3.65
birimine	3.65
birimlerinin	3.65
birisiydi	3.65
birliğiyle	3.65
bozmaya	3.65
brent	3.65
bütçeli	3.65
büyüdüğü	3.65
büyükleri	3.65
büyüklüğünü	3.65
büyüyecek	3.65
büyüyüp	3.65
cape	3.65
cebeci	3.65
cesaretle	3.65
chrome	3.65
control	3.65
coğrafyası	3.65
crystal	3.65
dalgıç	3.65
dekor	3.65
demekten	3.65
derecesini	3.65
dergiler	3.65
derinlemesine	3.65
destekleme	3.65
değerlerinin	3.65
değişikliklerin	3.65
dikili	3.65
dileği	3.65
dinde	3.65
dinledi	3.65
dirençli	3.65
disko	3.65
diyeceğini	3.65
diyip	3.65
dokundu	3.65
dolaşırken	3.65
dominic	3.65
dondurulmuş	3.65
duvarda	3.65
duyulur	3.65
düşürmeye	3.65
düşürüyor	3.65
edileceğini	3.65
edindiği	3.65
elinizdeki	3.65
ellere	3.65
emniyeti	3.65
engelleyecek	3.65
etkileşimli	3.65
etmeyelim	3.65
evliliğe	3.65
eylemin	3.65
eşiniz	3.65
fakültesine	3.65
fal	3.65
farksız	3.65
fazlasına	3.65
fetullahçı	3.65
figürü	3.65
françois	3.65
gap	3.65
gelinceye	3.65
geliştirilmesine	3.65
gemisini	3.65
gençliğin	3.65
geçenler	3.65
gidersem	3.65
girişimcilik	3.65
gitmekte	3.65
gönderilmesi	3.65
göreceli	3.65
görevlerinden	3.65
görevliler	3.65
görünse	3.65
gösterilmesi	3.65
göçebe	3.65
gücünde	3.65
güneyindeki	3.65
hatlarını	3.65
hayatlarının	3.65
hesabın	3.65
hislerini	3.65
hissettiren	3.65
hissettiriyor	3.65
hoşlanan	3.65
hırka	3.65
ihanete	3.65
ilerledi	3.65
ilkeler	3.65
imdat	3.65
imzalar	3.65
inanmaya	3.65
inanıyordu	3.65
iradenin	3.65
iten	3.65
izlemesi	3.65
içerden	3.65
işletmeleri	3.65
işyeri	3.65
jazz	3.65
jobs	3.65
kabuklu	3.65
kaderine	3.65
kalabilmek	3.65
kalacaksınız	3.65
kalacağım	3.65
kalanların	3.65
kalitesinde	3.65
kalksın	3.65
kalmadığı	3.65
kalırsınız	3.65
kanadalı	3.65
kanalına	3.65
kanserden	3.65
kanım	3.65
kanıtladı	3.65
kapitalizmin	3.65
kapsül	3.65
karamsar	3.65
katie	3.65
kaydetmek	3.65
kazalar	3.65
kazanmasına	3.65
kazanırsa	3.65
kaçtım	3.65
kaçın	3.65
kelimelere	3.65
kenneth	3.65
kesilecek	3.65
kimsesiz	3.65
kitaplardan	3.65
kişisi	3.65
kocatepe	3.65
konmuş	3.65
konsol	3.65
konuştuğun	3.65
koordinatları	3.65
koruyup	3.65
kotu	3.65
krizinden	3.65
kullanabilirsiniz	3.65
kursuna	3.65
kuruma	3.65
kutusunda	3.65
köleler	3.65
köylere	3.65
kümesi	3.65
lgbt	3.65
lin	3.65
lisan	3.65
luna	3.65
maliyetleri	3.65
maması	3.65
mantıksal	3.65
mazot	3.65
mecburi	3.65
mecidiyeköy	3.65
medeniyeti	3.65
memeleri	3.65
menekşe	3.65
mescidi	3.65
mezarını	3.65
mick	3.65
milliye	3.65
milton	3.65
mina	3.65
mitingi	3.65
motora	3.65
mrs	3.65
muhasebeci	3.65
müteakip	3.65
nasıldı	3.65
nat	3.65
netflix	3.65
nostalji	3.65
numarada	3.65
nurullah	3.65
oje	3.65
olgunluk	3.65
oluşumuna	3.65
oyuncularının	3.65
pankreas	3.65
paramız	3.65
parola	3.65
parçasıydı	3.65
paylaşıldı	3.65
pekkan	3.65
phoenix	3.65
photoshop	3.65
pike	3.65
pişmanım	3.65
polatlı	3.65
politikalarını	3.65
polonyalı	3.65
press	3.65
prova	3.65
rekabetçi	3.65
restoranı	3.65
reçel	3.65
ru	3.65
ruha	3.65
ruhsat	3.65
sakinlerinin	3.65
sanayici	3.65
santiago	3.65
satılmış	3.65
savaşıyor	3.65
savunur	3.65
sağlayacaktır	3.65
sebeplerle	3.65
selfie	3.65
ser	3.65
service	3.65
sevap	3.65
sevmediğini	3.65
soytarı	3.65
stat	3.65
storm	3.65
suçum	3.65
söyleyeceklerim	3.65
süleymaniye	3.65
tanımaz	3.65
tanımlanabilir	3.65
tanımlı	3.65
tatmak	3.65
tatsız	3.65
tertip	3.65
teçhizat	3.65
timi	3.65
title	3.65
topbaş	3.65
toplandığı	3.65
toplantıları	3.65
trevor	3.65
tudor	3.65
tuncel	3.65
tutamaz	3.65
tükenmez	3.65
tıpta	3.65
uyanmak	3.65
uygulamalara	3.65
uygulanmasını	3.65
uzaklaştırma	3.65
uzaklığı	3.65
uçaktan	3.65
vaaz	3.65
vah	3.65
vakitte	3.65
vatanın	3.65
verilmesine	3.65
verirdi	3.65
well	3.65
why	3.65
yabancıların	3.65
yanlis	3.65
yapacakları	3.65
yapılamaz	3.65
yasaklayan	3.65
yayılıyor	3.65
yaşamları	3.65
yaşanması	3.65
yemiyor	3.65
yerimizi	3.65
yerleştirdi	3.65
yetkisine	3.65
yolluyorum	3.65
yolumu	3.65
yüksekliğinde	3.65
yürümeyi	3.65
zabıta	3.65
zemini	3.65
zen	3.65
âlem	3.65
çalarken	3.65
çarşısı	3.65
çekilmez	3.65
çekmiştir	3.65
çerçevede	3.65
çocukluğundan	3.65
çoğunluğunu	3.65
çıkmam	3.65
çıkıyorlar	3.65
öldürerek	3.65
öleceğiz	3.65
ölürüz	3.65
ömrüm	3.65
önlerinde	3.65
örneklerini	3.65
öyküler	3.65
ülkesinden	3.65
üzerlerinde	3.65
ğ	3.65
ısıl	3.65
şampiyonluğunu	3.65
şanssız	3.65
şaşırmış	3.65
şurası	3.65
abaza	3.64
abdulkadir	3.64
adadaki	3.64
adasında	3.64
ahi	3.64
ailelere	3.64
ailemin	3.64
aileniz	3.64
akyol	3.64
alaca	3.64
alacağın	3.64
allahu	3.64
almadığı	3.64
altinda	3.64
alıştım	3.64
anlatıp	3.64
anlayışının	3.64
anlaşılmaz	3.64
anıyoruz	3.64
aradığın	3.64
araziyi	3.64
araştırdım	3.64
araştırmayı	3.64
araştırılması	3.64
artist	3.64
asena	3.64
aslanı	3.64
ateşte	3.64
atlantic	3.64
atmıştı	3.64
attıkları	3.64
attığın	3.64
açıklayacak	3.64
aşağılayıcı	3.64
bahtiyar	3.64
bakmıyor	3.64
bakteriyel	3.64
balkanlar	3.64
bankada	3.64
bariyer	3.64
barolar	3.64
basıldı	3.64
batmış	3.64
batuhan	3.64
batıdan	3.64
başlanmış	3.64
bedelsiz	3.64
belaya	3.64
benny	3.64
benzinli	3.64
beyinde	3.64
beyşehir	3.64
bezelye	3.64
bildiklerini	3.64
bilgisine	3.64
bilmiş	3.64
birleşerek	3.64
bozacak	3.64
boğuldu	3.64
boşta	3.64
broadway	3.64
bulamazsınız	3.64
bulduğunuz	3.64
bulunduğun	3.64
burnunun	3.64
buruk	3.64
buymuş	3.64
bylock	3.64
büfe	3.64
bürokrat	3.64
bütünlüğünü	3.64
büyüklüğüne	3.64
cambridge	3.64
ciğer	3.64
derdini	3.64
değiştirilebilir	3.64
dileğim	3.64
dinliyoruz	3.64
diskalifiye	3.64
dizisinden	3.64
domain	3.64
dostluğu	3.64
dragon	3.64
drive	3.64
durmayı	3.64
durumlara	3.64
duruyorsun	3.64
duydukları	3.64
duyduğumda	3.64
dü	3.64
dür	3.64
düşmeden	3.64
düştüler	3.64
düşüşü	3.64
edebileceği	3.64
edilebilen	3.64
edinmiş	3.64
elektro	3.64
emici	3.64
engellendi	3.64
ensest	3.64
erin	3.64
esaret	3.64
ete	3.64
etmelidir	3.64
eşleşme	3.64
farkeder	3.64
faturayı	3.64
feribot	3.64
frost	3.64
fuck	3.64
galibiyetini	3.64
gelinin	3.64
genişletmek	3.64
gitsinler	3.64
gittiğimizde	3.64
gurup	3.64
gökyüzünden	3.64
gölgeler	3.64
görebiliyorum	3.64
görmüştü	3.64
görsen	3.64
görünebilir	3.64
görürse	3.64
gösterdim	3.64
götü	3.64
götürdüğü	3.64
güçte	3.64
haberine	3.64
hafızası	3.64
harcanan	3.64
hatasız	3.64
hatırına	3.64
havalimanına	3.64
hazırdır	3.64
hazırlamaya	3.64
heather	3.64
hepatit	3.64
hills	3.64
hizmette	3.64
holly	3.64
hükümdarı	3.64
ilerlemiş	3.64
ilgileniyor	3.64
ilgini	3.64
ille	3.64
ilân	3.64
inancına	3.64
inceler	3.64
ing	3.64
interaktif	3.64
isteklerine	3.64
izlanda	3.64
izleyeceğiz	3.64
işlemin	3.64
işlevleri	3.64
jale	3.64
kaka	3.64
kaldırdım	3.64
kalesine	3.64
kalitede	3.64
kalkması	3.64
kanallarında	3.64
kardeşiyle	3.64
katma	3.64
katy	3.64
katılacağı	3.64
katın	3.64
kayması	3.64
kaynaklandığını	3.64
kaynıyor	3.64
kayyum	3.64
kelimesinden	3.64
kilidini	3.64
kimliklerini	3.64
kimsede	3.64
koalisyonu	3.64
kokular	3.64
kolaylaştırır	3.64
koymuşlar	3.64
krasnodar	3.64
kuralım	3.64
kurtul	3.64
kurumlara	3.64
kuvvetlerine	3.64
kuzeydeki	3.64
kyk	3.64
kütük	3.64
laboratuvarda	3.64
lcd	3.64
leman	3.64
lokal	3.64
maddesinin	3.64
mahkumlar	3.64
makalesi	3.64
makro	3.64
maymunlar	3.64
maymunu	3.64
mağazada	3.64
mağduru	3.64
melisa	3.64
mercek	3.64
mills	3.64
minnettar	3.64
minnettarız	3.64
mother	3.64
mucizeler	3.64
müzenin	3.64
müşterinin	3.64
nasibini	3.64
nazmi	3.64
never	3.64
nijerya	3.64
nohut	3.64
noktalarından	3.64
noktanın	3.64
okulunun	3.64
okunuşu	3.64
olamayız	3.64
olmazsın	3.64
oluşacak	3.64
oluşturmuştur	3.64
onaylanmış	3.64
ormanlar	3.64
oyunla	3.64
padişahı	3.64
pahalıya	3.64
palm	3.64
pankart	3.64
paraşüt	3.64
parçacık	3.64
pastayı	3.64
patlıyor	3.64
patricia	3.64
paylaşarak	3.64
paylaşma	3.64
pe	3.64
pensilvanya	3.64
per	3.64
pilotlar	3.64
platformda	3.64
prodüksiyon	3.64
programların	3.64
ps	3.64
public	3.64
ran	3.64
rejime	3.64
renklere	3.64
resimlerin	3.64
reyhan	3.64
rezerv	3.64
reçete	3.64
ricardo	3.64
role	3.64
rtük	3.64
run	3.64
sadri	3.64
sahibinden	3.64
sahiplerini	3.64
saklambaç	3.64
saldırılarda	3.64
savunmasını	3.64
saydam	3.64
sayıyor	3.64
sağlayacağız	3.64
senaryolar	3.64
serisinde	3.64
seçiyor	3.64
sierra	3.64
sikik	3.64
siktirin	3.64
soft	3.64
solu	3.64
sonuçlarının	3.64
sorduğu	3.64
sosyolojik	3.64
space	3.64
stalin	3.64
statüsüne	3.64
strese	3.64
sucuk	3.64
superman	3.64
söylediğine	3.64
söylüyorsunuz	3.64
sözlere	3.64
sözleşmeyi	3.64
sıcaklığını	3.64
sıkıntıları	3.64
sızıntı	3.64
taa	3.64
taahhüt	3.64
tabanında	3.64
tanısı	3.64
tanışmış	3.64
taraftarın	3.64
tatilin	3.64
tecrit	3.64
teddy	3.64
tekniklerini	3.64
teminatı	3.64
terakki	3.64
terörizm	3.64
tesir	3.64
teşhir	3.64
tohumlar	3.64
toplumdaki	3.64
town	3.64
trenle	3.64
tribe	3.64
tutmaktadır	3.64
ul	3.64
ulusu	3.64
umutlu	3.64
usulüne	3.64
utandım	3.64
uyarak	3.64
uçakların	3.64
vagon	3.64
vahşet	3.64
verebiliriz	3.64
verenlerin	3.64
vergileri	3.64
vermezler	3.64
videolarını	3.64
videoya	3.64
vücudum	3.64
where	3.64
yakıcı	3.64
yalandan	3.64
yapmalısınız	3.64
yaratıcılık	3.64
yardımsever	3.64
yasaların	3.64
yaygındır	3.64
yazabilir	3.64
yazmam	3.64
yağdı	3.64
yaşamasını	3.64
yemedim	3.64
yenilendi	3.64
yetkililerin	3.64
yks	3.64
yoklama	3.64
yoktun	3.64
yolculukta	3.64
yolum	3.64
yolundaki	3.64
yorumlarınızı	3.64
yurdun	3.64
yükseltti	3.64
yüreğine	3.64
zamanlara	3.64
zevkini	3.64
zoom	3.64
çalmış	3.64
çar	3.64
çarptırıldı	3.64
çarpıştı	3.64
çatışmanın	3.64
çekebilir	3.64
çevresinin	3.64
çip	3.64
çizgide	3.64
çiçeklerin	3.64
çocukta	3.64
ödedi	3.64
öksürük	3.64
ölçer	3.64
önlerine	3.64
öpüyorum	3.64
ötv	3.64
öyküsünü	3.64
özne	3.64
özünü	3.64
ülkelerini	3.64
üyesidir	3.64
üzdü	3.64
üzerindedir	3.64
ıhlamur	3.64
ırene	3.64
şahinbey	3.64
şefkatli	3.64
şehvet	3.64
şi	3.64
şifreyi	3.64
şoku	3.64
adayın	3.63
ahır	3.63
ailecek	3.63
ailen	3.63
akaryakıt	3.63
akman	3.63
akşehir	3.63
alabilirsin	3.63
algoritma	3.63
almışım	3.63
alınmaktadır	3.63
alışkanlığı	3.63
andı	3.63
angelo	3.63
anlamakta	3.63
anlatabildim	3.63
anneniz	3.63
arabaların	3.63
aracıdır	3.63
arayacak	3.63
arnavutluk	3.63
artıran	3.63
atacağız	3.63
ataköy	3.63
atlantis	3.63
atışları	3.63
august	3.63
ayeti	3.63
aygıt	3.63
açarım	3.63
açıcı	3.63
ağlamayı	3.63
aşamaları	3.63
bankaları	3.63
basel	3.63
baskıyı	3.63
basılmış	3.63
başrollerini	3.63
başımda	3.63
becerileri	3.63
beklentileri	3.63
belediyeden	3.63
belirtiyor	3.63
beyinsiz	3.63
bilgilerinizi	3.63
bilmediğini	3.63
bilmezsin	3.63
binen	3.63
birimlerine	3.63
birisiyim	3.63
birleşimi	3.63
blade	3.63
bozok	3.63
boşlukları	3.63
boşnak	3.63
bulamıyor	3.63
bulmam	3.63
buysa	3.63
bölümündeki	3.63
böyleydi	3.63
büyütmek	3.63
bıraktıktan	3.63
canlar	3.63
cerrahisi	3.63
chat	3.63
civarındaki	3.63
cleveland	3.63
cristiano	3.63
cu	3.63
damarı	3.63
days	3.63
defterine	3.63
dememiş	3.63
dengi	3.63
derdiniz	3.63
destekleyici	3.63
değilimdir	3.63
değiştirmeyi	3.63
dininin	3.63
doldurdu	3.63
dolması	3.63
doyumsuz	3.63
doğmadan	3.63
dream	3.63
durdurmaya	3.63
durumundadır	3.63
duyarsız	3.63
duyduğun	3.63
dövdü	3.63
döşeme	3.63
düşüncelerinizi	3.63
düşünsenize	3.63
dın	3.63
easy	3.63
edilince	3.63
efeler	3.63
efsaneye	3.63
eklenti	3.63
emniyette	3.63
emperyalizm	3.63
enstrüman	3.63
erich	3.63
erişkin	3.63
ertaş	3.63
eserlerinden	3.63
etabı	3.63
etkilendi	3.63
etkilerinin	3.63
etmede	3.63
evindeki	3.63
ex	3.63
eyalette	3.63
eylemlerini	3.63
eğimli	3.63
eşimi	3.63
fazilet	3.63
fosfor	3.63
futbolcunun	3.63
füzeleri	3.63
gaga	3.63
gazoz	3.63
gelmekten	3.63
gerektirecek	3.63
geçirdikten	3.63
girdiğimde	3.63
girerler	3.63
girişimler	3.63
god	3.63
gruptaki	3.63
gökalp	3.63
görebiliriz	3.63
görece	3.63
görmem	3.63
görürsem	3.63
gözleme	3.63
gülben	3.63
güvencesi	3.63
haklıyım	3.63
hapsi	3.63
harcı	3.63
hardcore	3.63
haritaları	3.63
hataların	3.63
hikayem	3.63
hikayemi	3.63
hissine	3.63
hissini	3.63
hizbullah	3.63
hukuken	3.63
hürmet	3.63
ihtimaline	3.63
ilerlemek	3.63
iletken	3.63
ilgilenmeye	3.63
ilginizi	3.63
ilişkilerinde	3.63
iltica	3.63
imtiyaz	3.63
incelemeleri	3.63
insandı	3.63
istatistikler	3.63
istemezsin	3.63
ithafen	3.63
ittihat	3.63
iyon	3.63
içti	3.63
işitsel	3.63
javier	3.63
kalabalığa	3.63
kaldırıyor	3.63
kalmadığını	3.63
kalmayıp	3.63
kalpten	3.63
kamuoyunun	3.63
karantina	3.63
karıştırıp	3.63
kavgayı	3.63
kavuşur	3.63
kayısı	3.63
kazanmasını	3.63
kaçırır	3.63
kesimleri	3.63
kiraya	3.63
konserinde	3.63
konukları	3.63
konuşmaz	3.63
korkusuyla	3.63
koydun	3.63
koymaktadır	3.63
koşa	3.63
kravat	3.63
kriterleri	3.63
kubilay	3.63
kullandık	3.63
kuma	3.63
kurması	3.63
kurtuldum	3.63
kuruluşlarının	3.63
kurusu	3.63
kurutma	3.63
kutusunu	3.63
kısımlar	3.63
kıyılarında	3.63
kızartma	3.63
kızartması	3.63
kışla	3.63
lay	3.63
lağım	3.63
luc	3.63
manasına	3.63
mareşal	3.63
masadan	3.63
mekana	3.63
meleklerin	3.63
memeler	3.63
metrede	3.63
mevsimde	3.63
milano	3.63
misafirlerimiz	3.63
misyon	3.63
mutluluğa	3.63
müsabakaları	3.63
namaza	3.63
nereli	3.63
niyetle	3.63
noktalarını	3.63
noktasıdır	3.63
nötr	3.63
oecd	3.63
okulundan	3.63
olanakları	3.63
olasılığını	3.63
olsaydınız	3.63
oluk	3.63
oranıyla	3.63
ortaklar	3.63
oyuncularla	3.63
palmiye	3.63
parlaklık	3.63
parlaklığı	3.63
pencereleri	3.63
penceresi	3.63
pençe	3.63
pili	3.63
pink	3.63
planlandığı	3.63
prosedürü	3.63
rast	3.63
rağbet	3.63
reklamını	3.63
rotası	3.63
safiye	3.63
sanatta	3.63
sas	3.63
sasha	3.63
savaşçılar	3.63
sebzeler	3.63
seferber	3.63
seninde	3.63
seslendirdiği	3.63
sessizliği	3.63
sette	3.63
sevdiklerinize	3.63
shirley	3.63
sitemizi	3.63
siteniz	3.63
sizinde	3.63
sonundan	3.63
sorumsuz	3.63
sorununuz	3.63
step	3.63
sunal	3.63
sürecinden	3.63
süreyi	3.63
sıcaklıkta	3.63
sınırlarında	3.63
tanrıları	3.63
tarlada	3.63
tarzım	3.63
tasarımında	3.63
tavanı	3.63
tavırları	3.63
tekke	3.63
teklifin	3.63
teklifte	3.63
teröristlere	3.63
text	3.63
tezahürat	3.63
toplumdan	3.63
tork	3.63
travel	3.63
travis	3.63
turgutlu	3.63
tuttuk	3.63
tutuklanmış	3.63
türlerin	3.63
uca	3.63
ulaşmasını	3.63
ulvi	3.63
utku	3.63
uygulamalarında	3.63
valinin	3.63
vede	3.63
vekilleri	3.63
verilirken	3.63
vermeleri	3.63
walking	3.63
willie	3.63
yabancılara	3.63
yakalamaya	3.63
yakmaya	3.63
yapilan	3.63
yaratılış	3.63
yardımları	3.63
yarışına	3.63
yatma	3.63
yatmış	3.63
yayılmasını	3.63
yazarlığı	3.63
yazılacak	3.63
yaşayacağız	3.63
yerimi	3.63
yerleştirmek	3.63
yetkilisi	3.63
yoruma	3.63
yüklendi	3.63
zararları	3.63
zeminde	3.63
zeybek	3.63
zümrüt	3.63
çalışanlarına	3.63
çark	3.63
çeviriyor	3.63
çiftleri	3.63
çizilen	3.63
çizimi	3.63
çocuklarıyla	3.63
çöpü	3.63
çözdüm	3.63
çıkarılmıştır	3.63
çıkmayan	3.63
çırılçıplak	3.63
ödenen	3.63
ödüllerini	3.63
öldün	3.63
öteden	3.63
özlemi	3.63
öğretiyor	3.63
ülkemizdeki	3.63
şehitlik	3.63
şehrini	3.63
şelalesi	3.63
şeyimiz	3.63
şiirde	3.63
şişko	3.63
abur	3.62
acıyla	3.62
adaletli	3.62
ahlaklı	3.62
ahtapot	3.62
ailemle	3.62
aktarım	3.62
alamam	3.62
alamazsın	3.62
ales	3.62
anita	3.62
arayı	3.62
araçlara	3.62
araştır	3.62
armstrong	3.62
arta	3.62
asmak	3.62
ataman	3.62
atlayarak	3.62
atmam	3.62
atsız	3.62
avına	3.62
aşıp	3.62
bae	3.62
baharda	3.62
baharın	3.62
bakıyordu	3.62
ballı	3.62
banyosu	3.62
bara	3.62
barack	3.62
barındırır	3.62
bass	3.62
bastırmak	3.62
bates	3.62
bayanla	3.62
bayındır	3.62
bazılarımız	3.62
başlatmış	3.62
başlıklar	3.62
beklersin	3.62
belirtmiştir	3.62
benimseyen	3.62
besteci	3.62
beyannamesi	3.62
beypazarı	3.62
beşik	3.62
bildi	3.62
bileklik	3.62
bolluk	3.62
bombayı	3.62
book	3.62
bowling	3.62
boyutunu	3.62
bulunmaya	3.62
bulunmuyor	3.62
bulunmuştu	3.62
burnundan	3.62
böreği	3.62
büyüdük	3.62
ceceli	3.62
cenazesine	3.62
cepheye	3.62
cezaevinden	3.62
chester	3.62
chip	3.62
cinayetten	3.62
cinsiyeti	3.62
clay	3.62
company	3.62
dayanak	3.62
death	3.62
deaş	3.62
degildir	3.62
dekanı	3.62
delege	3.62
delikleri	3.62
demekti	3.62
demen	3.62
dengede	3.62
detroit	3.62
değilde	3.62
değişmeyecek	3.62
dilenci	3.62
dinlenen	3.62
dinleyici	3.62
direnişin	3.62
doktorları	3.62
drone	3.62
durumların	3.62
duyduğunda	3.62
dönerse	3.62
dönüştürme	3.62
dükkân	3.62
düzelecek	3.62
düşüncelere	3.62
düşünmedim	3.62
düşünmüş	3.62
ebeveynler	3.62
edemediği	3.62
edmund	3.62
egitim	3.62
egzoz	3.62
ekibiyle	3.62
ekipmanı	3.62
ekmeğin	3.62
ekseni	3.62
ellerimle	3.62
elliot	3.62
elsa	3.62
enayi	3.62
erkekten	3.62
ertürk	3.62
esasında	3.62
eserde	3.62
etimesgut	3.62
etkinliğin	3.62
etmemesi	3.62
etmeyiz	3.62
ettirir	3.62
eğik	3.62
eğitmeni	3.62
faciası	3.62
fair	3.62
fanatik	3.62
faresi	3.62
fight	3.62
firari	3.62
fotokopi	3.62
fırına	3.62
fıstığı	3.62
galaksi	3.62
gama	3.62
gazetelere	3.62
gelişmelerin	3.62
geliştirildi	3.62
genişletme	3.62
gercek	3.62
gerektiğinden	3.62
gerçekleştiğini	3.62
gezer	3.62
geçirdikleri	3.62
girmiyor	3.62
giyerek	3.62
görünmektedir	3.62
görünmesi	3.62
görünmeye	3.62
gösterici	3.62
gülerek	3.62
güvendiğim	3.62
güzelliğine	3.62
haa	3.62
haneli	3.62
havadaki	3.62
havuzun	3.62
hawaii	3.62
hayatlarına	3.62
hevesli	3.62
heyecanlıyım	3.62
hileli	3.62
hillary	3.62
hisset	3.62
hizmetlerin	3.62
hos	3.62
ifadeyle	3.62
ilgilendi	3.62
ilişkim	3.62
ilkelerini	3.62
imanın	3.62
imzaladığı	3.62
inananlar	3.62
inanmış	3.62
incelik	3.62
indim	3.62
insanca	3.62
insanlarına	3.62
istediğimde	3.62
isteyince	3.62
itme	3.62
iyiki	3.62
izlenmesi	3.62
içermez	3.62
işlemine	3.62
jeanne	3.62
jenerik	3.62
judith	3.62
kabullenmek	3.62
kadronun	3.62
kafanıza	3.62
kalacağı	3.62
kalamaz	3.62
kalbimle	3.62
kalemin	3.62
kalmamıştı	3.62
kandıra	3.62
kanlar	3.62
kaplanmış	3.62
kapsayacak	3.62
karakterinin	3.62
kararlılık	3.62
kardemir	3.62
karının	3.62
karşılaşır	3.62
karşılıyor	3.62
katılmıyorum	3.62
kavanoz	3.62
kayalık	3.62
kayar	3.62
kaybetmenin	3.62
kaybettikten	3.62
kaybettiler	3.62
kaybettiğim	3.62
kaybolması	3.62
kazma	3.62
kaşığı	3.62
kdv	3.62
kebabı	3.62
kehanet	3.62
kesesi	3.62
kesimlerinde	3.62
keten	3.62
kliniği	3.62
kocasına	3.62
kodlar	3.62
kombinasyonu	3.62
kongresinde	3.62
kontak	3.62
konuşulacak	3.62
koyduğum	3.62
krala	3.62
krizin	3.62
kullanmasını	3.62
kullanımları	3.62
kuluçka	3.62
kuramsal	3.62
kuramı	3.62
kurdele	3.62
kurucularından	3.62
kurye	3.62
kutunun	3.62
kuzeybatı	3.62
kuzeyi	3.62
kuğu	3.62
köroğlu	3.62
kötüydü	3.62
köydeki	3.62
kültürleri	3.62
kürd	3.62
kılacak	3.62
kısımlarını	3.62
kıyafetlerini	3.62
kızdı	3.62
kızıma	3.62
lanse	3.62
ligine	3.62
lindsay	3.62
list	3.62
liv	3.62
lois	3.62
lordu	3.62
mahal	3.62
mahalleleri	3.62
mahkemesinde	3.62
makinesine	3.62
manzaraları	3.62
masalları	3.62
matematiği	3.62
maçlarına	3.62
meğerse	3.62
midilli	3.62
misli	3.62
modelde	3.62
moralini	3.62
muhittin	3.62
musluk	3.62
müh	3.62
mülkü	3.62
müslümanın	3.62
nankör	3.62
nitelikleri	3.62
nuru	3.62
nutuk	3.62
obje	3.62
odamız	3.62
olmadığında	3.62
olmadığınız	3.62
olmayacaktı	3.62
organizasyonda	3.62
ortasındaki	3.62
ortaç	3.62
otizm	3.62
otlar	3.62
otomobilin	3.62
otoyolu	3.62
oylamada	3.62
oyunculuğu	3.62
pak	3.62
pala	3.62
panama	3.62
partimizin	3.62
parçadan	3.62
patlamada	3.62
people	3.62
polisinin	3.62
powell	3.62
pozisyonuna	3.62
projelerini	3.62
rekabete	3.62
rekorlar	3.62
resimlere	3.62
sad	3.62
sahipler	3.62
sahipliğinde	3.62
sahipsiniz	3.62
salonun	3.62
sanatçıya	3.62
sandy	3.62
sapı	3.62
sayıların	3.62
sek	3.62
sektörün	3.62
seküler	3.62
senelerdir	3.62
senfoni	3.62
sercan	3.62
sevdiklerini	3.62
sevenleri	3.62
seviniyorum	3.62
sevmiş	3.62
sherman	3.62
sivrisinek	3.62
solunda	3.62
sonrasındaki	3.62
sonunun	3.62
sorulduğunda	3.62
stresten	3.62
string	3.62
sunulur	3.62
suv	3.62
suyuna	3.62
suçlanan	3.62
suçlarından	3.62
sürmesi	3.62
sürücüleri	3.62
sıkıyönetim	3.62
sınırlarının	3.62
tahtı	3.62
takipte	3.62
tanıdığın	3.62
tanımını	3.62
tar	3.62
taraftarlarının	3.62
tarhan	3.62
tavsiyeler	3.62
tayini	3.62
taşıması	3.62
tedbirleri	3.62
tekniğini	3.62
telefonunun	3.62
televizyondan	3.62
tercümesi	3.62
tesettür	3.62
tin	3.62
tiyatroda	3.62
tiyatroları	3.62
toplamış	3.62
toplumların	3.62
topuz	3.62
turnuvanın	3.62
tuttuğunu	3.62
türlerini	3.62
ulaşıp	3.62
ural	3.62
uss	3.62
utanma	3.62
uyarlanan	3.62
uygulanmaya	3.62
uykum	3.62
uzaklaştırmak	3.62
uçaklarının	3.62
vaad	3.62
vardın	3.62
verem	3.62
verimi	3.62
vermiyorlar	3.62
vezir	3.62
vicdanı	3.62
voltaj	3.62
volvo	3.62
wow	3.62
yaktım	3.62
yapayalnız	3.62
yaptırıyor	3.62
yapılandırma	3.62
yapıyormuş	3.62
yaratabilir	3.62
yasaklanmış	3.62
yatarak	3.62
yayımı	3.62
yaşamıyor	3.62
yaşarsın	3.62
yaşarım	3.62
yenilgiye	3.62
yeon	3.62
yerleştirildi	3.62
yla	3.62
yollayın	3.62
yönetme	3.62
yükler	3.62
yükseltmek	3.62
yüreğini	3.62
zamanından	3.62
ziyaretçilerin	3.62
zorluğu	3.62
zırhı	3.62
çalışmasıyla	3.62
çalıştıktan	3.62
çekinmeden	3.62
çile	3.62
çocuklarından	3.62
çokluğu	3.62
çözünürlük	3.62
çıkamaz	3.62
önerdiği	3.62
öpmeye	3.62
ülkelerle	3.62
üreticiler	3.62
üyelerimiz	3.62
şahan	3.62
şanzıman	3.62
şarkılarla	3.62
şarkıyla	3.62
şeylerdir	3.62
şeymiş	3.62
şifalar	3.62
şizofreni	3.62
şoke	3.62
abdülaziz	3.61
age	3.61
ailemi	3.61
akil	3.61
akışkan	3.61
alevilik	3.61
alevler	3.61
alison	3.61
allahü	3.61
allâh	3.61
altının	3.61
anahtarları	3.61
analizleri	3.61
anlatacağız	3.61
anlaşmak	3.61
aracılık	3.61
aramayı	3.61
arayla	3.61
araçtır	3.61
ariel	3.61
arnavutköy	3.61
arttıran	3.61
aslanlar	3.61
aslını	3.61
atalarımız	3.61
atların	3.61
atılıyor	3.61
avans	3.61
açıklanmış	3.61
açıklanmıştır	3.61
ağda	3.61
babil	3.61
bahisler	3.61
bakmaktan	3.61
baksan	3.61
bayanların	3.61
başarısızlığa	3.61
başlıyorsun	3.61
bektaşi	3.61
belediyelere	3.61
beraberindeki	3.61
bet	3.61
beylerbeyi	3.61
bileşen	3.61
bilgisayarların	3.61
bilindik	3.61
binadan	3.61
binde	3.61
bireyleri	3.61
birikim	3.61
bizdeki	3.61
bjk	3.61
bonnie	3.61
boyları	3.61
boyum	3.61
bozuluyor	3.61
boşlukta	3.61
british	3.61
brooks	3.61
buluştuk	3.61
buram	3.61
burnum	3.61
bölgelerdeki	3.61
bölünmez	3.61
büyükbaş	3.61
bırakmıştı	3.61
card	3.61
casino	3.61
cesedini	3.61
cimri	3.61
cismin	3.61
civarındadır	3.61
conan	3.61
dalgaların	3.61
damgası	3.61
dayanamadım	3.61
deep	3.61
demografik	3.61
deneyleri	3.61
depremler	3.61
derinliklerine	3.61
derleme	3.61
destekle	3.61
destekleyecek	3.61
devletimiz	3.61
değildin	3.61
değirmen	3.61
diktatörlük	3.61
dink	3.61
dinledik	3.61
dolduruyor	3.61
dondurucu	3.61
doğuran	3.61
doğuşu	3.61
durağan	3.61
durduran	3.61
durumdalar	3.61
duruşmada	3.61
duyarlar	3.61
duydun	3.61
döktü	3.61
dökülüyor	3.61
dünyasındaki	3.61
düşmanca	3.61
düşmanlarını	3.61
düşüncesine	3.61
düşünmez	3.61
ekibinden	3.61
elendi	3.61
emme	3.61
enine	3.61
error	3.61
eskisinden	3.61
etmiyorsun	3.61
etmişsin	3.61
ettikçe	3.61
evimizin	3.61
evlenmeye	3.61
evlilikten	3.61
eğilimli	3.61
eğitimciler	3.61
faaliyetlerde	3.61
fabrikanın	3.61
fatiha	3.61
faturasını	3.61
firefox	3.61
fl	3.61
fotoğrafların	3.61
friends	3.61
gayrı	3.61
gazla	3.61
gecelerde	3.61
gelirsek	3.61
gelişmiştir	3.61
geliştirmiş	3.61
gelmemesi	3.61
gelmeyin	3.61
gelmişler	3.61
gelsen	3.61
genelindeki	3.61
gerald	3.61
gerileme	3.61
gerçekleştiriyor	3.61
gerçekleştirmiş	3.61
getirdikleri	3.61
geyiği	3.61
geçebilirsiniz	3.61
geçmemiş	3.61
giderseniz	3.61
gitmemiş	3.61
gitmiştim	3.61
göremiyoruz	3.61
görevlendirme	3.61
gösterilmektedir	3.61
götürdüm	3.61
göçmenlerin	3.61
göğsünü	3.61
gürel	3.61
güvenim	3.61
güvenlikli	3.61
haddinden	3.61
hadisi	3.61
hair	3.61
haklıdır	3.61
hanıma	3.61
haraç	3.61
harcadı	3.61
hardal	3.61
havasını	3.61
havza	3.61
hayallerinin	3.61
hazırlanırken	3.61
hazırlıklarını	3.61
hisseleri	3.61
homojen	3.61
hulk	3.61
hurma	3.61
huysuz	3.61
hücrenin	3.61
hücresel	3.61
iddialarına	3.61
iktidarını	3.61
ilişkilere	3.61
imkansızdır	3.61
imran	3.61
imzalanmış	3.61
inanarak	3.61
ipotek	3.61
istinaden	3.61
istismarı	3.61
iyiliğe	3.61
izinde	3.61
izlerim	3.61
içerisinden	3.61
işlemlerin	3.61
joon	3.61
judy	3.61
kaderim	3.61
kalesinde	3.61
kalkma	3.61
kalmam	3.61
kalıntılar	3.61
karayel	3.61
karıştırdı	3.61
karşılamaya	3.61
katiyen	3.61
kattaki	3.61
katıldılar	3.61
kaybolup	3.61
kazandırmak	3.61
kedilerin	3.61
kelebekler	3.61
kelimedir	3.61
kemalist	3.61
kemalpaşa	3.61
kemiklerini	3.61
kene	3.61
kentindeki	3.61
kentine	3.61
kereste	3.61
kesecek	3.61
keserim	3.61
kimleri	3.61
kimyasallar	3.61
kitleye	3.61
klasiği	3.61
koltuğun	3.61
kontrole	3.61
konuklar	3.61
koridoru	3.61
korkuyu	3.61
kota	3.61
koçluk	3.61
koçum	3.61
koşullara	3.61
koşuluyla	3.61
kullanımında	3.61
kulüpten	3.61
kurmuştur	3.61
kuruluyor	3.61
kuruluşunda	3.61
kurumlarında	3.61
kurumuna	3.61
kutlaması	3.61
kutlandı	3.61
kutlar	3.61
kuzeydoğu	3.61
köprüye	3.61
kınık	3.61
kıpır	3.61
kırarım	3.61
kısmındaki	3.61
kıymeti	3.61
lang	3.61
lars	3.61
lenin	3.61
liderlerinin	3.61
lima	3.61
litvanya	3.61
lopez	3.61
mahkemeden	3.61
manzaralı	3.61
manzarayı	3.61
markanın	3.61
marvin	3.61
masayı	3.61
mağarası	3.61
mekanizmaları	3.61
menajer	3.61
mental	3.61
merdiveni	3.61
merkür	3.61
meselesidir	3.61
mexico	3.61
miydiniz	3.61
muharebe	3.61
myk	3.61
mücahit	3.61
müdürünün	3.61
mürettebatı	3.61
müşterilere	3.61
mıknatıs	3.61
naziler	3.61
nedenlerinden	3.61
nelerden	3.61
nesnel	3.61
niyaz	3.61
nominal	3.61
okudunuz	3.61
okullarına	3.61
olanaksız	3.61
olmalıyım	3.61
olurda	3.61
olurdun	3.61
oluş	3.61
oluştururken	3.61
osmanlılar	3.61
oturduk	3.61
oturmaya	3.61
partisini	3.61
parçasına	3.61
pentagon	3.61
philadelphia	3.61
philippe	3.61
philips	3.61
pide	3.61
piskopos	3.61
pokemon	3.61
programından	3.61
punk	3.61
püf	3.61
quentin	3.61
reid	3.61
rektörlük	3.61
rev	3.61
rivayete	3.61
saatlerdir	3.61
sakladığı	3.61
saldırısının	3.61
sancağı	3.61
satmış	3.61
sattığı	3.61
satıyorum	3.61
sayfamızı	3.61
saygım	3.61
sağlarlar	3.61
sağında	3.61
semra	3.61
sesinizi	3.61
shirt	3.61
silifke	3.61
silindi	3.61
sivillerin	3.61
slovenya	3.61
sohbete	3.61
somon	3.61
soruşturmanın	3.61
souza	3.61
soyup	3.61
sporcuları	3.61
sporcunun	3.61
steam	3.61
stok	3.61
sultanahmet	3.61
suruç	3.61
sözleşmesinin	3.61
sürdürmeye	3.61
sıkışıp	3.61
sınıflandırma	3.61
sıralamada	3.61
sıralarında	3.61
taksitle	3.61
takılmış	3.61
takımıyla	3.61
talk	3.61
tate	3.61
teknolojisinin	3.61
telefonunuzu	3.61
teller	3.61
temizlenmesi	3.61
terlik	3.61
teşekkürlerimi	3.61
torbalı	3.61
trade	3.61
tutulma	3.61
törenleri	3.61
türkoğlu	3.61
umarız	3.61
umudum	3.61
umutsuzluk	3.61
unutur	3.61
unutuyorum	3.61
uyarmak	3.61
uygulandı	3.61
uzadı	3.61
uzan	3.61
uzatıldı	3.61
uçurumdan	3.61
uğrayıp	3.61
valiler	3.61
varlığa	3.61
vejetaryen	3.61
vurdular	3.61
wilde	3.61
yaklaşma	3.61
yakut	3.61
yakılan	3.61
yakınına	3.61
yanım	3.61
yapamayacak	3.61
yapardık	3.61
yapılırsa	3.61
yarışmaları	3.61
yasalarına	3.61
yastığı	3.61
yayımlanmıştır	3.61
yayınında	3.61
yazılması	3.61
yazında	3.61
yağmurdan	3.61
yaşamadım	3.61
yokluk	3.61
yükleniyor	3.61
yükseldiği	3.61
yükün	3.61
zekice	3.61
zincirinin	3.61
zorluklarla	3.61
zorundaydı	3.61
çaldım	3.61
çağırıp	3.61
çekirge	3.61
çerez	3.61
çizginin	3.61
çizgisini	3.61
çizgiyi	3.61
çukurca	3.61
çöküş	3.61
çözecek	3.61
çözer	3.61
çıkabilecek	3.61
çıkarıldığı	3.61
çıkmasın	3.61
öldürmesi	3.61
öndeki	3.61
övgüler	3.61
öğrenimi	3.61
üyeleriyle	3.61
üzerinizde	3.61
şakir	3.61
şarkısında	3.61
şems	3.61
şirketlere	3.61
abc	3.6
acılarını	3.6
adasına	3.6
aktarılır	3.6
akı	3.6
akşamın	3.6
alabalık	3.6
alabiliriz	3.6
allison	3.6
almaktır	3.6
altuğ	3.6
alınmaz	3.6
amansız	3.6
amaçlamaktadır	3.6
anketler	3.6
ankette	3.6
anlayamaz	3.6
anlaşılmıştır	3.6
aralıkta	3.6
ararsın	3.6
ard	3.6
armutlu	3.6
audrey	3.6
avantajlı	3.6
avlanma	3.6
ayan	3.6
ayağımı	3.6
ayrılacak	3.6
ayrıldılar	3.6
açıkcası	3.6
açısına	3.6
ağıt	3.6
bahsediyorsunuz	3.6
bakanlığında	3.6
barınak	3.6
basmış	3.6
bağırmaya	3.6
başaramadı	3.6
başarılarının	3.6
başarır	3.6
başarısının	3.6
başladınız	3.6
başlığıyla	3.6
başrolde	3.6
başımızı	3.6
begüm	3.6
bekleyelim	3.6
beraberliği	3.6
bg	3.6
bileşeni	3.6
bilgisayardan	3.6
birak	3.6
birleşip	3.6
bitiminde	3.6
bitirmeye	3.6
boşalma	3.6
brand	3.6
buddy	3.6
budist	3.6
bulaşan	3.6
bulunurlar	3.6
bulutları	3.6
bulutu	3.6
buyuruyor	3.6
caddenin	3.6
canik	3.6
canlandırdığı	3.6
cehennemden	3.6
cs	3.6
damlası	3.6
darbeci	3.6
davranıp	3.6
davranışların	3.6
dağının	3.6
depremin	3.6
dershane	3.6
deva	3.6
devletinde	3.6
diliminde	3.6
dilli	3.6
dinlerin	3.6
dinleyecek	3.6
dirk	3.6
dolaş	3.6
domuzu	3.6
donanması	3.6
dostoyevski	3.6
dosyada	3.6
doğumdan	3.6
doğurdu	3.6
duygularım	3.6
dönemdir	3.6
dövmesi	3.6
dünyasından	3.6
düşmesini	3.6
düşünceyi	3.6
echo	3.6
edenin	3.6
edilse	3.6
ediyorsanız	3.6
ekseninde	3.6
entegrasyon	3.6
eray	3.6
etkilemek	3.6
etkilemiş	3.6
eyaletin	3.6
eşiğine	3.6
family	3.6
feet	3.6
fesat	3.6
figür	3.6
filler	3.6
focus	3.6
fonksiyonlar	3.6
formüle	3.6
ganimet	3.6
gazeteyi	3.6
gecesine	3.6
gelişini	3.6
geliştirerek	3.6
gelsinler	3.6
gemlik	3.6
gerçeklere	3.6
gerçekleştirir	3.6
getirirler	3.6
getirmez	3.6
gezmiş	3.6
gidemez	3.6
girmem	3.6
gitsen	3.6
gwen	3.6
gölgede	3.6
gönderdiler	3.6
görecekler	3.6
görene	3.6
görmekte	3.6
görülmez	3.6
gösterdiğiniz	3.6
göstereceğiz	3.6
gösteriyorlar	3.6
gösteriyorum	3.6
gözyaşlarını	3.6
gözümüz	3.6
güneybatı	3.6
güneyden	3.6
güvendiği	3.6
haberlerin	3.6
hainler	3.6
hakemleri	3.6
haklara	3.6
halklarının	3.6
harcıyor	3.6
hatlarının	3.6
haşim	3.6
hedefim	3.6
hedefini	3.6
hisar	3.6
hiçbirimiz	3.6
hocaları	3.6
hood	3.6
hukukçular	3.6
huzurunu	3.6
hücreli	3.6
hücreye	3.6
icadı	3.6
iddialara	3.6
ifa	3.6
ihalesi	3.6
ikindi	3.6
ilçesinden	3.6
imkanları	3.6
iseniz	3.6
iskoçya	3.6
istasyona	3.6
iyileşir	3.6
içtenlikle	3.6
jesus	3.6
jill	3.6
jorge	3.6
kalemle	3.6
kalmayın	3.6
kansere	3.6
kanıtlayan	3.6
kapatıyoruz	3.6
karbonat	3.6
kategorilerinde	3.6
kavuşmuştur	3.6
kayaların	3.6
kaynar	3.6
kimlerle	3.6
kirlilik	3.6
kitab	3.6
kitaplarından	3.6
komutanlığına	3.6
konvoy	3.6
koştum	3.6
kulenin	3.6
kullanalım	3.6
kullanılabilen	3.6
kun	3.6
kurbanın	3.6
kurtulmaya	3.6
külliye	3.6
kürsüye	3.6
küçükler	3.6
kılıfı	3.6
kınadı	3.6
kırgız	3.6
kırmaya	3.6
kısası	3.6
liderimiz	3.6
locke	3.6
magic	3.6
makbul	3.6
manada	3.6
manzaraya	3.6
masraf	3.6
mekanlarda	3.6
mesud	3.6
ming	3.6
mozart	3.6
mutabakat	3.6
mutfağında	3.6
mw	3.6
mücadelesinin	3.6
mükemmellik	3.6
namına	3.6
nash	3.6
need	3.6
nekadar	3.6
nelerin	3.6
netice	3.6
nişanı	3.6
notaları	3.6
olasın	3.6
olağandışı	3.6
olduklarında	3.6
olmazlar	3.6
omurilik	3.6
onunda	3.6
oralara	3.6
oranlar	3.6
orantılıdır	3.6
organizasyonlar	3.6
orhangazi	3.6
osmanlıspor	3.6
other	3.6
oylar	3.6
paketini	3.6
parçalarına	3.6
parçalarından	3.6
pastası	3.6
pepe	3.6
politikacılar	3.6
pınarbaşı	3.6
radyosu	3.6
rahatlamak	3.6
rakiplerini	3.6
rod	3.6
rütbe	3.6
safari	3.6
saklıdır	3.6
saldırıp	3.6
salgını	3.6
sanatçılara	3.6
sapanca	3.6
satırı	3.6
savcılığa	3.6
saygısı	3.6
saçan	3.6
selahaddin	3.6
self	3.6
senesi	3.6
senkronize	3.6
sensör	3.6
serena	3.6
sergey	3.6
serie	3.6
sevgilisiyle	3.6
seviyordum	3.6
seçilmiştir	3.6
shell	3.6
sid	3.6
sikini	3.6
sinemanın	3.6
sizinki	3.6
solomon	3.6
some	3.6
sonny	3.6
sorguya	3.6
sorunla	3.6
sözlerinden	3.6
sürmez	3.6
sıcaktan	3.6
sıfatını	3.6
sınıfların	3.6
sınıftaki	3.6
sınırlarına	3.6
tabiî	3.6
tartışılan	3.6
tasarımlar	3.6
tasdik	3.6
teknenin	3.6
tercihim	3.6
tesislerinde	3.6
tetikçi	3.6
titanyum	3.6
tombul	3.6
törene	3.6
ucundaki	3.6
uzat	3.6
uçucu	3.6
varoluş	3.6
vasiyet	3.6
vefatı	3.6
venezuela	3.6
verinin	3.6
vermemiz	3.6
vizyonu	3.6
willy	3.6
yakaladığı	3.6
yakalanması	3.6
yaninda	3.6
yanları	3.6
yansıtır	3.6
yapanları	3.6
yapanın	3.6
yapmadığını	3.6
yapmayalım	3.6
yapısıyla	3.6
yaralarını	3.6
yarayı	3.6
yavas	3.6
yazabilirsiniz	3.6
yazdık	3.6
yazılımın	3.6
yazılıyor	3.6
yağlar	3.6
yaşamdan	3.6
yaşamıştır	3.6
yemesi	3.6
yenice	3.6
yerliler	3.6
yufka	3.6
yöneticilerin	3.6
yöneticiliği	3.6
yürüyecek	3.6
yıllarına	3.6
zamanınızı	3.6
zurna	3.6
ça	3.6
çabalarına	3.6
çalacak	3.6
çarmıha	3.6
çarparak	3.6
çekmeden	3.6
çerkezköy	3.6
çevreler	3.6
çiftlikte	3.6
çileden	3.6
çit	3.6
çizgisine	3.6
çizme	3.6
çocuğumuz	3.6
çürümüş	3.6
çıkarmadan	3.6
çıkarmayın	3.6
çıldırdı	3.6
ölümleri	3.6
önal	3.6
örnekte	3.6
öso	3.6
özelliğe	3.6
özlemişim	3.6
öğrencilerini	3.6
öğrenciyi	3.6
öğret	3.6
ılgaz	3.6
ıq	3.6
ısabelle	3.6
ıste	3.6
şaşkına	3.6
şaşırtan	3.6
şehitlerimizi	3.6
şili	3.6
şunlara	3.6
şüpheliler	3.6
access	3.59
acıma	3.59
adaylarını	3.59
ailemize	3.59
akay	3.59
aktiviteler	3.59
alamazsınız	3.59
aldırış	3.59
alenen	3.59
allan	3.59
almasının	3.59
alınmadı	3.59
alırsan	3.59
ameliyattan	3.59
anlatması	3.59
anlayamazsın	3.59
annemiz	3.59
anılır	3.59
arapların	3.59
arma	3.59
asaf	3.59
attığımız	3.59
atıldığı	3.59
ayakların	3.59
ayarlama	3.59
açmadan	3.59
açsın	3.59
açtığımda	3.59
açıktı	3.59
ağzım	3.59
babaların	3.59
babana	3.59
babayı	3.59
basladi	3.59
bağlarını	3.59
bağır	3.59
başarılarını	3.59
başlanır	3.59
başlayacaktır	3.59
beklemiyorum	3.59
beklenmeyen	3.59
bere	3.59
berke	3.59
beslenir	3.59
bilelim	3.59
bilgilerle	3.59
bilgisayarları	3.59
bilmeyenler	3.59
bilse	3.59
binasını	3.59
bio	3.59
birimin	3.59
birol	3.59
bishop	3.59
bitmemiş	3.59
bloke	3.59
bombanın	3.59
boynunda	3.59
bulmasını	3.59
bulmuyorum	3.59
bulmuştu	3.59
bunalım	3.59
burns	3.59
buzdolabında	3.59
bölümlerinden	3.59
bırakırlar	3.59
camın	3.59
canavarlar	3.59
canıma	3.59
canının	3.59
cas	3.59
challenge	3.59
cho	3.59
civic	3.59
con	3.59
cruz	3.59
dakikanızı	3.59
darbeyle	3.59
davadan	3.59
dağılan	3.59
delili	3.59
demokratlar	3.59
denemeler	3.59
denizlerde	3.59
derdine	3.59
derinliklerinde	3.59
desenli	3.59
destekçileri	3.59
değişkenler	3.59
değişmeye	3.59
değiştiği	3.59
dinar	3.59
dis	3.59
dokunuyor	3.59
dolaşarak	3.59
dolaşır	3.59
dolduracak	3.59
doluydu	3.59
durmasını	3.59
duruyorlar	3.59
duruşmaya	3.59
duygusuz	3.59
duymayı	3.59
dwight	3.59
dök	3.59
dönecektir	3.59
dönüşünü	3.59
düşler	3.59
edilemeyen	3.59
ediyorsan	3.59
eleanor	3.59
emmanuel	3.59
endüstrisinin	3.59
enis	3.59
erişmek	3.59
erkeklik	3.59
etkilediği	3.59
etkilediğini	3.59
etkilemeye	3.59
etkileşime	3.59
etmelisin	3.59
etmenize	3.59
ettirme	3.59
ettirmeye	3.59
evinizi	3.59
evliliğini	3.59
eyaletinin	3.59
eylemlere	3.59
ezbere	3.59
eğlen	3.59
eğlendik	3.59
fakülteleri	3.59
farkıyla	3.59
feride	3.59
fevkalade	3.59
filmle	3.59
formatı	3.59
fotoğraflarda	3.59
füzeler	3.59
gangster	3.59
garnizon	3.59
gelenekleri	3.59
gelinen	3.59
genişlik	3.59
gençlerle	3.59
getireceğini	3.59
gevrek	3.59
geçilmesi	3.59
greene	3.59
göklerde	3.59
görmedin	3.59
görseller	3.59
görünmesini	3.59
görünümünü	3.59
görürken	3.59
göğüsler	3.59
güdümlü	3.59
gülün	3.59
güvensiz	3.59
hacker	3.59
hakların	3.59
hallerini	3.59
havasında	3.59
hayra	3.59
haziranda	3.59
hersey	3.59
hesabının	3.59
heves	3.59
heyecandan	3.59
hikayelerini	3.59
hissetti	3.59
hizli	3.59
hormonu	3.59
hun	3.59
hükümetten	3.59
hürrem	3.59
ik	3.59
ikide	3.59
ikiside	3.59
ikisinden	3.59
iktidardan	3.59
ilgilendirmiyor	3.59
ilkesine	3.59
ilçeler	3.59
inanmayın	3.59
infilak	3.59
inş	3.59
inşaallah	3.59
ipin	3.59
ispatı	3.59
istanbullu	3.59
itti	3.59
izne	3.59
içindeyken	3.59
işgücü	3.59
işledi	3.59
işleminin	3.59
işletmeciliği	3.59
işçiliği	3.59
jolie	3.59
julius	3.59
kahire	3.59
kalacağız	3.59
kalpler	3.59
kampanyaya	3.59
kanayan	3.59
kanepe	3.59
kapama	3.59
karabulut	3.59
karşıyım	3.59
kaslar	3.59
katarak	3.59
katip	3.59
kavuşan	3.59
kayanın	3.59
kaybolduğu	3.59
kaçmaz	3.59
kerry	3.59
kesintiye	3.59
kesmeden	3.59
kimselerin	3.59
kolesterol	3.59
kolon	3.59
komutanım	3.59
komşular	3.59
kontrolündeki	3.59
kooperatif	3.59
koronavirüs	3.59
koçak	3.59
kullanacağız	3.59
kullanmıştır	3.59
kurduğum	3.59
kurucuları	3.59
kurşunla	3.59
kuyuya	3.59
köprüleri	3.59
kötülükten	3.59
köyünün	3.59
köşeli	3.59
küreselleşme	3.59
kılıklı	3.59
kılığında	3.59
kırdın	3.59
kırılır	3.59
kıskanıyorum	3.59
kıyısına	3.59
lakaplı	3.59
lastiği	3.59
lice	3.59
lityum	3.59
maceraya	3.59
made	3.59
manastırı	3.59
manipüle	3.59
marta	3.59
materyaller	3.59
maçlarının	3.59
mağaranın	3.59
melo	3.59
menzilli	3.59
meraklısı	3.59
merdivenler	3.59
merlin	3.59
metaller	3.59
mezarına	3.59
mill	3.59
mutlulukla	3.59
muydun	3.59
müsteşarlığı	3.59
nakliyat	3.59
nesillere	3.59
nesnenin	3.59
nitelendirilen	3.59
niyetini	3.59
noktasının	3.59
obi	3.59
ofisleri	3.59
okuduk	3.59
okuyabilir	3.59
okuyoruz	3.59
olanını	3.59
olaylarına	3.59
olmali	3.59
olmamasından	3.59
olmamızı	3.59
oluşturdukları	3.59
onayını	3.59
oniki	3.59
onlarin	3.59
only	3.59
orleans	3.59
oynayabilir	3.59
oynayalım	3.59
partisinden	3.59
pasaportu	3.59
pen	3.59
perdeleri	3.59
php	3.59
place	3.59
planında	3.59
platformlarda	3.59
platformları	3.59
politikasına	3.59
preston	3.59
rabbine	3.59
random	3.59
reading	3.59
refakat	3.59
renklerde	3.59
renksiz	3.59
richie	3.59
rodney	3.59
roosevelt	3.59
rızık	3.59
sabret	3.59
salladı	3.59
satürn	3.59
savunmanın	3.59
saydım	3.59
sayfalarında	3.59
sağlanmış	3.59
sedan	3.59
sena	3.59
sendikalar	3.59
sevgilinin	3.59
seviyordu	3.59
seyrediyor	3.59
sigaranın	3.59
sikerim	3.59
singh	3.59
slovakya	3.59
slow	3.59
sofrası	3.59
sorabilirsiniz	3.59
sormayın	3.59
soğukta	3.59
soğutucu	3.59
sporcusu	3.59
sporun	3.59
stadın	3.59
stevie	3.59
suit	3.59
söylemeyin	3.59
söylentileri	3.59
söylese	3.59
sözünden	3.59
sürenin	3.59
sıçayım	3.59
tabanına	3.59
tacize	3.59
tahtaya	3.59
tai	3.59
talebiyle	3.59
tanju	3.59
tankların	3.59
tanrılara	3.59
tanışır	3.59
tarafım	3.59
tarihçesi	3.59
tartışmayı	3.59
tasarıma	3.59
tazminatı	3.59
tea	3.59
telefonunuz	3.59
tembellik	3.59
temize	3.59
temsilcilerinden	3.59
tercihleri	3.59
terimler	3.59
terkedilmiş	3.59
teröristleri	3.59
tesekkur	3.59
tesiri	3.59
thrones	3.59
trafo	3.59
tutmadı	3.59
tüketilen	3.59
türklük	3.59
umudun	3.59
unuttuk	3.59
uygular	3.59
uçağını	3.59
uçurtma	3.59
uçuşları	3.59
varil	3.59
veremem	3.59
verilmek	3.59
vesayet	3.59
vicdani	3.59
vokal	3.59
vururum	3.59
xperia	3.59
yakarak	3.59
yaklaşmak	3.59
yakınız	3.59
yale	3.59
yanyana	3.59
yapmalarına	3.59
yaptim	3.59
yapılara	3.59
yayı	3.59
yayılma	3.59
yaşadığımı	3.59
yaşanılan	3.59
yemez	3.59
yeniçeri	3.59
yorgan	3.59
yumurtayı	3.59
yun	3.59
yönetmeye	3.59
yönetti	3.59
yörenin	3.59
yükselerek	3.59
yürüdüm	3.59
yüzüklerin	3.59
yıkamak	3.59
zamanımız	3.59
zelanda	3.59
zoru	3.59
âlim	3.59
çekilmesini	3.59
çekiyordu	3.59
çevirin	3.59
çeçen	3.59
çizelgesi	3.59
çocuklarınızı	3.59
çıkarmıştır	3.59
çıktığımız	3.59
çığlıkları	3.59
öyleyim	3.59
öğeler	3.59
üretimde	3.59
ürünlerine	3.59
üstat	3.59
ılıcalı	3.59
ınc	3.59
ıraklı	3.59
ıris	3.59
ısabel	3.59
ıslam	3.59
şapşal	3.59
şayan	3.59
şaşırdı	3.59
şehadet	3.59
şehitlerimizin	3.59
şiirsel	3.59
şüphesi	3.59
adele	3.58
adresine	3.58
agnes	3.58
akasya	3.58
akit	3.58
aksilik	3.58
alaattin	3.58
aldığımı	3.58
alkolsüz	3.58
alpaslan	3.58
alınmak	3.58
alırdım	3.58
anarşist	3.58
anatomik	3.58
anlatmayı	3.58
anlaşıldığı	3.58
aralarından	3.58
arasındaydı	3.58
araştırıyoruz	3.58
aritmetik	3.58
arkama	3.58
arttırdı	3.58
askı	3.58
atarsın	3.58
ateistler	3.58
atlayan	3.58
attıktan	3.58
atıcı	3.58
atılım	3.58
avlu	3.58
ayarları	3.58
ağaçlara	3.58
bakabilir	3.58
bakacağız	3.58
baktığın	3.58
bakıyorlar	3.58
barikat	3.58
batum	3.58
bağını	3.58
bağırmak	3.58
başkanımızın	3.58
bbp	3.58
bear	3.58
becerikli	3.58
belediyelerin	3.58
belirtmiş	3.58
bezleri	3.58
bilmezler	3.58
bim	3.58
bindim	3.58
bitirdin	3.58
bosch	3.58
boynuzlu	3.58
boyunu	3.58
boğularak	3.58
buenos	3.58
bulgur	3.58
bölünmesi	3.58
cad	3.58
canlandırmak	3.58
carrie	3.58
carson	3.58
ceyda	3.58
cihazlarda	3.58
cinler	3.58
cüceler	3.58
dart	3.58
dağdan	3.58
dağıtıcı	3.58
dekorasyon	3.58
demenin	3.58
denilebilir	3.58
dergileri	3.58
deriden	3.58
desmond	3.58
devler	3.58
değişikliğini	3.58
değiştirilen	3.58
değiştirilerek	3.58
diamond	3.58
didim	3.58
dilediğin	3.58
dillerini	3.58
dipnot	3.58
dizini	3.58
doktorum	3.58
dolayısı	3.58
doldurur	3.58
doping	3.58
dosta	3.58
duvardan	3.58
duygularla	3.58
dönemlere	3.58
düzeyine	3.58
düğününe	3.58
düşünmesi	3.58
düşünülürse	3.58
dışkı	3.58
eczane	3.58
efekti	3.58
ekibinde	3.58
eksikliğini	3.58
ellerinize	3.58
emiri	3.58
emirlikleri	3.58
enerjisinin	3.58
enformasyon	3.58
enjeksiyon	3.58
erenler	3.58
esiyor	3.58
etkilere	3.58
etkinliklerde	3.58
etmiyorlar	3.58
etraf	3.58
evlatları	3.58
evlerinden	3.58
ezici	3.58
ezip	3.58
eşyası	3.58
fedakârlık	3.58
figen	3.58
fikirlere	3.58
fildişi	3.58
fuarında	3.58
garrett	3.58
gazın	3.58
gelmediğini	3.58
gelmeleri	3.58
gelmeyeceğini	3.58
gençlerimizin	3.58
gere	3.58
gerektirdiği	3.58
gerçeklerin	3.58
gerçekleştirilmektedir	3.58
getiriyorlar	3.58
getiriyoruz	3.58
geçeceğini	3.58
geçene	3.58
gidemezsin	3.58
gireceğiz	3.58
gurbetçi	3.58
gördüğümü	3.58
görevlerde	3.58
görmenin	3.58
görülmeyen	3.58
görüşmelerde	3.58
gülmekten	3.58
günahkar	3.58
güvensizlik	3.58
haberci	3.58
hacer	3.58
haliliye	3.58
halkımızı	3.58
hamlesi	3.58
handan	3.58
hassasiyeti	3.58
hatırlatır	3.58
hazal	3.58
head	3.58
hediyeyi	3.58
herkez	3.58
hicbir	3.58
hizmetlerinden	3.58
hye	3.58
hımm	3.58
idaresine	3.58
ifadesinin	3.58
ilimler	3.58
inanıp	3.58
inanırlar	3.58
iskelesi	3.58
istemiyordu	3.58
istenir	3.58
istikrarı	3.58
iyisiniz	3.58
içiniz	3.58
içtiği	3.58
işbirliğine	3.58
işkur	3.58
işlek	3.58
işlendiği	3.58
işlenir	3.58
ju	3.58
kafir	3.58
kahveye	3.58
kampanyasını	3.58
kanatlar	3.58
kanına	3.58
kapatarak	3.58
kaplıca	3.58
kartlarını	3.58
katılmasını	3.58
kaybedince	3.58
kazayla	3.58
kaçtığı	3.58
kestiler	3.58
keçisi	3.58
kilolu	3.58
kitlelere	3.58
klein	3.58
koli	3.58
koltuklar	3.58
konferanslar	3.58
kontrolünden	3.58
konulardan	3.58
konuşmayın	3.58
konuştuğumuz	3.58
korkulu	3.58
korkuya	3.58
koyduğunu	3.58
koşullarının	3.58
koşulu	3.58
ks	3.58
kullanmasına	3.58
kuracağız	3.58
kurtarıyor	3.58
kurultayı	3.58
kuruyoruz	3.58
köpeklere	3.58
kötüyüm	3.58
kültürler	3.58
kısımlarında	3.58
lekesi	3.58
ligden	3.58
lisesine	3.58
listeden	3.58
listelenmiştir	3.58
listelerinde	3.58
lot	3.58
lütfü	3.58
macunu	3.58
mai	3.58
mallarını	3.58
marty	3.58
memlekete	3.58
merkezidir	3.58
mesafededir	3.58
mesire	3.58
meslekler	3.58
michigan	3.58
midye	3.58
muhafızlar	3.58
mut	3.58
müfettişi	3.58
müzeler	3.58
nadide	3.58
napolyon	3.58
naylon	3.58
nebi	3.58
nevruz	3.58
neyden	3.58
niteliğindedir	3.58
noktalarda	3.58
nora	3.58
okumadan	3.58
okumadım	3.58
olacağın	3.58
olunuz	3.58
organlarını	3.58
ortamları	3.58
otobüsleri	3.58
oturuyoruz	3.58
oğlanı	3.58
pack	3.58
parlamentoda	3.58
partimiz	3.58
paten	3.58
pencereyi	3.58
peygambere	3.58
peçete	3.58
picasso	3.58
pozisyonları	3.58
poşeti	3.58
prag	3.58
prensipleri	3.58
programıdır	3.58
projesidir	3.58
rahatlama	3.58
rahipler	3.58
rakibinin	3.58
razıyım	3.58
referanduma	3.58
renginde	3.58
renklerini	3.58
resepsiyon	3.58
ringe	3.58
riskler	3.58
romanlar	3.58
rush	3.58
saba	3.58
saklayın	3.58
sandınız	3.58
sanılan	3.58
sanığın	3.58
savaşından	3.58
sayısından	3.58
seferler	3.58
sektöre	3.58
semtte	3.58
senaryoları	3.58
sepet	3.58
sergen	3.58
sevdik	3.58
seviyorsunuz	3.58
sevr	3.58
seçimlerinden	3.58
seçtiğim	3.58
siktiğimin	3.58
silinmiş	3.58
sokayım	3.58
sonraya	3.58
sorduğunda	3.58
sosyete	3.58
sporlar	3.58
spotify	3.58
stad	3.58
sue	3.58
suphi	3.58
söylediğimiz	3.58
söylemedi	3.58
söylemedim	3.58
söylenmiş	3.58
sürprizler	3.58
süryani	3.58
süslenmiş	3.58
sütten	3.58
sıcaklığında	3.58
sınıra	3.58
sınırındaki	3.58
sırasındaki	3.58
talim	3.58
tamamlandığında	3.58
taneleri	3.58
tanklar	3.58
tarafların	3.58
tarihlerini	3.58
tarzları	3.58
tasarımının	3.58
tatilini	3.58
tayfur	3.58
taşıyoruz	3.58
tb	3.58
tedavinin	3.58
teminat	3.58
terimleri	3.58
ticarete	3.58
tipini	3.58
toplulukları	3.58
trajedi	3.58
transferini	3.58
ttnet	3.58
tucker	3.58
tuttuğum	3.58
tutulacak	3.58
tuzağı	3.58
tüberküloz	3.58
tünaydın	3.58
türev	3.58
türlerinden	3.58
tırmanma	3.58
unutulmayacak	3.58
uyanıyor	3.58
uydusu	3.58
uyumludur	3.58
vazgeçip	3.58
vereceğiniz	3.58
verilebilecek	3.58
verirdim	3.58
veto	3.58
vizesi	3.58
vizesiz	3.58
vurgun	3.58
vurucu	3.58
wc	3.58
yala	3.58
yansıma	3.58
yanıcı	3.58
yapılmadan	3.58
yapılmak	3.58
yapıyordum	3.58
yaramadı	3.58
yarışacak	3.58
yarışmalar	3.58
yasaklanması	3.58
yazarlarından	3.58
yaşanmıştır	3.58
yaşlar	3.58
years	3.58
yediniz	3.58
yediğin	3.58
yerdeyiz	3.58
yerlerinin	3.58
yerleşkesi	3.58
yetkilerini	3.58
yiyorlar	3.58
yolluyor	3.58
yuh	3.58
yumurtalık	3.58
yürüyün	3.58
yürüyüp	3.58
yüzleşmek	3.58
yüzölçümü	3.58
yüzümde	3.58
yıkıp	3.58
zamanına	3.58
zincirleme	3.58
zulmü	3.58
çak	3.58
çalışıyordum	3.58
çağa	3.58
çelişkili	3.58
çetenin	3.58
çevirerek	3.58
çevirmeye	3.58
çevresinden	3.58
çocukluğunu	3.58
çocukça	3.58
çoğul	3.58
çoğunluğun	3.58
çıkaralım	3.58
çıkardın	3.58
çıkardığını	3.58
çıkarız	3.58
ölmesini	3.58
ölmüştü	3.58
ölçümleri	3.58
önler	3.58
örgütsel	3.58
öğretmenlerimiz	3.58
üniforma	3.58
üniversitelere	3.58
üniversitesinden	3.58
üstünlüğünü	3.58
üzmek	3.58
üşüyorum	3.58
ıcın	3.58
ıki	3.58
ısısı	3.58
şahsiyet	3.58
şaşmaz	3.58
şemsi	3.58
şentürk	3.58
şöleni	3.58
adamına	3.57
affedin	3.57
afişi	3.57
ailemden	3.57
akkuyu	3.57
alaaddin	3.57
aldığımda	3.57
alerjik	3.57
alfabesi	3.57
alsan	3.57
alınmalıdır	3.57
alınırsa	3.57
alırdı	3.57
anamur	3.57
anksiyete	3.57
anlayın	3.57
antoine	3.57
arkadaşla	3.57
arkadaşımızın	3.57
arkanıza	3.57
asal	3.57
aslanım	3.57
atik	3.57
atlattık	3.57
au	3.57
avukatların	3.57
ayarlayın	3.57
ayını	3.57
azılı	3.57
açarken	3.57
açtığında	3.57
ağrıları	3.57
aşığı	3.57
babalık	3.57
babanızın	3.57
bacaklı	3.57
baharatlı	3.57
bakacaksın	3.57
bakılır	3.57
ball	3.57
baskıları	3.57
basri	3.57
bastığı	3.57
baysal	3.57
bağlanmıştır	3.57
bağlayın	3.57
başarılara	3.57
beklemektedir	3.57
bender	3.57
benzerliği	3.57
beyazlar	3.57
beyazlı	3.57
beyninde	3.57
bilinmesi	3.57
birarada	3.57
birdir	3.57
biriminde	3.57
birşeye	3.57
blackberry	3.57
boyası	3.57
boydan	3.57
bulgu	3.57
bulmayı	3.57
bulursam	3.57
bunlari	3.57
büyütme	3.57
bıçaklı	3.57
caddede	3.57
cevapsız	3.57
cihazda	3.57
cv	3.57
dairede	3.57
dakikalığına	3.57
dayanamayıp	3.57
dedikten	3.57
define	3.57
denecek	3.57
deneyelim	3.57
desteklemeye	3.57
destekliyorum	3.57
destekliyoruz	3.57
devresi	3.57
değerlendiren	3.57
didier	3.57
direnişe	3.57
diyemezsin	3.57
diğerinden	3.57
dostlarını	3.57
doyle	3.57
doğruluğunu	3.57
duayı	3.57
durdurulan	3.57
durdurur	3.57
dönerler	3.57
dönüşler	3.57
dönüştüren	3.57
dünyam	3.57
düğünlerde	3.57
düğününde	3.57
electric	3.57
erişime	3.57
esasına	3.57
eserlerinde	3.57
etiyopya	3.57
etmiştik	3.57
eurovision	3.57
eğlencesi	3.57
eğlenceye	3.57
eğleniyor	3.57
eşler	3.57
feng	3.57
fikrinin	3.57
fizikçi	3.57
flora	3.57
florence	3.57
futboldan	3.57
gafil	3.57
galatasaraylı	3.57
gazlı	3.57
gelişmelere	3.57
gelmedik	3.57
gerçeklerden	3.57
gerçekleştirilmiş	3.57
geçenlere	3.57
geçir	3.57
geçmekte	3.57
gibson	3.57
grafikleri	3.57
gruplardan	3.57
göklere	3.57
gönen	3.57
gördükçe	3.57
göremezsiniz	3.57
görüşmeyi	3.57
gösterdiğin	3.57
götürme	3.57
gözlüklü	3.57
gözünüz	3.57
gülüm	3.57
gülümseyerek	3.57
gülüp	3.57
gürbüz	3.57
haktan	3.57
hamburg	3.57
hançer	3.57
hapishaneden	3.57
hapishaneye	3.57
harflerin	3.57
hassasiyet	3.57
haydut	3.57
hayes	3.57
heart	3.57
hesabım	3.57
hesabıma	3.57
hesapta	3.57
heykeller	3.57
hipnoz	3.57
hislerim	3.57
hissediyoruz	3.57
hizmetlerine	3.57
ifadeyi	3.57
ilgilendiği	3.57
ilginiz	3.57
ilişkisinin	3.57
imparatorun	3.57
inceledik	3.57
inden	3.57
istediğimizi	3.57
istemi	3.57
istersek	3.57
isteğine	3.57
istisnalar	3.57
izlendi	3.57
içerikler	3.57
işlenmesi	3.57
jk	3.57
kabarık	3.57
kadrosunu	3.57
kaf	3.57
kahveci	3.57
kaldınız	3.57
kaldırılarak	3.57
kalınlığında	3.57
kamer	3.57
kampanyalar	3.57
kamyonu	3.57
kandan	3.57
kapatılır	3.57
kapsamındaki	3.57
karabekir	3.57
karaoke	3.57
karda	3.57
karıştıran	3.57
karıştırıyor	3.57
karşılaşmış	3.57
karşıtlığı	3.57
kavim	3.57
kavramsal	3.57
kavurma	3.57
kavşağı	3.57
kaybını	3.57
kazandılar	3.57
kentteki	3.57
kenya	3.57
kesime	3.57
kimlikleri	3.57
kokuyu	3.57
kolaylığı	3.57
kolunun	3.57
konulmuş	3.57
konuşurum	3.57
koparıp	3.57
korkmak	3.57
korkun	3.57
koruyarak	3.57
kromozom	3.57
kulaklarını	3.57
kulaktan	3.57
kurbanlar	3.57
kursları	3.57
kurumunun	3.57
kutuya	3.57
köyünü	3.57
kült	3.57
kültüründe	3.57
küpü	3.57
küstah	3.57
kılınan	3.57
kıskanıyor	3.57
kısmın	3.57
kıtlık	3.57
kızlarını	3.57
kızlarının	3.57
kızlık	3.57
lakabı	3.57
liderinin	3.57
litrelik	3.57
lobi	3.57
lokman	3.57
maddelerden	3.57
mahalledeki	3.57
makaleleri	3.57
malzemeden	3.57
manda	3.57
mantı	3.57
marketten	3.57
melanie	3.57
migros	3.57
milletini	3.57
milletlerin	3.57
milletvekillerinin	3.57
milo	3.57
modellerinde	3.57
montgomery	3.57
motel	3.57
mutant	3.57
mv	3.57
müren	3.57
müzisyenler	3.57
müşaviri	3.57
müşterisi	3.57
nesilden	3.57
nikita	3.57
noktalama	3.57
noktalarında	3.57
nolan	3.57
notunu	3.57
odaklanan	3.57
okçu	3.57
olmamalıydı	3.57
oluştururlar	3.57
omurga	3.57
omzuna	3.57
oranlarını	3.57
ortamdan	3.57
orucu	3.57
paketler	3.57
parçalandı	3.57
pervane	3.57
peyami	3.57
peygamberimizin	3.57
phillips	3.57
postası	3.57
projelerine	3.57
prostat	3.57
psikiyatrist	3.57
rekora	3.57
return	3.57
reza	3.57
romanda	3.57
rüzgara	3.57
saldırganın	3.57
salman	3.57
santos	3.57
sarmış	3.57
sarılı	3.57
satacak	3.57
satışta	3.57
savaşların	3.57
sağladığını	3.57
schalke	3.57
science	3.57
selen	3.57
semboller	3.57
serviste	3.57
sevmediğim	3.57
sexy	3.57
silahlara	3.57
sloganıyla	3.57
sokun	3.57
sora	3.57
sorgulamaya	3.57
sorry	3.57
spa	3.57
sprey	3.57
sularının	3.57
sultanbeyli	3.57
suriyeliler	3.57
suçlamalar	3.57
suçlardan	3.57
sürdürülen	3.57
sürgüne	3.57
sürtünme	3.57
süsleme	3.57
sıklığı	3.57
sınıflara	3.57
tabip	3.57
taktikleri	3.57
tamamladık	3.57
tamamlar	3.57
tanımlanması	3.57
tanıyalım	3.57
tarlası	3.57
tartışmanın	3.57
tasarrufu	3.57
telefonlara	3.57
temaları	3.57
temmuzda	3.57
terbiyesi	3.57
tesekkür	3.57
teslimatı	3.57
teşkilatları	3.57
teşkilatının	3.57
tobb	3.57
toplayın	3.57
trendleri	3.57
turistlerin	3.57
turkiye	3.57
tüketen	3.57
tükürük	3.57
tümen	3.57
türe	3.57
tüyü	3.57
ustaca	3.57
uygulamasında	3.57
uyumsuz	3.57
uyuyamadım	3.57
uzar	3.57
uzunlukta	3.57
uçurumun	3.57
uçuşa	3.57
vakfın	3.57
valencia	3.57
vardığında	3.57
varsayalım	3.57
varsayım	3.57
varsınız	3.57
vermedik	3.57
volt	3.57
yahoo	3.57
yahudileri	3.57
yakalandığı	3.57
yakışmıyor	3.57
yapamadı	3.57
yapmadığım	3.57
yapmama	3.57
yapmıştık	3.57
yapılabilmektedir	3.57
yapılmıyor	3.57
yararlanmak	3.57
yardımını	3.57
yarim	3.57
yavşak	3.57
yayımlanmış	3.57
yazdığınız	3.57
yazları	3.57
yediğini	3.57
yeliz	3.57
yenge	3.57
yeterlilik	3.57
yetişti	3.57
yetkiye	3.57
yor	3.57
yorumladı	3.57
yöneticilerinin	3.57
yönetir	3.57
yöresi	3.57
yüklenmiş	3.57
yükselirken	3.57
yürürlükte	3.57
yüzdesi	3.57
yüzer	3.57
yüzyüze	3.57
yıkmaya	3.57
yıkılması	3.57
yıkıma	3.57
yığını	3.57
zack	3.57
zannediyor	3.57
zebra	3.57
zihnin	3.57
zindan	3.57
zoe	3.57
zorba	3.57
zorlamak	3.57
zorundadırlar	3.57
çakma	3.57
çekmişti	3.57
çiçeklerle	3.57
çıkarıyorum	3.57
çıkmasıyla	3.57
çıktığın	3.57
çıkışta	3.57
ödemeleri	3.57
ölesiye	3.57
ölmemiş	3.57
ölmesine	3.57
önemine	3.57
ör	3.57
örgütlerine	3.57
örgütlü	3.57
örneğidir	3.57
özeldir	3.57
özellikleriyle	3.57
özüne	3.57
öğrendikten	3.57
öğrenmeyi	3.57
üretildiği	3.57
üzen	3.57
ıron	3.57
şanslıyım	3.57
şarkılarıyla	3.57
şehirdir	3.57
şehirlerden	3.57
şeytanlar	3.57
adamlarla	3.56
affı	3.56
ailevi	3.56
akbaş	3.56
aksesuar	3.56
aktı	3.56
akıllara	3.56
alandır	3.56
aldim	3.56
almayacak	3.56
amirliği	3.56
aramaktan	3.56
arayabilirsiniz	3.56
arkadaşlarımızı	3.56
askerini	3.56
asuman	3.56
atakum	3.56
atarız	3.56
atletik	3.56
atılgan	3.56
atılmıştır	3.56
aydınlığa	3.56
aynanın	3.56
ayten	3.56
azimli	3.56
açmaz	3.56
aşağıdadır	3.56
baha	3.56
bakanlıklar	3.56
bakmaz	3.56
bakterilerin	3.56
baktığınızda	3.56
bakımını	3.56
barajını	3.56
barışık	3.56
bastır	3.56
bayanım	3.56
bayrağının	3.56
bağlantılarını	3.56
başaracağız	3.56
başbakanımız	3.56
başlarsa	3.56
başlayacağım	3.56
başrollerinde	3.56
başsavcılığı	3.56
başsavcısı	3.56
başvurular	3.56
başımızın	3.56
becerisi	3.56
bedir	3.56
beklemiyordum	3.56
beliren	3.56
belleği	3.56
beraberce	3.56
beren	3.56
beynimi	3.56
bildik	3.56
bildiriyor	3.56
bilinçsiz	3.56
bilmelisin	3.56
bilmiyorsan	3.56
birimlere	3.56
birleşti	3.56
bitimine	3.56
bitkidir	3.56
biçimine	3.56
boluspor	3.56
boyutuna	3.56
boşluklar	3.56
budak	3.56
buhari	3.56
burasi	3.56
bölgelerinin	3.56
bölüğü	3.56
bürokratik	3.56
canlıları	3.56
cemile	3.56
cesedin	3.56
cesetleri	3.56
cezasının	3.56
chad	3.56
chandler	3.56
college	3.56
colorado	3.56
coğrafyasında	3.56
cpu	3.56
cristina	3.56
dakikalarda	3.56
dakikası	3.56
darıca	3.56
davranarak	3.56
dağılın	3.56
demişlerdi	3.56
denemeleri	3.56
deneyimleri	3.56
destansı	3.56
desteğin	3.56
dikilen	3.56
dilara	3.56
dildir	3.56
dolayi	3.56
doğumgünü	3.56
dudaklar	3.56
durumlarını	3.56
duysun	3.56
döktüm	3.56
dönmesine	3.56
dönüşmüştür	3.56
dönüşümlü	3.56
dörtyol	3.56
dünyaları	3.56
düşüncelerimi	3.56
düşündün	3.56
edeceklerini	3.56
edileceği	3.56
edilemeyecek	3.56
edinmiştir	3.56
ehliyeti	3.56
ekoloji	3.56
ekonomist	3.56
eksiği	3.56
ekspres	3.56
enfekte	3.56
etkileyebilir	3.56
etmeyeceğini	3.56
evliyim	3.56
fak	3.56
felakete	3.56
fetullah	3.56
feyenoord	3.56
fişini	3.56
formaları	3.56
franco	3.56
frankie	3.56
frederick	3.56
fırsatım	3.56
geldikçe	3.56
geliyorsunuz	3.56
gemilere	3.56
gençken	3.56
geriledi	3.56
geçerim	3.56
geçeriz	3.56
geçilir	3.56
geçiyorlar	3.56
geçmeyin	3.56
gideceksiniz	3.56
gine	3.56
girmeyin	3.56
glass	3.56
gökte	3.56
gözleriniz	3.56
gözyaşlarına	3.56
gözümüzün	3.56
gücünüz	3.56
günaha	3.56
güzelyurt	3.56
haddi	3.56
hadım	3.56
haftalardır	3.56
haham	3.56
hakemin	3.56
haklarından	3.56
hapoel	3.56
harcamaları	3.56
harfli	3.56
hastanelerde	3.56
hatıraları	3.56
hayatıyla	3.56
hayvanlarda	3.56
hemşireler	3.56
herman	3.56
hicri	3.56
hissettirir	3.56
hiçbirinin	3.56
hükümleri	3.56
ikilinin	3.56
ilerler	3.56
iletir	3.56
iletmek	3.56
ilgim	3.56
inanmaz	3.56
indiren	3.56
insancıl	3.56
insanlarını	3.56
integral	3.56
inşaa	3.56
ipod	3.56
isterdi	3.56
iyiliğini	3.56
izlemekten	3.56
içeceği	3.56
iştah	3.56
işyerinde	3.56
joo	3.56
kadardı	3.56
kafalar	3.56
kafayla	3.56
kahrolsun	3.56
kalırdı	3.56
kameralara	3.56
kamerayı	3.56
kampanyaları	3.56
kampın	3.56
kanallarının	3.56
kanalının	3.56
kandırmaya	3.56
kanıtıdır	3.56
kapasiteye	3.56
kapattık	3.56
kapıların	3.56
karabağ	3.56
karakoç	3.56
kardeşiz	3.56
karides	3.56
karışmak	3.56
karşılaştığımız	3.56
katılmayan	3.56
katılımcıları	3.56
katından	3.56
katır	3.56
kavramına	3.56
kaydedilmiş	3.56
kaydıyla	3.56
kayıtlarının	3.56
kaçakçılık	3.56
kemoterapi	3.56
keşan	3.56
kimlere	3.56
kimliğinin	3.56
kimsen	3.56
knight	3.56
koltukları	3.56
kompozit	3.56
komşumuz	3.56
komşunun	3.56
konumundadır	3.56
konuğumuz	3.56
korkum	3.56
korsanları	3.56
korumanın	3.56
kraliçenin	3.56
kucuk	3.56
kullanırım	3.56
kulüplerin	3.56
kupanın	3.56
kurduğunu	3.56
kurtuluşa	3.56
kuzgun	3.56
kâmil	3.56
kötüler	3.56
kümes	3.56
kütüphanede	3.56
küçüğü	3.56
kırmadan	3.56
kısımdan	3.56
kıt	3.56
kıyısındaki	3.56
kızdır	3.56
laurie	3.56
liderlerin	3.56
ligdeki	3.56
lola	3.56
look	3.56
mahallesine	3.56
makinelerin	3.56
makineyi	3.56
malzemeyi	3.56
markasını	3.56
marvel	3.56
medeniyetler	3.56
mekânı	3.56
mesleğine	3.56
metan	3.56
metot	3.56
mevsimlik	3.56
mezhebi	3.56
milattan	3.56
minecraft	3.56
minnetle	3.56
mir	3.56
misilleme	3.56
modele	3.56
morali	3.56
muhtarı	3.56
mülkiyeti	3.56
müzeyyen	3.56
namussuz	3.56
nehre	3.56
ocağında	3.56
odaklanmış	3.56
oglum	3.56
okunuyor	3.56
okçular	3.56
olmayacaksın	3.56
oluncaya	3.56
oluşmasını	3.56
onbeş	3.56
onuda	3.56
otelden	3.56
otellere	3.56
otobüsten	3.56
ovacık	3.56
oynadığımız	3.56
oğlumu	3.56
oğluyla	3.56
palace	3.56
pamela	3.56
papağan	3.56
parmağımı	3.56
parçalamak	3.56
patlayacak	3.56
paylaşacağım	3.56
paylaşımları	3.56
peder	3.56
petek	3.56
peygamberler	3.56
piste	3.56
protez	3.56
puşt	3.56
rk	3.56
romanları	3.56
sahipken	3.56
sakladım	3.56
salkım	3.56
salça	3.56
sarar	3.56
sarılarak	3.56
satışını	3.56
sayılıyor	3.56
sağlığın	3.56
sekreterliği	3.56
sendeki	3.56
sense	3.56
sepeti	3.56
serveti	3.56
sesimizi	3.56
seung	3.56
sevin	3.56
seyircilerin	3.56
sezonuna	3.56
seçerek	3.56
seçmenin	3.56
sigaraya	3.56
silin	3.56
simgeler	3.56
slim	3.56
sohbetleri	3.56
soluğu	3.56
sorabilir	3.56
sorduğumda	3.56
sorunlarının	3.56
sponsorluğunda	3.56
stüdyoda	3.56
sunay	3.56
suzan	3.56
söylemeliyim	3.56
sözlerinde	3.56
süreçtir	3.56
sıkıştırılmış	3.56
takımımızın	3.56
talimatlar	3.56
tanımam	3.56
tanımlanmıştır	3.56
tanıyıp	3.56
tarafsızlık	3.56
tarımın	3.56
tayfa	3.56
tayvan	3.56
taşlarla	3.56
taşınma	3.56
tdk	3.56
telefonunda	3.56
telleri	3.56
teog	3.56
tepebaşı	3.56
terslik	3.56
tesisin	3.56
testine	3.56
timothy	3.56
tire	3.56
tiyatronun	3.56
toplantının	3.56
toronto	3.56
tozunu	3.56
tutkuyla	3.56
tutulmasını	3.56
türkçenin	3.56
tırnağa	3.56
umutlar	3.56
und	3.56
universal	3.56
ur	3.56
uyarıyor	3.56
uygunluk	3.56
uyumadan	3.56
uğradım	3.56
vampire	3.56
verdiklerini	3.56
vurguladı	3.56
vıı	3.56
walsh	3.56
water	3.56
yanlışlar	3.56
yapacağımızı	3.56
yapacağın	3.56
yaptığımızı	3.56
yaraladı	3.56
yasasının	3.56
yayma	3.56
yayım	3.56
yazmadım	3.56
yağışı	3.56
yaşayacağım	3.56
yurtsever	3.56
yörede	3.56
yükselişe	3.56
yürüyoruz	3.56
yüzlerine	3.56
yıkan	3.56
yıkımı	3.56
zapt	3.56
zorlanıyor	3.56
zorlukla	3.56
zorunludur	3.56
çalışmıyorum	3.56
çalıştıklarını	3.56
çamura	3.56
çap	3.56
çavdar	3.56
çekildiğini	3.56
çekiyorlar	3.56
çelenk	3.56
çelikten	3.56
çevirileri	3.56
çeyiz	3.56
çizik	3.56
çocuksu	3.56
çöküyor	3.56
çözücü	3.56
çıkartıldı	3.56
çıkmanın	3.56
çıktıkları	3.56
çığlıklar	3.56
öfkeyle	3.56
ölmekten	3.56
üretildi	3.56
üretilmesi	3.56
ıce	3.56
ısınmaya	3.56
ışığının	3.56
şahıslar	3.56
şarkısıyla	3.56
şaşırmadım	3.56
şehvetli	3.56
şenlikleri	3.56
şiirlerini	3.56
adresinde	3.55
adresleri	3.55
after	3.55
ailelerinden	3.55
aktörler	3.55
akışının	3.55
alaska	3.55
albümünün	3.55
alerji	3.55
alexis	3.55
ambalaj	3.55
ankarada	3.55
anlamazsın	3.55
anneyi	3.55
ansiklopedi	3.55
arkeolog	3.55
artırma	3.55
arıkan	3.55
astroloji	3.55
asık	3.55
atanır	3.55
atomu	3.55
axel	3.55
ayarlanabilir	3.55
ayarlanmış	3.55
azize	3.55
azra	3.55
açacağız	3.55
açıklanır	3.55
ağlıyorum	3.55
aşkımı	3.55
babasıdır	3.55
bakanım	3.55
bakmadım	3.55
baksam	3.55
bala	3.55
baltimore	3.55
balığa	3.55
bambu	3.55
banks	3.55
bazısı	3.55
bağlamış	3.55
bağlılığı	3.55
bağıran	3.55
bağışlar	3.55
başladığımda	3.55
başlamasını	3.55
bebeklere	3.55
belden	3.55
beyazı	3.55
beyinli	3.55
beyne	3.55
bilakis	3.55
bildiğimi	3.55
bilgisayarlı	3.55
bilme	3.55
bilmen	3.55
bireylere	3.55
birleşen	3.55
birliklerin	3.55
bisikletle	3.55
bitmişti	3.55
block	3.55
bodur	3.55
bom	3.55
bozguna	3.55
boğazını	3.55
break	3.55
bulmuşlar	3.55
bulundurarak	3.55
burslu	3.55
burton	3.55
buzdolabına	3.55
bütünlük	3.55
bırakayım	3.55
bıraktınız	3.55
canim	3.55
canlandırma	3.55
canımızı	3.55
cerrahpaşa	3.55
cezai	3.55
churchill	3.55
connor	3.55
county	3.55
cumhuriyete	3.55
daireye	3.55
daniels	3.55
davulcu	3.55
dayanamaz	3.55
dayandı	3.55
dağıtıyor	3.55
dedesinin	3.55
deftere	3.55
defterini	3.55
dehşete	3.55
derecelendirme	3.55
derslik	3.55
detaylarını	3.55
devlettir	3.55
dikti	3.55
diplomat	3.55
disiplinli	3.55
dixon	3.55
diyemez	3.55
diyenlere	3.55
dokunmaya	3.55
donovan	3.55
dostluklar	3.55
dosyanın	3.55
doğrulamak	3.55
durdurup	3.55
durduğunu	3.55
duyması	3.55
duymayan	3.55
dönmedi	3.55
dönüşebilir	3.55
dörtlük	3.55
düşüncelerim	3.55
düşürücü	3.55
düşüşe	3.55
dıştan	3.55
edilirler	3.55
edilmiyor	3.55
edith	3.55
eliot	3.55
endişesi	3.55
enzim	3.55
erişimin	3.55
ertan	3.55
eteklerinde	3.55
etkenler	3.55
evleneceğim	3.55
exchange	3.55
eye	3.55
ezra	3.55
eğitmek	3.55
fatsa	3.55
fikriniz	3.55
fletcher	3.55
fırçası	3.55
gardner	3.55
gelişiyor	3.55
generali	3.55
getirelim	3.55
geçecektir	3.55
geçeceğiz	3.55
geçerler	3.55
gibileri	3.55
gidecektir	3.55
giderdik	3.55
gidişle	3.55
girenler	3.55
giyiyor	3.55
gu	3.55
gönderildiği	3.55
görünüşte	3.55
göstermeyi	3.55
göstermişti	3.55
götürdüler	3.55
gözdesi	3.55
gözetimi	3.55
gülmeye	3.55
güncellendi	3.55
günüydü	3.55
güreşi	3.55
gürültüsü	3.55
güvenilmez	3.55
haftalarca	3.55
hakkınızı	3.55
halid	3.55
hammadde	3.55
hangimiz	3.55
hareketlere	3.55
hayatlarında	3.55
hektarlık	3.55
hepinizden	3.55
hesaplara	3.55
heyecanını	3.55
holland	3.55
hoparlör	3.55
hospital	3.55
hukukuna	3.55
hırsı	3.55
ihh	3.55
ihlalleri	3.55
ikiyüzlü	3.55
iletişimin	3.55
ilgilendiriyor	3.55
ilgiliydi	3.55
ilik	3.55
imâm	3.55
inandığımız	3.55
inandığın	3.55
incelenir	3.55
inceleyerek	3.55
istiyormuş	3.55
izleyeceğim	3.55
içilir	3.55
işbirliğini	3.55
işçilere	3.55
jerome	3.55
kadınsın	3.55
kahramanca	3.55
kaldığın	3.55
kalmamak	3.55
kalmaması	3.55
kalmazdı	3.55
kalmıştık	3.55
kalıntı	3.55
kanıtları	3.55
kapanması	3.55
karahan	3.55
karakolu	3.55
kararından	3.55
karla	3.55
karımın	3.55
karıştırılır	3.55
karışıklığı	3.55
kayıtların	3.55
kazanıyorum	3.55
kaçırdığı	3.55
kentinin	3.55
keza	3.55
kiloluk	3.55
kimsesi	3.55
komutanları	3.55
komşum	3.55
konferansa	3.55
konsantrasyon	3.55
konularla	3.55
konyaaltı	3.55
korkmaya	3.55
korkuyla	3.55
koruduğu	3.55
kovboy	3.55
koyuyoruz	3.55
koşul	3.55
kumaşı	3.55
kumlu	3.55
kurtulmayı	3.55
kızılderililer	3.55
latif	3.55
mahkemesine	3.55
mantarı	3.55
matbaa	3.55
medeniyetin	3.55
merhem	3.55
mh	3.55
milimetre	3.55
molekül	3.55
muratpaşa	3.55
musevi	3.55
muzdarip	3.55
muzik	3.55
müdürüm	3.55
müstehcen	3.55
nan	3.55
necmi	3.55
nefreti	3.55
nesrin	3.55
nicolas	3.55
niyetin	3.55
niyetinde	3.55
noktalarına	3.55
noldu	3.55
ohio	3.55
okudun	3.55
okullarının	3.55
okuyacağım	3.55
okuyorsun	3.55
olanlardır	3.55
olayından	3.55
olurlarsa	3.55
oluşmaya	3.55
oluşturduğunu	3.55
oluşturması	3.55
oluşturup	3.55
ortamına	3.55
ovası	3.55
oynamaktadır	3.55
ozon	3.55
palyaço	3.55
parfümü	3.55
pass	3.55
patlamadan	3.55
paylaşmış	3.55
pencerenin	3.55
penny	3.55
peş	3.55
pilavı	3.55
pm	3.55
politikaya	3.55
porn	3.55
portekizli	3.55
poster	3.55
private	3.55
problemlerin	3.55
pu	3.55
rakiplerine	3.55
ramon	3.55
rastlamak	3.55
reagan	3.55
regina	3.55
reha	3.55
rifat	3.55
root	3.55
ruhların	3.55
rumların	3.55
rüyanın	3.55
samuray	3.55
saraydan	3.55
sarıkamış	3.55
saten	3.55
satılmaktadır	3.55
sbs	3.55
seferberliği	3.55
selda	3.55
sendikaları	3.55
seriyi	3.55
seçmenlerin	3.55
silaha	3.55
silvan	3.55
sistemik	3.55
sistemimiz	3.55
sistemlere	3.55
sloganları	3.55
social	3.55
sorunlardan	3.55
soruşturmayı	3.55
sputnik	3.55
sungurlu	3.55
susam	3.55
suçluların	3.55
sözcüklerin	3.55
sözcüğünün	3.55
sürükleyen	3.55
sıcaklığın	3.55
sınıfından	3.55
takıl	3.55
takılıyorum	3.55
tanışan	3.55
tay	3.55
taşınıyor	3.55
tehditleri	3.55
teklifinde	3.55
tekrarlanan	3.55
terketti	3.55
tespih	3.55
tevrat	3.55
think	3.55
three	3.55
toplanacak	3.55
tree	3.55
truman	3.55
türki	3.55
unutulan	3.55
ustaları	3.55
usulca	3.55
uyanış	3.55
uygulanacak	3.55
uğraştım	3.55
vaktiniz	3.55
vanilya	3.55
verilecektir	3.55
visual	3.55
welcome	3.55
wendy	3.55
winter	3.55
wong	3.55
xml	3.55
yakaladık	3.55
yakalanıp	3.55
yakalayın	3.55
yakınlarda	3.55
yakınlardaki	3.55
yalanları	3.55
yalniz	3.55
yanması	3.55
yapılanlar	3.55
yapılsın	3.55
yaradan	3.55
yardımda	3.55
yarin	3.55
yasasını	3.55
yassı	3.55
yağacak	3.55
yumurtadan	3.55
yumurtası	3.55
yumuşacık	3.55
yönlendirdi	3.55
yöntemlerin	3.55
yükümlü	3.55
yüreğinde	3.55
yürüttü	3.55
yürütülmektedir	3.55
zaferini	3.55
zamanlardaki	3.55
zaza	3.55
ziyafet	3.55
zorbalık	3.55
çalışırız	3.55
çayını	3.55
çağrıda	3.55
çağrıldı	3.55
çağrısına	3.55
çağının	3.55
çekilişi	3.55
çektiğin	3.55
çevirmiş	3.55
çevrelerinde	3.55
çocuklarıma	3.55
çocuğuyla	3.55
çöküp	3.55
çöpleri	3.55
çıkarttım	3.55
çıkmadığı	3.55
çıktınız	3.55
ödenecek	3.55
ölçeği	3.55
ölürler	3.55
önceliğimiz	3.55
öpüşme	3.55
özledik	3.55
öğrenirsin	3.55
öğretimi	3.55
öğretmeye	3.55
ücretin	3.55
ücretleri	3.55
üçünü	3.55
ıbm	3.55
şeffaflık	3.55
şehirlerinde	3.55
adanalı	3.54
adaylarına	3.54
ae	3.54
ailece	3.54
ailesinde	3.54
aktivitesi	3.54
akçıl	3.54
akılcı	3.54
alabileceği	3.54
alanıdır	3.54
almamak	3.54
almanızı	3.54
alperen	3.54
alsak	3.54
alıcısı	3.54
alışmak	3.54
ambar	3.54
ambargo	3.54
ananas	3.54
anatomi	3.54
anayasada	3.54
andreas	3.54
anlamayan	3.54
anların	3.54
anlatabilir	3.54
anlattık	3.54
anlayana	3.54
anneni	3.54
anıtkabir	3.54
apartmanda	3.54
aradık	3.54
aramaları	3.54
araçlarla	3.54
araçlarında	3.54
arter	3.54
atası	3.54
aviv	3.54
aynur	3.54
açılım	3.54
ağza	3.54
bacon	3.54
bakabilirsiniz	3.54
bakışını	3.54
balım	3.54
barındırmaktadır	3.54
bağlıydı	3.54
başkomutan	3.54
başıboş	3.54
becerilerini	3.54
bedri	3.54
beer	3.54
beklediğin	3.54
beko	3.54
beli	3.54
bencillik	3.54
beyt	3.54
beşiktaşlı	3.54
bilmemiz	3.54
bitirin	3.54
bitter	3.54
bişi	3.54
bloom	3.54
boyundan	3.54
boyutlar	3.54
boşanmış	3.54
bulunmadığını	3.54
bulunmaması	3.54
burçlar	3.54
buse	3.54
buzul	3.54
bölgelerini	3.54
bürokrasi	3.54
bütünü	3.54
caddeye	3.54
cannes	3.54
cash	3.54
castro	3.54
code	3.54
columbia	3.54
crawford	3.54
dama	3.54
darwin	3.54
delikli	3.54
demirkol	3.54
deste	3.54
detaylara	3.54
dillerinde	3.54
dinlesin	3.54
diyecektim	3.54
diyeti	3.54
diyorduk	3.54
doctor	3.54
dokun	3.54
dostlarına	3.54
doğusu	3.54
dsp	3.54
durgunluk	3.54
durumumuz	3.54
dutch	3.54
dönmem	3.54
dörde	3.54
düzende	3.54
düzine	3.54
ebediyen	3.54
ebediyete	3.54
edebiyatında	3.54
edemezler	3.54
edersem	3.54
edilmesinde	3.54
ekici	3.54
ekiple	3.54
elias	3.54
ellerinin	3.54
esneklik	3.54
etin	3.54
etmezse	3.54
evlenmeden	3.54
eylemlerin	3.54
eğitiminde	3.54
eşiğinde	3.54
faaliyette	3.54
fazlaydı	3.54
fb	3.54
felsefesini	3.54
firmaların	3.54
fish	3.54
five	3.54
forever	3.54
formuna	3.54
fotograf	3.54
füzyon	3.54
fırtınalar	3.54
galibi	3.54
gazetelerin	3.54
gazetesinden	3.54
gazlar	3.54
geceleyin	3.54
gelmesinin	3.54
gelmiştim	3.54
gerard	3.54
geriden	3.54
getirmenin	3.54
gezegene	3.54
geziye	3.54
gittiğine	3.54
gittiğiniz	3.54
gotik	3.54
grafikler	3.54
gönlü	3.54
gördüğünüzde	3.54
görülmesine	3.54
gözlenen	3.54
günlerine	3.54
güvenip	3.54
hafiften	3.54
halide	3.54
hallederiz	3.54
hareketiyle	3.54
harekât	3.54
harç	3.54
hastalığından	3.54
hatırası	3.54
hawkins	3.54
hazinesi	3.54
hazırlanın	3.54
hekimleri	3.54
helva	3.54
hikayede	3.54
hocamızın	3.54
hoşlandığım	3.54
ht	3.54
hücrede	3.54
idama	3.54
idamı	3.54
iktidarının	3.54
ilgiyle	3.54
intikal	3.54
inçlik	3.54
isimlere	3.54
iskandinav	3.54
istifasını	3.54
isviçreli	3.54
iyileşmesi	3.54
içeriğine	3.54
işadamları	3.54
işbirlikçi	3.54
işgaline	3.54
işkenceye	3.54
işledikleri	3.54
işlediğini	3.54
jenkins	3.54
jilet	3.54
kahramanların	3.54
kaldırılmasına	3.54
kalsam	3.54
kampanyasında	3.54
kanatta	3.54
kano	3.54
kanyon	3.54
kapsülü	3.54
karakteriyle	3.54
karanlığında	3.54
karasal	3.54
karmaşa	3.54
karşılaştıkları	3.54
karşılaştırılması	3.54
kask	3.54
kası	3.54
kategorisine	3.54
katilini	3.54
katledilen	3.54
katmanlı	3.54
kavrama	3.54
kaynaklandığı	3.54
kazara	3.54
kaçması	3.54
keki	3.54
kelimesine	3.54
kerede	3.54
kesiştiği	3.54
kokar	3.54
komutanlar	3.54
konudur	3.54
konutları	3.54
konuşmuyorum	3.54
konuşsak	3.54
kopar	3.54
koridorda	3.54
korktuğun	3.54
korunmasını	3.54
koyuyorlar	3.54
koşulların	3.54
kramer	3.54
kullandığınız	3.54
kullanıcılarına	3.54
kullanılabilmektedir	3.54
kurbanların	3.54
kursun	3.54
kuruşa	3.54
kırmızıya	3.54
kızımı	3.54
lanetli	3.54
left	3.54
lekeler	3.54
lekeleri	3.54
limonata	3.54
linkten	3.54
liu	3.54
lokomotif	3.54
lorraine	3.54
lucius	3.54
makamları	3.54
makbule	3.54
makineye	3.54
manav	3.54
mantarlar	3.54
marianne	3.54
marifet	3.54
meclisten	3.54
megan	3.54
mehter	3.54
mektebi	3.54
merkezdeki	3.54
merkezlerine	3.54
meseleler	3.54
metroda	3.54
metrosu	3.54
mevlâna	3.54
mezarlıkta	3.54
mezarlığa	3.54
mezarlığına	3.54
mezopotamya	3.54
modellerin	3.54
mtv	3.54
muhalefete	3.54
mutluluktan	3.54
mücadeleden	3.54
müdahil	3.54
müzakereler	3.54
müşteriye	3.54
nasır	3.54
nate	3.54
nemrut	3.54
neredesiniz	3.54
nevin	3.54
nikel	3.54
nikâh	3.54
noktalara	3.54
ocakta	3.54
okumanın	3.54
okunacak	3.54
okuyunuz	3.54
olmalarıdır	3.54
onemli	3.54
operasyonlarda	3.54
ordaki	3.54
oskar	3.54
otobüsler	3.54
oturduğum	3.54
oynadığım	3.54
oynarım	3.54
oyunlardan	3.54
palavra	3.54
parçalardan	3.54
patlamaya	3.54
patronun	3.54
paylaşabilir	3.54
payına	3.54
penceresinden	3.54
perinçek	3.54
personelinin	3.54
piece	3.54
pilotun	3.54
pitt	3.54
planladığını	3.54
politikada	3.54
pope	3.54
primer	3.54
profilini	3.54
psikologlar	3.54
psişik	3.54
que	3.54
rafet	3.54
rakibe	3.54
rakka	3.54
raşit	3.54
restorasyonu	3.54
robotu	3.54
rolüne	3.54
sabırsız	3.54
sanayide	3.54
sanır	3.54
saptanmıştır	3.54
satayım	3.54
savaşlarda	3.54
sebebin	3.54
seki	3.54
sekreterlik	3.54
selamı	3.54
sensörü	3.54
serbestlik	3.54
setinde	3.54
sevdiklerinizle	3.54
seyircinin	3.54
seçmeler	3.54
silahtan	3.54
silinir	3.54
sing	3.54
sinsice	3.54
sismik	3.54
sofra	3.54
soluklu	3.54
sonucun	3.54
soracağım	3.54
spikeri	3.54
steroid	3.54
suzanne	3.54
suçluyor	3.54
sweet	3.54
söylediklerinin	3.54
söylemleri	3.54
sözüyle	3.54
sürdüğünü	3.54
süreçlerin	3.54
süzme	3.54
sızma	3.54
tahlil	3.54
takva	3.54
tamiri	3.54
tanrısal	3.54
tanıdığını	3.54
tarçın	3.54
tayt	3.54
taşırken	3.54
taşıyarak	3.54
taşıyıp	3.54
tefekkür	3.54
teknisyeni	3.54
tekrarlayan	3.54
televizyonlarda	3.54
temizlemeye	3.54
temkinli	3.54
tepkiyi	3.54
tersten	3.54
tesbit	3.54
tomas	3.54
toy	3.54
travmatik	3.54
trent	3.54
turkuaz	3.54
tutuklanarak	3.54
törenin	3.54
türklerinin	3.54
ulaştım	3.54
umutları	3.54
umutlarını	3.54
unda	3.54
uygulamasıdır	3.54
uykudan	3.54
uyruklu	3.54
uyumluluk	3.54
vaiz	3.54
vaktimiz	3.54
valentine	3.54
vermediğini	3.54
vice	3.54
woman	3.54
yalanladı	3.54
yama	3.54
yanarak	3.54
yanardağ	3.54
yanmaz	3.54
yapıdır	3.54
yapılsa	3.54
yapıştır	3.54
yaralanmış	3.54
yardımlar	3.54
yargılanması	3.54
yarışmacılar	3.54
yarışmasının	3.54
yatırıp	3.54
yazıyoruz	3.54
yaşamsal	3.54
yaşlılık	3.54
yenidoğan	3.54
yesevi	3.54
yk	3.54
yolcusu	3.54
yorgunluktan	3.54
yorgunluğu	3.54
yuzden	3.54
yüreğir	3.54
yıka	3.54
yılanlar	3.54
yıldıza	3.54
zamanınız	3.54
zengini	3.54
zeynel	3.54
zihninde	3.54
zincirleri	3.54
çabalarını	3.54
çalışmalardan	3.54
çalışmaz	3.54
çaya	3.54
çekelim	3.54
çekilirken	3.54
çektiğimiz	3.54
çevreci	3.54
çevrilen	3.54
çiçeğin	3.54
çıkmazsa	3.54
ödediği	3.54
öfkesi	3.54
öldürdüm	3.54
öldürebilir	3.54
öldürmekten	3.54
ölmedim	3.54
ölçüleri	3.54
önceliği	3.54
örf	3.54
ülkeme	3.54
üretmektedir	3.54
üslubu	3.54
üstlerine	3.54
üzeredir	3.54
şarkılarda	3.54
şartlara	3.54
şartlarında	3.54
şaşkınlık	3.54
şehidin	3.54
şehrinden	3.54
şekersiz	3.54
şeması	3.54
şerefi	3.54
şerefsizler	3.54
şişesi	3.54
şura	3.54
abonelik	3.53
adamlardan	3.53
akrabalık	3.53
aktivist	3.53
akımının	3.53
akşamüstü	3.53
alec	3.53
aleminin	3.53
alimi	3.53
almışlardır	3.53
america	3.53
analizler	3.53
anladığı	3.53
anlamayın	3.53
anlattıkları	3.53
anlatıyordu	3.53
annene	3.53
arayış	3.53
arsız	3.53
arıyorsan	3.53
asıldı	3.53
ayağıma	3.53
ayyıldız	3.53
azad	3.53
azalmasına	3.53
açılardan	3.53
ağacından	3.53
aşıksın	3.53
bangladeş	3.53
barınma	3.53
baskılara	3.53
baskının	3.53
batık	3.53
başlatılmıştır	3.53
bedeninin	3.53
beklendiği	3.53
beklerdim	3.53
belgesini	3.53
belirtmektedir	3.53
beşe	3.53
bildirilen	3.53
bilimkurgu	3.53
bilmektedir	3.53
bing	3.53
biride	3.53
birileriyle	3.53
bitiriyor	3.53
bitkin	3.53
biyokimya	3.53
borçlar	3.53
boyd	3.53
boğazın	3.53
boşaltma	3.53
brendan	3.53
buhârî	3.53
bulmalı	3.53
buluyorsunuz	3.53
bölümlerinin	3.53
bürokratlar	3.53
büyüklerin	3.53
büyüklüğündeki	3.53
carolina	3.53
casey	3.53
cenazeye	3.53
cevabın	3.53
cezalı	3.53
cihaza	3.53
damarları	3.53
dansları	3.53
dedemin	3.53
demiri	3.53
denizlispor	3.53
derbisi	3.53
develi	3.53
değerlendirmeler	3.53
diyordun	3.53
dizisindeki	3.53
donanımları	3.53
doris	3.53
doğasını	3.53
doğusundaki	3.53
ds	3.53
duasını	3.53
durmadı	3.53
duvarında	3.53
duygularına	3.53
duymaktan	3.53
düello	3.53
dünyamız	3.53
düzenlendiği	3.53
düğmesine	3.53
düşündüklerini	3.53
düşündüren	3.53
ekleri	3.53
ekmeğini	3.53
eksikti	3.53
emirlerini	3.53
empire	3.53
emreder	3.53
enerjili	3.53
ermiştir	3.53
eskiler	3.53
etmeyeceksin	3.53
ettiyse	3.53
evdeyim	3.53
evresi	3.53
evrimi	3.53
eylemine	3.53
eğilip	3.53
eşzamanlı	3.53
fabrikalar	3.53
fail	3.53
faizi	3.53
fani	3.53
felek	3.53
felsefenin	3.53
feth	3.53
fidel	3.53
fischer	3.53
foça	3.53
france	3.53
fulya	3.53
fx	3.53
fıba	3.53
fındıklı	3.53
gazetesini	3.53
gazipaşa	3.53
gelecekleri	3.53
genital	3.53
gereksinimi	3.53
gerisine	3.53
gerçekleşmektedir	3.53
gerçekleştirilmesi	3.53
getirirken	3.53
giderdim	3.53
gireceğini	3.53
girişimiyle	3.53
girmeyen	3.53
gitmenin	3.53
going	3.53
gölet	3.53
gönlünde	3.53
görevlilerinin	3.53
görüntülerin	3.53
gösterilebilir	3.53
göstermiyor	3.53
göğüslerini	3.53
gülşah	3.53
güçleriyle	3.53
haberle	3.53
hakkıdır	3.53
haklarında	3.53
halimize	3.53
halinin	3.53
hayranlarına	3.53
him	3.53
hipertansiyon	3.53
hiçkimse	3.53
holiday	3.53
host	3.53
huzurun	3.53
hükûmet	3.53
hüsrana	3.53
ibaresi	3.53
ici	3.53
iletti	3.53
ilkelerine	3.53
iltihabı	3.53
imamoğlu	3.53
imanı	3.53
imzalamak	3.53
inancımız	3.53
inanılan	3.53
indirir	3.53
isin	3.53
istediğine	3.53
istisnai	3.53
italyanlar	3.53
izlemiştim	3.53
izlenebilir	3.53
içindekiler	3.53
işçilerinin	3.53
javascript	3.53
jeopolitik	3.53
jessie	3.53
job	3.53
kabadayı	3.53
kablolar	3.53
kabukları	3.53
kafanda	3.53
kafesi	3.53
kaldıysa	3.53
kaleminden	3.53
kalkanlar	3.53
kalıyorlar	3.53
kanıyor	3.53
kapatacak	3.53
karalama	3.53
karan	3.53
karnaval	3.53
karıştırıcı	3.53
kasık	3.53
katkılarından	3.53
katlanır	3.53
katliamlar	3.53
katıldığını	3.53
kavun	3.53
kaybetmeyin	3.53
kayboldum	3.53
kaybolmak	3.53
kaydettiği	3.53
keller	3.53
kenarlarında	3.53
kesimde	3.53
kesimlerde	3.53
kesinlik	3.53
kişiliğe	3.53
kokusuna	3.53
kom	3.53
kombinasyon	3.53
kontrolsüz	3.53
konuşulur	3.53
korurken	3.53
koyuldu	3.53
koşusu	3.53
kullanmayan	3.53
kullanıcılarının	3.53
kumandalı	3.53
kurallarının	3.53
kuralına	3.53
kurulun	3.53
kuruyorum	3.53
kökünü	3.53
köşeyi	3.53
köşkü	3.53
kütüphaneye	3.53
kılı	3.53
kınalı	3.53
kıracak	3.53
kıyıları	3.53
lafları	3.53
lamborghini	3.53
limanda	3.53
lyon	3.53
lüleburgaz	3.53
maccabi	3.53
maceraları	3.53
mack	3.53
madenci	3.53
madonna	3.53
mahalleden	3.53
makalenin	3.53
marangoz	3.53
marine	3.53
markasının	3.53
mazda	3.53
maçla	3.53
mağazaları	3.53
mağduriyet	3.53
mehtap	3.53
memorial	3.53
merdivenlerden	3.53
mezarın	3.53
minare	3.53
mirasını	3.53
motorunu	3.53
muhaliflerin	3.53
müjdesini	3.53
müminler	3.53
müzikten	3.53
nedenim	3.53
nesneyi	3.53
nissan	3.53
nitrat	3.53
norton	3.53
nuray	3.53
odaklanmak	3.53
okuyanlar	3.53
okçuluk	3.53
olabilme	3.53
olaydır	3.53
organizma	3.53
organlarının	3.53
ort	3.53
ortamını	3.53
oylamaya	3.53
oyma	3.53
oyum	3.53
oyunuyla	3.53
oğlun	3.53
paraların	3.53
partisinde	3.53
patoloji	3.53
paylaştım	3.53
perdeyi	3.53
peru	3.53
polen	3.53
potansiyeline	3.53
projelerde	3.53
reaktör	3.53
reformlar	3.53
rest	3.53
restoranlar	3.53
safkan	3.53
sagopa	3.53
sahih	3.53
sanayisi	3.53
sancısı	3.53
sanders	3.53
saymaya	3.53
sazan	3.53
sembolize	3.53
semptomlar	3.53
seslendirdi	3.53
setini	3.53
seviyorlar	3.53
seyahate	3.53
seyfettin	3.53
seyreden	3.53
seyrederken	3.53
sezonluk	3.53
seçecek	3.53
seçiyorum	3.53
sildim	3.53
sinden	3.53
sinirleri	3.53
sinyalini	3.53
sistemdeki	3.53
sitemiz	3.53
sivilleri	3.53
software	3.53
sonumuz	3.53
sorgulayan	3.53
sorumluları	3.53
sorunca	3.53
sorununun	3.53
sosa	3.53
spiral	3.53
suk	3.53
suçların	3.53
suçüstü	3.53
sözel	3.53
sözleşmeye	3.53
sürmedi	3.53
sürprizlerle	3.53
sıkmak	3.53
sıkıp	3.53
sıvısı	3.53
takdiri	3.53
taliban	3.53
tamına	3.53
tanığı	3.53
tarihçiler	3.53
tavşanı	3.53
taşak	3.53
taşını	3.53
teknisyen	3.53
telafisi	3.53
tele	3.53
telef	3.53
telefonuma	3.53
temasını	3.53
tetikte	3.53
theodore	3.53
tolstoy	3.53
trende	3.53
turnuvasında	3.53
tüccarlar	3.53
tümörü	3.53
tıkır	3.53
ulaşmadan	3.53
uncu	3.53
uyaran	3.53
uyarıyorum	3.53
uygar	3.53
valley	3.53
vazo	3.53
verildiğinde	3.53
virüsler	3.53
watt	3.53
were	3.53
whitney	3.53
willis	3.53
wood	3.53
wright	3.53
yaklaşır	3.53
yamuk	3.53
yanlışları	3.53
yapamazsınız	3.53
yapmaması	3.53
yapmayacak	3.53
yapmışlardır	3.53
yardımın	3.53
yasaklanan	3.53
yasakları	3.53
yatmaya	3.53
yayınına	3.53
yazdıklarını	3.53
yaşanmaktadır	3.53
yaştaki	3.53
yedikleri	3.53
yeniköy	3.53
yorumlayan	3.53
yürütmektedir	3.53
yıkık	3.53
zayıflamak	3.53
zevkine	3.53
zorluklara	3.53
âyet	3.53
çakar	3.53
çamaşırları	3.53
çantaları	3.53
çayır	3.53
çağırmak	3.53
çekinme	3.53
çekmeköy	3.53
çektin	3.53
çevirdim	3.53
çevreden	3.53
çizdim	3.53
çizgisinde	3.53
çocuğumu	3.53
çocuğumun	3.53
çorak	3.53
çöker	3.53
çıkardıkları	3.53
ödedim	3.53
öleceksin	3.53
ölünceye	3.53
öner	3.53
önlemeye	3.53
örgütlerin	3.53
öğrenildi	3.53
ücretle	3.53
ümmetin	3.53
ünlüdür	3.53
üzülmeyin	3.53
üzümlü	3.53
üzümü	3.53
ısıyı	3.53
ızdırap	3.53
ışıktan	3.53
şehire	3.53
şeyhi	3.53
şişme	3.53
şoka	3.53
şundan	3.53
şurubu	3.53
şuur	3.53
şüphem	3.53
в	3.53
abartı	3.52
abluka	3.52
acem	3.52
acıların	3.52
adamlarıyla	3.52
adresiniz	3.52
afrin	3.52
ahhh	3.52
ai	3.52
ailelerimiz	3.52
ajax	3.52
aktarıldı	3.52
alamıyoruz	3.52
aldatan	3.52
alfabe	3.52
alkali	3.52
almalarını	3.52
almıyoruz	3.52
alternatifi	3.52
ankaralı	3.52
anlamadı	3.52
anlatılmaktadır	3.52
anlayabilmek	3.52
annelere	3.52
annelerinin	3.52
arabam	3.52
arabasının	3.52
aradığımız	3.52
arazileri	3.52
arkadaşlarımdan	3.52
aromalı	3.52
arızalı	3.52
avukatın	3.52
avustralyalı	3.52
aygıtı	3.52
aysun	3.52
ayırmaya	3.52
açıklayıcı	3.52
ağabeyinin	3.52
ağrılar	3.52
aşklar	3.52
bahsetme	3.52
bahsetmiş	3.52
bahçeler	3.52
bakanlığın	3.52
bakıcısı	3.52
balıkesirspor	3.52
barı	3.52
barındırdığı	3.52
basamaklı	3.52
bayramında	3.52
başarısına	3.52
başdanışmanı	3.52
başkalarından	3.52
başlamaktadır	3.52
başlıyorlar	3.52
başlığını	3.52
başrolünde	3.52
bekleyeceğiz	3.52
beldesinde	3.52
belediyelerde	3.52
belgede	3.52
belgelere	3.52
belgrad	3.52
bileli	3.52
bilimci	3.52
bilmelisiniz	3.52
binek	3.52
bird	3.52
boylarında	3.52
boyutlara	3.52
bulabilirim	3.52
bulamıyoruz	3.52
bulunsa	3.52
buluyoruz	3.52
buluşan	3.52
burhaniye	3.52
burçin	3.52
böyleyim	3.52
büyükada	3.52
camiası	3.52
camille	3.52
capital	3.52
cass	3.52
cayır	3.52
cebir	3.52
cevizli	3.52
cezaevlerinde	3.52
cinsine	3.52
cliff	3.52
coco	3.52
daisy	3.52
damadın	3.52
damien	3.52
darbeden	3.52
darren	3.52
dawson	3.52
dayanılarak	3.52
dağıtmaya	3.52
dell	3.52
della	3.52
demiryolları	3.52
denmez	3.52
derdimiz	3.52
dereceleri	3.52
destekleri	3.52
değillerdi	3.52
değişmiyor	3.52
değiştim	3.52
dilmen	3.52
dinlemiyor	3.52
disinda	3.52
diyorsam	3.52
dizideki	3.52
dolapta	3.52
dolaşmaya	3.52
doldurma	3.52
doldurmaya	3.52
donatılmıştır	3.52
donma	3.52
dos	3.52
dostunuz	3.52
dostça	3.52
duramıyorum	3.52
durumudur	3.52
dut	3.52
duygulara	3.52
duyuran	3.52
dönersin	3.52
dönüştürülmesi	3.52
düşmanlarına	3.52
ec	3.52
edebilme	3.52
edebiyata	3.52
ederlerdi	3.52
edwards	3.52
efendiler	3.52
ekipmanlar	3.52
eklenebilir	3.52
elbiseyi	3.52
ernest	3.52
ethernet	3.52
etkinliklere	3.52
etmekti	3.52
evrene	3.52
eylemlerinin	3.52
eşime	3.52
facia	3.52
florya	3.52
frankenstein	3.52
gani	3.52
gazetecinin	3.52
gelseydi	3.52
gemilerinin	3.52
gemiyle	3.52
gençlerimize	3.52
gerçekliğin	3.52
gezdim	3.52
gezegende	3.52
gezegenlerin	3.52
gezileri	3.52
geçerliliğini	3.52
geçirmişti	3.52
gireceğim	3.52
gitmesin	3.52
gittiniz	3.52
giymeye	3.52
gizemi	3.52
gonna	3.52
gruplarını	3.52
gunluk	3.52
gökmen	3.52
gölüne	3.52
göndermesi	3.52
göremiyor	3.52
görüntünün	3.52
görünüme	3.52
gösterdik	3.52
gösterecektir	3.52
gösteride	3.52
gösteriliyor	3.52
göstermekte	3.52
göstermeyen	3.52
göğsünde	3.52
gürpınar	3.52
güvenerek	3.52
hacimli	3.52
haciz	3.52
hacılar	3.52
hapishanesi	3.52
hardy	3.52
hatam	3.52
hayırlıdır	3.52
haşlanmış	3.52
hector	3.52
helak	3.52
hesaplarından	3.52
heykelleri	3.52
hidroelektrik	3.52
hikayeye	3.52
himayesinde	3.52
hizmetten	3.52
holden	3.52
hırsızın	3.52
hızlıdır	3.52
idealist	3.52
idiler	3.52
ido	3.52
idol	3.52
ikbal	3.52
ikizi	3.52
iletin	3.52
ilgilenmek	3.52
ilişkimiz	3.52
inceleyin	3.52
indirmeye	3.52
inovasyon	3.52
int	3.52
istasyonunun	3.52
istiyorlardı	3.52
izleyenler	3.52
içeriğinde	3.52
içersin	3.52
içimize	3.52
işaretini	3.52
işgale	3.52
işletilen	3.52
işletmeye	3.52
jared	3.52
kalabilirsiniz	3.52
kalibre	3.52
kalıntısı	3.52
kalıtsal	3.52
kapılı	3.52
kardeşlerinin	3.52
karin	3.52
karıncalar	3.52
karşılaşacak	3.52
karşılaşmadan	3.52
karşılaşmanın	3.52
kasası	3.52
kategoriye	3.52
katledildi	3.52
katıldık	3.52
kaybetmesine	3.52
kayboluyor	3.52
kaybından	3.52
kaygan	3.52
kaçırıp	3.52
kaçıyorum	3.52
kelimelerinin	3.52
kendimin	3.52
kick	3.52
kir	3.52
kiracı	3.52
kiralamak	3.52
kocaelispor	3.52
koleksiyonunu	3.52
konferansında	3.52
kongo	3.52
kontratı	3.52
konularına	3.52
konuşuyorsunuz	3.52
kopuk	3.52
korkmuş	3.52
korumaktadır	3.52
kuleli	3.52
kurtulun	3.52
kutlanan	3.52
kutular	3.52
kuvvetlerin	3.52
kyung	3.52
köprüde	3.52
kötülüğe	3.52
kırmızısı	3.52
kırıyor	3.52
kıtada	3.52
kızgınlık	3.52
kızma	3.52
kızılötesi	3.52
labirent	3.52
lav	3.52
lirayı	3.52
lâ	3.52
magnum	3.52
mahvetti	3.52
mango	3.52
manisaspor	3.52
masmavi	3.52
matematiğin	3.52
meclisine	3.52
medyadaki	3.52
meg	3.52
mekiği	3.52
membran	3.52
memelerini	3.52
memurun	3.52
merry	3.52
mesaja	3.52
meslekleri	3.52
mesleğin	3.52
mest	3.52
meydanları	3.52
mezarları	3.52
meze	3.52
modellerinin	3.52
modellik	3.52
mon	3.52
neon	3.52
neresinden	3.52
nezih	3.52
nostaljik	3.52
nt	3.52
nusra	3.52
obezite	3.52
obsesif	3.52
ofisine	3.52
okumaktan	3.52
olaydı	3.52
olmadın	3.52
olmamasını	3.52
olmayanlara	3.52
olsalardı	3.52
olta	3.52
ortalarda	3.52
osmanlının	3.52
oylamasında	3.52
oylarıyla	3.52
oynandı	3.52
oyuncakları	3.52
oğluma	3.52
pankartı	3.52
partilerden	3.52
patolojik	3.52
paylaşalım	3.52
pekala	3.52
perdesi	3.52
ping	3.52
planet	3.52
polimer	3.52
prince	3.52
protestan	3.52
read	3.52
research	3.52
rolüyle	3.52
rozet	3.52
ruhuyla	3.52
röportajlar	3.52
sadettin	3.52
saga	3.52
sahnesine	3.52
sakalı	3.52
sakıncası	3.52
salatalık	3.52
sandalyeye	3.52
sanığı	3.52
sarılır	3.52
savunmayı	3.52
sayılarının	3.52
sayısıyla	3.52
sayıştay	3.52
sefalet	3.52
semineri	3.52
sendromlu	3.52
seride	3.52
serik	3.52
sisli	3.52
sonlu	3.52
soon	3.52
sorayım	3.52
soruda	3.52
sorumlulukları	3.52
stadında	3.52
strike	3.52
sulara	3.52
suratıma	3.52
suçlusu	3.52
sv	3.52
switch	3.52
sürdürürken	3.52
sıkıldı	3.52
sım	3.52
sırtımı	3.52
tadilat	3.52
tamamlandıktan	3.52
tamamlanır	3.52
tasarı	3.52
tatlıdır	3.52
tavuğu	3.52
tecelli	3.52
temizlendi	3.52
temizliğe	3.52
teneffüs	3.52
teorileri	3.52
terbiyesiz	3.52
tetik	3.52
teğet	3.52
tibet	3.52
ticaretinin	3.52
ticarette	3.52
toplumunda	3.52
topraklardan	3.52
tuvaleti	3.52
tü	3.52
tümgeneral	3.52
türkçede	3.52
ulaşıyor	3.52
umutsuzluğa	3.52
uyacak	3.52
uygulamalarına	3.52
uyumam	3.52
uzaklaştı	3.52
uzanıyor	3.52
uçarak	3.52
uğraşmaya	3.52
uğraşır	3.52
vatandaşlarımızı	3.52
vehbi	3.52
vekiller	3.52
vekilliği	3.52
verdiğine	3.52
vermeyiz	3.52
vermiştik	3.52
vernon	3.52
vi	3.52
vinç	3.52
vurdun	3.52
wheeler	3.52
woods	3.52
yakalanarak	3.52
yaklaştığını	3.52
yakındı	3.52
yakıştı	3.52
yandex	3.52
yaparlarsa	3.52
yapmanıza	3.52
yaptığından	3.52
yapıdan	3.52
yapılmaması	3.52
yapılmamış	3.52
yapılıyordu	3.52
yaratarak	3.52
yasaklanmıştır	3.52
yasasına	3.52
yatağıma	3.52
yatırımcılar	3.52
yayımlandığı	3.52
yazalım	3.52
yazısıyla	3.52
yaşanmaz	3.52
yenilenmesi	3.52
yeteneklerine	3.52
yetkiyi	3.52
yoldayım	3.52
yorumlarını	3.52
yoğunluğuna	3.52
yükselmiştir	3.52
yürümez	3.52
yürüyelim	3.52
yıkılıp	3.52
yılanın	3.52
yıllarından	3.52
zannettim	3.52
zararın	3.52
zarfı	3.52
çalışayım	3.52
çalışmayın	3.52
çalışsın	3.52
çalışılmıştır	3.52
çattı	3.52
çağımızın	3.52
çekeyim	3.52
çetesinin	3.52
çilekli	3.52
çiziyor	3.52
çukura	3.52
çöken	3.52
çırpıda	3.52
öldük	3.52
öleceğini	3.52
ölümlerin	3.52
önerir	3.52
öğrendiğinde	3.52
öğrenelim	3.52
ücra	3.52
şehitlerimize	3.52
şehzadeler	3.52
abs	3.51
acıyorum	3.51
ailemizin	3.51
airlines	3.51
alabora	3.51
alamadığı	3.51
alevilerin	3.51
alexa	3.51
alimler	3.51
almadık	3.51
alsınlar	3.51
alıştırma	3.51
andrews	3.51
anneden	3.51
artmasıyla	3.51
atalarımızın	3.51
atarsan	3.51
ateşler	3.51
atkı	3.51
atmasını	3.51
aurora	3.51
ayarlandı	3.51
ayrılmayı	3.51
açıklanması	3.51
açılmasıyla	3.51
açınca	3.51
ağlarken	3.51
ağını	3.51
ağının	3.51
aşamadan	3.51
aşkta	3.51
babamız	3.51
bakmıyorum	3.51
bakılmaksızın	3.51
bakışlar	3.51
balkonda	3.51
banner	3.51
basina	3.51
bayraklar	3.51
bayramlarda	3.51
bağlıyor	3.51
başlarsın	3.51
başlayacağını	3.51
bedenleri	3.51
benimsemiş	3.51
betonarme	3.51
beğendiği	3.51
beğenisini	3.51
bilezik	3.51
bilmeye	3.51
biner	3.51
blood	3.51
bones	3.51
borular	3.51
boys	3.51
boğulma	3.51
boşanmak	3.51
boşverin	3.51
bukadar	3.51
bulacağız	3.51
bulduklarını	3.51
bulunmadı	3.51
buradadır	3.51
burt	3.51
butler	3.51
bölümdür	3.51
büyüklükteki	3.51
bırakabilirsiniz	3.51
bırakmanın	3.51
bıraktığımız	3.51
bırakılmıştır	3.51
bıçaklar	3.51
camlar	3.51
canımız	3.51
casa	3.51
casper	3.51
cehalet	3.51
cereyan	3.51
clarence	3.51
clive	3.51
cox	3.51
dahiliye	3.51
dance	3.51
dantel	3.51
daracık	3.51
dayım	3.51
dediklerine	3.51
deha	3.51
deliğin	3.51
deliğine	3.51
denemeden	3.51
denemelisin	3.51
denizlerin	3.51
derinin	3.51
destekledi	3.51
devirmek	3.51
devletlerinin	3.51
değerlendirilmektedir	3.51
değildirler	3.51
değilmişim	3.51
değilsindir	3.51
dhkp	3.51
didik	3.51
dinlerim	3.51
diyar	3.51
doldurdum	3.51
dosyasına	3.51
dosyaya	3.51
doymuş	3.51
durdurulması	3.51
duymuştum	3.51
dökülmüş	3.51
döndürmek	3.51
düzeninin	3.51
düzmece	3.51
düşmanım	3.51
düşüncesinin	3.51
düşünmemiştim	3.51
düşünsel	3.51
düşürecek	3.51
ebeveynleri	3.51
ede	3.51
edebiyatın	3.51
edepsiz	3.51
edilmemesi	3.51
ediyorduk	3.51
efendinin	3.51
ekimi	3.51
elemanlarının	3.51
ella	3.51
elleriniz	3.51
elçilik	3.51
eskimiş	3.51
ettiğinizde	3.51
european	3.51
eylemlerde	3.51
ezel	3.51
eğim	3.51
faaliyetlerin	3.51
farabi	3.51
faturaları	3.51
fax	3.51
felipe	3.51
fiş	3.51
follow	3.51
fonda	3.51
galaksinin	3.51
gardiyan	3.51
gaziemir	3.51
gelincik	3.51
gelmişsin	3.51
geçe	3.51
geçirmiştir	3.51
geçiyorsun	3.51
giderilmesi	3.51
gireriz	3.51
girişleri	3.51
gitmeme	3.51
göklerin	3.51
göller	3.51
görebilirsin	3.51
görmediniz	3.51
görürsen	3.51
görüşüm	3.51
gözardı	3.51
gülay	3.51
gülsüm	3.51
gündemini	3.51
günlerdeki	3.51
güvenliğe	3.51
güçlendirilmiş	3.51
haldeyim	3.51
hangisidir	3.51
harcayan	3.51
hastalığını	3.51
havaalanından	3.51
hayallerim	3.51
hazırlanmak	3.51
hazırlanıp	3.51
hediyem	3.51
hemfikir	3.51
hissediyorsun	3.51
hsyk	3.51
hırçın	3.51
iddianame	3.51
ihtimalleri	3.51
ihtiyacının	3.51
ilişkisine	3.51
ilkesini	3.51
ilmek	3.51
imalatı	3.51
imparatorluğunun	3.51
inatla	3.51
incelendiğinde	3.51
inmeye	3.51
istasyonun	3.51
istemediğiniz	3.51
istesin	3.51
isteğiniz	3.51
istifası	3.51
isyancı	3.51
içeriğe	3.51
içilen	3.51
içinin	3.51
içiyoruz	3.51
içleri	3.51
içtin	3.51
işlemeye	3.51
işleten	3.51
işleyişi	3.51
japonların	3.51
kabil	3.51
kabloları	3.51
kafalarına	3.51
kahpe	3.51
kaldırmış	3.51
kanunlarına	3.51
kanıtlanmış	3.51
kapasitesini	3.51
kapağında	3.51
kaplıdır	3.51
karacabey	3.51
karavan	3.51
karşılaştırması	3.51
karşınızdaki	3.51
kasların	3.51
kategoriler	3.51
katlanarak	3.51
katıyor	3.51
kazandığımız	3.51
kazansın	3.51
kazanılır	3.51
kazayı	3.51
kaçtılar	3.51
kemiklerin	3.51
kemiğe	3.51
kendimizden	3.51
kentleri	3.51
kepçe	3.51
keşfedilen	3.51
kitaplarına	3.51
kitaptır	3.51
kitleler	3.51
klor	3.51
komutu	3.51
komünistler	3.51
konforlu	3.51
konserini	3.51
konulması	3.51
konuşmuyoruz	3.51
konuşurlar	3.51
kopuyor	3.51
korkuttu	3.51
korumakla	3.51
korumuş	3.51
korunur	3.51
koşma	3.51
kriter	3.51
kullanacağı	3.51
kullanmanın	3.51
kullanılmasının	3.51
kullanımdan	3.51
kullanıyorsunuz	3.51
kulp	3.51
kumpas	3.51
kursa	3.51
kurtarıp	3.51
kusurları	3.51
kut	3.51
kutlamalar	3.51
kuyusu	3.51
köpüklü	3.51
kükürt	3.51
kütüphaneler	3.51
küçüktür	3.51
kırar	3.51
kıs	3.51
kıyıda	3.51
kızar	3.51
kızlarda	3.51
kızılcahamam	3.51
lab	3.51
law	3.51
lester	3.51
levhası	3.51
lila	3.51
lokum	3.51
lost	3.51
lynch	3.51
lüksemburg	3.51
machine	3.51
maddelere	3.51
markalı	3.51
maskeleri	3.51
maskeyi	3.51
masrafı	3.51
matematikte	3.51
matkap	3.51
mektubunu	3.51
memura	3.51
mesafeye	3.51
mesajla	3.51
metraj	3.51
mevkisinde	3.51
mevsimsel	3.51
meydanlarda	3.51
meşale	3.51
milyarder	3.51
mountain	3.51
mucizesi	3.51
mücadeleler	3.51
müşterimiz	3.51
nargile	3.51
neriman	3.51
neticesi	3.51
nikos	3.51
nixon	3.51
notlarını	3.51
odam	3.51
olaylarından	3.51
oldukca	3.51
orkun	3.51
otursun	3.51
ozel	3.51
paketin	3.51
parasının	3.51
parkları	3.51
paspas	3.51
paşanın	3.51
pekmez	3.51
pişirilir	3.51
platformunda	3.51
playboy	3.51
poe	3.51
politikalarına	3.51
postmodern	3.51
programdan	3.51
puma	3.51
radio	3.51
rahatladım	3.51
rahatım	3.51
rakamlara	3.51
raporlarını	3.51
rencide	3.51
reçeli	3.51
rodos	3.51
romanından	3.51
rs	3.51
rüyaları	3.51
sabotaj	3.51
sahaları	3.51
saki	3.51
sakinleştirici	3.51
saklıyorum	3.51
sallıyor	3.51
sanatına	3.51
sapkın	3.51
saraçoğlu	3.51
satıldığı	3.51
sergei	3.51
seslerin	3.51
sevgilisine	3.51
sevmiyorsun	3.51
seçmelere	3.51
sihirbaz	3.51
silopi	3.51
simmons	3.51
sneijder	3.51
sosis	3.51
spider	3.51
sql	3.51
suistimal	3.51
sunacak	3.51
sunucuları	3.51
suratı	3.51
söylemiyor	3.51
söylendiği	3.51
söyleyene	3.51
söyleyenler	3.51
sözlerimi	3.51
sözleşmenin	3.51
sürmüştür	3.51
sıkkın	3.51
sınırlama	3.51
sınırların	3.51
tahrir	3.51
taktığı	3.51
takıldım	3.51
takımlarını	3.51
tansu	3.51
tanımadığın	3.51
tarzının	3.51
taşıyabilir	3.51
teklifleri	3.51
teoride	3.51
teröristlerle	3.51
teşebbüsü	3.51
them	3.51
theresa	3.51
ticaretini	3.51
tipinde	3.51
toby	3.51
tolerans	3.51
tomografi	3.51
toplantılara	3.51
torres	3.51
tosya	3.51
trenler	3.51
tutarlar	3.51
tutmanın	3.51
tuval	3.51
tümünün	3.51
türklerle	3.51
tıklım	3.51
umarim	3.51
uy	3.51
uyandırmak	3.51
uyanmış	3.51
uzaklardan	3.51
uzağında	3.51
uğraması	3.51
uğrattı	3.51
vahdet	3.51
valiz	3.51
varlıktır	3.51
vasiyeti	3.51
vefatından	3.51
verebileceği	3.51
vereceğimiz	3.51
vermiyoruz	3.51
viking	3.51
vurgusu	3.51
vücudumun	3.51
win	3.51
yakalanma	3.51
yaktın	3.51
yanın	3.51
yapamıyoruz	3.51
yapanı	3.51
yapmazlar	3.51
yapısından	3.51
yapıyorlardı	3.51
yaranın	3.51
yararlanan	3.51
yarattığını	3.51
yaratıkları	3.51
yardımcınız	3.51
yazarlarının	3.51
yağda	3.51
yağışlar	3.51
yaşayacaksın	3.51
yaşayacaksınız	3.51
yaşayalım	3.51
yetişkinlerin	3.51
yezid	3.51
yeşilköy	3.51
yiyeceği	3.51
yollu	3.51
yuki	3.51
yönlendirmek	3.51
yöresinde	3.51
yükselecek	3.51
yükselişini	3.51
yürekleri	3.51
yürütüyor	3.51
yıktı	3.51
zamanlarını	3.51
zihniyeti	3.51
çamlık	3.51
çatışmaları	3.51
çekilmeye	3.51
çev	3.51
çevirdiği	3.51
çeşididir	3.51
çeşmesi	3.51
çizgiye	3.51
çocuklarınıza	3.51
çözmüş	3.51
çıkarı	3.51
çıkarılabilir	3.51
çıkışına	3.51
ödemeler	3.51
ödüm	3.51
öldüğüne	3.51
öpücüğü	3.51
öyleydi	3.51
ülkelerindeki	3.51
üniversitedeki	3.51
üstlenmiş	3.51
ıran	3.51
ışıkla	3.51
şarkılardan	3.51
şekerler	3.51
şeyiyle	3.51
şiirlerin	3.51
şirinevler	3.51
şoförün	3.51
şubeleri	3.51
şule	3.51
abimin	3.5
aceleci	3.5
acınası	3.5
add	3.5
affedersiniz	3.5
affetmeyeceğim	3.5
afiyetle	3.5
akreditasyon	3.5
aksak	3.5
aldığına	3.5
aldığından	3.5
alışmış	3.5
anlatmıştı	3.5
anlayışıyla	3.5
anlaşarak	3.5
anlaşmasına	3.5
anneciğim	3.5
aral	3.5
aramalar	3.5
aramda	3.5
arkadaşlığı	3.5
arkanızda	3.5
arşivleri	3.5
askerlerden	3.5
askıda	3.5
ast	3.5
atasözü	3.5
atlara	3.5
atmayın	3.5
attığınız	3.5
atölyesinde	3.5
ayetleri	3.5
ayrık	3.5
ayırdığı	3.5
azdı	3.5
açtın	3.5
açılarak	3.5
açığını	3.5
ağası	3.5
ağlayıp	3.5
ağızlı	3.5
aı	3.5
bahsettiğiniz	3.5
bakin	3.5
bakir	3.5
balkondan	3.5
battalgazi	3.5
bayanlarla	3.5
bağırma	3.5
başarmıştı	3.5
başlamasından	3.5
başlarız	3.5
başlasam	3.5
başlayabilirsiniz	3.5
beklesin	3.5
belarus	3.5
belgelerle	3.5
belirlendiği	3.5
beyaza	3.5
bilinmemektedir	3.5
biliyorsan	3.5
bizlerden	3.5
borsada	3.5
boss	3.5
buck	3.5
bugünde	3.5
buldan	3.5
bulduğun	3.5
bulduğunda	3.5
bulmanız	3.5
buluşacağız	3.5
burnunda	3.5
bursalı	3.5
byron	3.5
bölümlerine	3.5
büyümeyi	3.5
canla	3.5
canli	3.5
canon	3.5
canından	3.5
dalaman	3.5
daldı	3.5
davranışlarının	3.5
davranışını	3.5
dediğinizi	3.5
delici	3.5
demokratikleşme	3.5
deyimi	3.5
dikilmiş	3.5
dilediği	3.5
dimitri	3.5
dinci	3.5
dinlenmeye	3.5
donuk	3.5
doğadaki	3.5
doğduğunda	3.5
durağında	3.5
duruşunu	3.5
duvarlarına	3.5
duygularının	3.5
duyulacak	3.5
duyun	3.5
dönmüştü	3.5
dönmüştür	3.5
dönüştürdü	3.5
dönüşünde	3.5
dördüncüsü	3.5
dövmek	3.5
düşkünü	3.5
düşündükçe	3.5
edildiler	3.5
education	3.5
efektleri	3.5
ekimde	3.5
ekranında	3.5
elastik	3.5
elbistan	3.5
eleştiriye	3.5
elimin	3.5
ellie	3.5
elması	3.5
elçin	3.5
endüstrisinde	3.5
entegrasyonu	3.5
esasları	3.5
esentepe	3.5
esere	3.5
esther	3.5
etseniz	3.5
ettiğinizi	3.5
europe	3.5
evlendiği	3.5
eğleniyorum	3.5
eşik	3.5
fakültesinden	3.5
figürleri	3.5
filmlerine	3.5
fırtınalı	3.5
gar	3.5
garı	3.5
geldiğinizde	3.5
gelişigüzel	3.5
gemisinde	3.5
geni	3.5
gerektiğinin	3.5
geçirilir	3.5
geçirmenizi	3.5
giriyorlar	3.5
gitmeniz	3.5
gong	3.5
grubundaki	3.5
gönderebilir	3.5
gönderelim	3.5
gönderilecek	3.5
görevlerin	3.5
görmemek	3.5
görmemiştim	3.5
göçmenlik	3.5
gücünüzü	3.5
gülle	3.5
günahtır	3.5
günlerinden	3.5
gürsoy	3.5
güzelini	3.5
güzide	3.5
güçlendirir	3.5
hack	3.5
hamidiye	3.5
hamzaoğlu	3.5
harikulade	3.5
hassiktir	3.5
hastamız	3.5
hattından	3.5
hatırlatayım	3.5
hazırlıksız	3.5
helâl	3.5
henderson	3.5
herifin	3.5
heykelin	3.5
himmet	3.5
hyde	3.5
hücrelerini	3.5
ifadeye	3.5
ihtiyaçlarına	3.5
ikaz	3.5
ilelebet	3.5
ilerisinde	3.5
ilişkilerine	3.5
ilişkilidir	3.5
illaki	3.5
imajını	3.5
inançlar	3.5
inceledim	3.5
ipuçlarını	3.5
irtifa	3.5
islamın	3.5
istasyonda	3.5
istemezler	3.5
iyiyse	3.5
iznini	3.5
işletmelerin	3.5
jensen	3.5
julien	3.5
kabı	3.5
kadrosunun	3.5
kaldırımda	3.5
kalmaları	3.5
kandaki	3.5
kanıyla	3.5
kapanacak	3.5
kapattılar	3.5
karbonhidrat	3.5
karşıdaki	3.5
karşılaşmaları	3.5
katları	3.5
kattığı	3.5
kavramların	3.5
kayahan	3.5
kaydet	3.5
kazandırdığı	3.5
kediye	3.5
kesilip	3.5
kimliğine	3.5
kitabımı	3.5
kitapla	3.5
kitaplığı	3.5
klas	3.5
kokuları	3.5
kolun	3.5
konserin	3.5
konserine	3.5
korkacak	3.5
korkaklar	3.5
korkuları	3.5
korunmasına	3.5
korunmaya	3.5
koyuncu	3.5
kriteri	3.5
kullanacağım	3.5
kullanımlık	3.5
kullanımıyla	3.5
kullanırız	3.5
kulun	3.5
kurala	3.5
kurdun	3.5
kurgusu	3.5
kurtardık	3.5
kurulumu	3.5
kuvvete	3.5
kuvvetlerini	3.5
köründe	3.5
köyündeki	3.5
kırtasiye	3.5
kıyamete	3.5
kıyma	3.5
kızıltepe	3.5
limanına	3.5
lydia	3.5
mahrem	3.5
mak	3.5
malzemelerden	3.5
matrix	3.5
mağazaya	3.5
medet	3.5
mektupla	3.5
mensuplarına	3.5
mera	3.5
mermisi	3.5
metinde	3.5
mideye	3.5
milliyetçileri	3.5
mode	3.5
mumu	3.5
mükemmeldi	3.5
mümtaz	3.5
müşavirliği	3.5
nabzını	3.5
nefsin	3.5
nüfusuna	3.5
odunpazarı	3.5
ofise	3.5
olacaklarını	3.5
olamayacağı	3.5
olanla	3.5
ole	3.5
olmamasıdır	3.5
olmuşsa	3.5
onaylanan	3.5
onkoloji	3.5
oranlarında	3.5
ortamdaki	3.5
oynamıştır	3.5
oynanıyor	3.5
oynuyordu	3.5
pancar	3.5
parkinson	3.5
patlamalar	3.5
patronlar	3.5
pazarları	3.5
pencereye	3.5
perdeye	3.5
personele	3.5
peşe	3.5
pistte	3.5
politikalarının	3.5
pompası	3.5
portresi	3.5
potansiyelini	3.5
profesyonelce	3.5
projelerin	3.5
puanını	3.5
puzzle	3.5
quaresma	3.5
restoranın	3.5
revizyon	3.5
rezervi	3.5
richards	3.5
ronnie	3.5
sabırsızlanıyorum	3.5
sadrazam	3.5
saklamaya	3.5
salam	3.5
salağı	3.5
saldırır	3.5
saldırıyla	3.5
samimiyetle	3.5
santralleri	3.5
savaşla	3.5
savunduğu	3.5
savunmada	3.5
sayemde	3.5
sayfasından	3.5
sayılarını	3.5
sergilendiği	3.5
serisine	3.5
sevil	3.5
seyirciye	3.5
seyri	3.5
seçerken	3.5
seçimine	3.5
sharp	3.5
simetrik	3.5
sinyallerini	3.5
sokağında	3.5
songül	3.5
square	3.5
standartlarını	3.5
sunucular	3.5
suratını	3.5
suyundan	3.5
sözle	3.5
sünneti	3.5
sürdüm	3.5
sürücünün	3.5
sürümünde	3.5
sıkılan	3.5
sıkışan	3.5
tabut	3.5
taksici	3.5
takıntılı	3.5
tang	3.5
tanımadan	3.5
tanımış	3.5
tarifini	3.5
tasarımına	3.5
tavla	3.5
taşınmak	3.5
tecavüzcü	3.5
tech	3.5
temini	3.5
teorisini	3.5
testin	3.5
teyzesi	3.5
tezini	3.5
tişörtü	3.5
toplamayı	3.5
toplantıyı	3.5
topluluğa	3.5
toprakla	3.5
turizme	3.5
tutarsız	3.5
tutarım	3.5
tuttuğun	3.5
unun	3.5
uranyum	3.5
uygulayarak	3.5
uyguluyor	3.5
uymuyor	3.5
uyuşmazlık	3.5
uçarken	3.5
uçma	3.5
uğursuz	3.5
vakalar	3.5
varlığında	3.5
varmadan	3.5
vektör	3.5
veliler	3.5
verilirse	3.5
verisi	3.5
vermemesi	3.5
virgül	3.5
warner	3.5
willow	3.5
wing	3.5
xavier	3.5
xxx	3.5
yakınım	3.5
yalnızsın	3.5
yangına	3.5
yapabileceğimiz	3.5
yapiyor	3.5
yapmayacağım	3.5
yaprakların	3.5
yapsana	3.5
yaptırılmıştır	3.5
yaptıysam	3.5
yaptığımda	3.5
yapılarda	3.5
yarışıyor	3.5
yatağımda	3.5
yayılmaya	3.5
yayınlarını	3.5
yazıların	3.5
yediler	3.5
yekta	3.5
yeteneğinin	3.5
yetişiyor	3.5
yetiştirmeye	3.5
yetmezmiş	3.5
yin	3.5
yoldaki	3.5
yönetimleri	3.5
yönetmelik	3.5
yörünge	3.5
yüklemek	3.5
yükseğe	3.5
yüzmek	3.5
zekat	3.5
zülfü	3.5
çabasına	3.5
çalışsa	3.5
çalışılıyor	3.5
çatlaklar	3.5
çekicidir	3.5
çektirmek	3.5
çeteleri	3.5
çiftlerin	3.5
çini	3.5
çökme	3.5
çıkaracağız	3.5
çıkmaza	3.5
ölsün	3.5
ölümsüzlük	3.5
öğrencilerden	3.5
öğreniyoruz	3.5
üzerimizde	3.5
şarjı	3.5
şüpheye	3.5
abinin	3.49
adim	3.49
adımlarını	3.49
aka	3.49
alamet	3.49
aleyna	3.49
alm	3.49
almadığını	3.49
almama	3.49
alıcılar	3.49
amı	3.49
anlatsam	3.49
anıların	3.49
anıyorum	3.49
araban	3.49
arac	3.49
arayışına	3.49
araçlarına	3.49
arkadaşınızın	3.49
artırmaya	3.49
artırılması	3.49
arçelik	3.49
askerlerine	3.49
atıyordu	3.49
ayarlı	3.49
ayağınıza	3.49
ayrılmıştı	3.49
açıldığını	3.49
açılma	3.49
ağlayacak	3.49
ağın	3.49
aşkının	3.49
baca	3.49
bahsettiğimiz	3.49
baktığımızda	3.49
bando	3.49
bankaların	3.49
barlar	3.49
barton	3.49
basıncını	3.49
batu	3.49
bağırır	3.49
başlamışlar	3.49
başlayanlar	3.49
başvuruda	3.49
bedirhan	3.49
bekliyorduk	3.49
beline	3.49
bengü	3.49
benzediğini	3.49
besmele	3.49
beykent	3.49
bildin	3.49
bilirdi	3.49
bilirkişi	3.49
binlik	3.49
biriydim	3.49
bist	3.49
bitirelim	3.49
biçilemez	3.49
bombalama	3.49
bono	3.49
borcumuz	3.49
borçluyum	3.49
boyanmış	3.49
boynundan	3.49
boyutlarında	3.49
bozmuş	3.49
bozulmamış	3.49
brett	3.49
brooke	3.49
broşür	3.49
buharlı	3.49
bulacaksın	3.49
bulamayınca	3.49
bulanıyor	3.49
bunla	3.49
burdayız	3.49
burnuma	3.49
buzdolabının	3.49
bölgelerindeki	3.49
büyürken	3.49
bırakmayacağız	3.49
bıraksın	3.49
bıraktıkları	3.49
cabası	3.49
captain	3.49
cb	3.49
celtic	3.49
cr	3.49
dalton	3.49
dara	3.49
darbelere	3.49
davacı	3.49
davranıyorum	3.49
davranışsal	3.49
delikten	3.49
demektedir	3.49
demirin	3.49
derslerden	3.49
dertli	3.49
değerdi	3.49
değişimini	3.49
dilediğini	3.49
dillerin	3.49
dinlediğim	3.49
dinlemez	3.49
dizaynı	3.49
dolanan	3.49
dosyaların	3.49
download	3.49
doyasıya	3.49
drenaj	3.49
driver	3.49
durmaksızın	3.49
durumunuz	3.49
duyuldu	3.49
dönebilir	3.49
dönüştüğü	3.49
dönüştüğünü	3.49
düpedüz	3.49
düşmanlarının	3.49
düşünüyorsan	3.49
düşürülmesi	3.49
edebiliyorum	3.49
edeceğimiz	3.49
edeceğiniz	3.49
edemiyoruz	3.49
edildiğine	3.49
ekinci	3.49
ekipte	3.49
elimiz	3.49
eliniz	3.49
endeks	3.49
era	3.49
ermenilere	3.49
ersun	3.49
eskilere	3.49
etiği	3.49
etkilendiğini	3.49
etmesidir	3.49
etmeyip	3.49
evelyn	3.49
evlerden	3.49
evraklar	3.49
evrimsel	3.49
exo	3.49
ezilmiş	3.49
eğleniyoruz	3.49
faaliyetlerinde	3.49
fabrikasının	3.49
falı	3.49
fars	3.49
fatıma	3.49
fazlı	3.49
ferguson	3.49
filtresi	3.49
fin	3.49
find	3.49
fok	3.49
folklor	3.49
frances	3.49
fritz	3.49
geldiğiniz	3.49
geliştirmeyi	3.49
geliştiği	3.49
gemilerini	3.49
gencim	3.49
gençliğini	3.49
gerginliği	3.49
gerilimin	3.49
gerçekleştirildiği	3.49
getirilmesini	3.49
geçişini	3.49
geçmişinde	3.49
ghz	3.49
gidersiniz	3.49
gina	3.49
giovanni	3.49
girls	3.49
girmenin	3.49
gitmen	3.49
gk	3.49
grubumuz	3.49
grubuyla	3.49
gönderecek	3.49
görebilecek	3.49
göremeyecek	3.49
görevlere	3.49
görmemiz	3.49
görülebilen	3.49
gösterilmiş	3.49
güllü	3.49
günahlarını	3.49
günlükleri	3.49
güreşçi	3.49
güvenlidir	3.49
güvenmem	3.49
güvenç	3.49
güverte	3.49
gıdalar	3.49
haberlerine	3.49
halay	3.49
hamuru	3.49
hanife	3.49
hannover	3.49
hara	3.49
harfini	3.49
hastalarının	3.49
havasına	3.49
hesaplanması	3.49
hesapların	3.49
hiper	3.49
hisselerini	3.49
husus	3.49
hücrelere	3.49
hükümetler	3.49
hükümler	3.49
idareci	3.49
ifadesiyle	3.49
ihtilal	3.49
ikiniz	3.49
ilden	3.49
ilkin	3.49
imralı	3.49
imzayı	3.49
incirli	3.49
insanlarin	3.49
ipleri	3.49
istesen	3.49
itilaf	3.49
iyileştirilmesi	3.49
iyot	3.49
izledikten	3.49
içinize	3.49
işveren	3.49
jeotermal	3.49
kadındı	3.49
kalayım	3.49
kaldırılmasını	3.49
kalemler	3.49
kalkışma	3.49
kalmıştım	3.49
kalpsiz	3.49
kamerada	3.49
kamyonun	3.49
kanaldan	3.49
kandırdı	3.49
kandırmak	3.49
kanunların	3.49
kaosa	3.49
kapsama	3.49
kapsıyor	3.49
kararlaştırıldı	3.49
kavşak	3.49
kaybettiğin	3.49
kazılarda	3.49
kaçırıldı	3.49
kağıttan	3.49
kei	3.49
kenarından	3.49
kentlerde	3.49
kestiği	3.49
kgb	3.49
kontenjanı	3.49
kontroller	3.49
korgeneral	3.49
kullanmadım	3.49
kullanmakta	3.49
kullanmaları	3.49
kumandanı	3.49
kupada	3.49
kurtulduk	3.49
kurtulması	3.49
kurularak	3.49
kurulduğunu	3.49
kârlı	3.49
kürsü	3.49
kırpmadan	3.49
kızdım	3.49
kıç	3.49
kışa	3.49
lama	3.49
leopar	3.49
lineer	3.49
lüzumsuz	3.49
maddelerinin	3.49
magnus	3.49
mantığa	3.49
maratonu	3.49
martinez	3.49
mate	3.49
maydanoz	3.49
meali	3.49
meclisteki	3.49
mektubunda	3.49
memleketine	3.49
metabolizma	3.49
metreküp	3.49
mezarda	3.49
mikrofonu	3.49
miktarına	3.49
milis	3.49
militanları	3.49
mke	3.49
montana	3.49
moss	3.49
mount	3.49
muhalifleri	3.49
mutasyon	3.49
mülki	3.49
müracaat	3.49
nee	3.49
nesile	3.49
niyetimiz	3.49
numarasına	3.49
okmeydanı	3.49
oksijeni	3.49
oksit	3.49
olabilirdik	3.49
olanlarda	3.49
olasılıkları	3.49
oluşunu	3.49
ons	3.49
oranlarda	3.49
organların	3.49
oslo	3.49
oydu	3.49
oynamaktan	3.49
oğlumuz	3.49
panoramik	3.49
paralarla	3.49
parasına	3.49
parmakla	3.49
parmaklar	3.49
paylaştığım	3.49
paça	3.49
performansla	3.49
peterson	3.49
peşindeyiz	3.49
pistinde	3.49
piyasasında	3.49
piyon	3.49
projemiz	3.49
raporun	3.49
rasûlullah	3.49
regl	3.49
reklamcılık	3.49
renklerine	3.49
rossi	3.49
rüstem	3.49
sakince	3.49
salonunun	3.49
sani	3.49
satmayı	3.49
satıcıları	3.49
satıyorlar	3.49
sayfamız	3.49
saygılarımı	3.49
sayıp	3.49
saçmalığı	3.49
sağlıkla	3.49
seksin	3.49
sensörler	3.49
sevdiğinizi	3.49
sevgilerimle	3.49
sevgiliniz	3.49
sevmedin	3.49
sikimde	3.49
siktiğim	3.49
siren	3.49
sitedeki	3.49
sofistike	3.49
sondan	3.49
sonuçlanır	3.49
sorulur	3.49
sporcuların	3.49
stanford	3.49
sulak	3.49
sunmuştur	3.49
suratlı	3.49
söylediğinde	3.49
sözcüğün	3.49
süreceğini	3.49
süresinde	3.49
sınıfını	3.49
tabanını	3.49
takviyesi	3.49
takılmak	3.49
takımlarına	3.49
tamda	3.49
tansiyonu	3.49
tanımıyoruz	3.49
tanırsın	3.49
tanıtılan	3.49
tarayıcısı	3.49
tarife	3.49
tav	3.49
tavrını	3.49
tavırlar	3.49
taşlardan	3.49
telefonlarını	3.49
temizleyip	3.49
teras	3.49
teslimiyet	3.49
then	3.49
titanic	3.49
tokuş	3.49
too	3.49
topladık	3.49
toroslar	3.49
tsunami	3.49
turlar	3.49
tutalım	3.49
tutamıyorum	3.49
tutularak	3.49
tuşa	3.49
tüccarı	3.49
tünelin	3.49
türklerde	3.49
türkçeyi	3.49
türkçülük	3.49
türündeki	3.49
unsurların	3.49
unuttuğum	3.49
use	3.49
uyduruk	3.49
uyup	3.49
uzanmış	3.49
uzatıp	3.49
uzundur	3.49
uçmayı	3.49
uğraştı	3.49
uğurda	3.49
vade	3.49
vakte	3.49
vazgeçilmezi	3.49
vermiyorsun	3.49
versek	3.49
vişne	3.49
vurgulamak	3.49
xl	3.49
yanmaya	3.49
yanımdaki	3.49
yanındayken	3.49
yapamazlar	3.49
yapmacık	3.49
yaptırır	3.49
yapılarının	3.49
yapıldıktan	3.49
yapış	3.49
yaradığını	3.49
yaratıp	3.49
yarrak	3.49
yarık	3.49
yarıştı	3.49
yatağının	3.49
yaygara	3.49
yayınlanmaya	3.49
yazarsın	3.49
yaşayamaz	3.49
yemekle	3.49
yemeklerin	3.49
yenip	3.49
yerdedir	3.49
yoklar	3.49
yorma	3.49
yumurtalarını	3.49
yuvasına	3.49
yönetmeliği	3.49
yükleyin	3.49
yükselmek	3.49
yürüdük	3.49
yürürlükten	3.49
yüzücü	3.49
yüzüncü	3.49
zararlar	3.49
zekai	3.49
zorlar	3.49
çaktırmadan	3.49
çalık	3.49
çalışmayan	3.49
çalışmıştı	3.49
çalışılır	3.49
çamurlu	3.49
çantayı	3.49
çağırma	3.49
çekersin	3.49
çekingen	3.49
çektikleri	3.49
çeteler	3.49
çocuklarımın	3.49
çocukluğumdan	3.49
çocuğundan	3.49
çubukları	3.49
çölü	3.49
çıkmalı	3.49
çıkmamız	3.49
çıkmasının	3.49
çığlığı	3.49
ödeyip	3.49
ödüyorum	3.49
ödüyoruz	3.49
öldüler	3.49
öldürdükten	3.49
öldürmez	3.49
ölçümler	3.49
ölünün	3.49
örgüsü	3.49
ört	3.49
öylemi	3.49
öğrettiği	3.49
üniv	3.49
üniversitelerinde	3.49
üsteğmen	3.49
üyenin	3.49
ına	3.49
ındiana	3.49
şad	3.49
ablamın	3.48
affeder	3.48
airport	3.48
akademisyenlerin	3.48
aktarmak	3.48
akçakoca	3.48
akıbeti	3.48
akımın	3.48
akıntısı	3.48
alarma	3.48
alaçatı	3.48
aletlerin	3.48
alçakça	3.48
amaçlarına	3.48
amonyak	3.48
anahtarlar	3.48
anlamıştım	3.48
anlattılar	3.48
anlayacağınız	3.48
anlaşmadan	3.48
anlaşmasının	3.48
anlıyorsunuz	3.48
apartmanı	3.48
arabasıyla	3.48
aramış	3.48
arayınız	3.48
arısı	3.48
asan	3.48
asidi	3.48
asimetrik	3.48
askerliğini	3.48
asırlar	3.48
ates	3.48
ato	3.48
ayetler	3.48
aylak	3.48
ayrılmasını	3.48
ayrımcılığa	3.48
ayırdım	3.48
ayırıcı	3.48
azaltmaya	3.48
açmıştı	3.48
açtığım	3.48
ağabeyim	3.48
ağırlaştırılmış	3.48
bahri	3.48
bakanların	3.48
bakışlarını	3.48
bardağın	3.48
batur	3.48
bauer	3.48
başbuğ	3.48
başkanlığının	3.48
başkanımıza	3.48
başkentte	3.48
bedenimi	3.48
belgelerde	3.48
belçikalı	3.48
bipolar	3.48
birlikteyken	3.48
birsen	3.48
bitip	3.48
bizce	3.48
booth	3.48
bozulmaya	3.48
bozüyük	3.48
boşluğuna	3.48
boşu	3.48
bugünlere	3.48
bulacağım	3.48
bulamamış	3.48
bulunuldu	3.48
bölen	3.48
bırakabilir	3.48
bırakmamak	3.48
cal	3.48
cankurtaran	3.48
cbs	3.48
cebrail	3.48
cemre	3.48
chloe	3.48
cihazını	3.48
counter	3.48
creed	3.48
cska	3.48
cumhurbaşkanlığına	3.48
cunta	3.48
dalından	3.48
dam	3.48
darüşşafaka	3.48
dayanacak	3.48
dayanma	3.48
dayanıklıdır	3.48
dağıtma	3.48
dedektiflik	3.48
demokrasisi	3.48
denedik	3.48
denemelisiniz	3.48
deneyimlerini	3.48
dergisine	3.48
devon	3.48
değerlendiriyor	3.48
değişikliğinin	3.48
diaz	3.48
dibinden	3.48
dibini	3.48
dikmek	3.48
dino	3.48
disipline	3.48
diyafram	3.48
diyenlerin	3.48
dokunmadan	3.48
dokunuş	3.48
domino	3.48
dondu	3.48
dostlarının	3.48
doğmuşum	3.48
doğumda	3.48
dudakların	3.48
durumlarında	3.48
duymasın	3.48
duyurmaya	3.48
duâ	3.48
döneceğini	3.48
düşünüldüğünde	3.48
düşünülmüş	3.48
düşüyorum	3.48
eduardo	3.48
elbisenin	3.48
elebaşı	3.48
emaneti	3.48
emirlerine	3.48
erener	3.48
erkekte	3.48
erzurumspor	3.48
eserinin	3.48
esprili	3.48
est	3.48
estonya	3.48
etkinliklerine	3.48
etmemiştim	3.48
etmeni	3.48
etmiyorsunuz	3.48
etsene	3.48
evlendim	3.48
eylemlerine	3.48
eylülde	3.48
eğitimler	3.48
feryat	3.48
fikstür	3.48
filipinler	3.48
financial	3.48
formlar	3.48
fotoğraflarına	3.48
french	3.48
fury	3.48
futbolla	3.48
garantiye	3.48
gelirli	3.48
gelirsiniz	3.48
gelişmesinde	3.48
gencecik	3.48
genişleyen	3.48
gerekliliği	3.48
gerilme	3.48
gerçekleşmesini	3.48
gerçekleştirmiştir	3.48
gezisine	3.48
geçirmeniz	3.48
geçiyorsunuz	3.48
geçmeli	3.48
giriyorsun	3.48
girmekten	3.48
gitmediği	3.48
gonca	3.48
gramer	3.48
göbeğinde	3.48
gömülmüş	3.48
göndermeyi	3.48
görebileceğiniz	3.48
görmüyoruz	3.48
görseli	3.48
görüşen	3.48
görüşlerine	3.48
görüşmede	3.48
gösterisini	3.48
götünden	3.48
götürmeye	3.48
gözümden	3.48
gülden	3.48
gülmeyi	3.48
gülümsedi	3.48
günahlar	3.48
güneydeki	3.48
güneyi	3.48
gününüzü	3.48
güvenilirlik	3.48
haklıymış	3.48
halkçı	3.48
hana	3.48
harikasınız	3.48
havalara	3.48
havzası	3.48
hayırlara	3.48
hazret	3.48
hediyelik	3.48
heidi	3.48
helikopterle	3.48
hissediyorsunuz	3.48
hissettirecek	3.48
hobbit	3.48
hocalı	3.48
hocaya	3.48
hoşlandığı	3.48
hukukunda	3.48
hırsızları	3.48
hızları	3.48
idaresinin	3.48
idarî	3.48
ilanları	3.48
ilkadım	3.48
ilkbaharda	3.48
ilçemiz	3.48
imzalayan	3.48
inançlarını	3.48
ipekçi	3.48
istem	3.48
istemiyorsa	3.48
izleyicilerin	3.48
içerisi	3.48
içeriğinin	3.48
içinizi	3.48
işlemidir	3.48
kaburga	3.48
kadrosuyla	3.48
kadroyla	3.48
kafein	3.48
kah	3.48
kahrolası	3.48
kalb	3.48
kalesini	3.48
kalktığında	3.48
kalıyorsun	3.48
kampanyayı	3.48
kanatlarını	3.48
kandemir	3.48
kant	3.48
kapan	3.48
kapatmayı	3.48
kapatılmasına	3.48
karayolunun	3.48
kardesim	3.48
kasetleri	3.48
kasvetli	3.48
katillerin	3.48
katılımını	3.48
kavramdır	3.48
kazanabilir	3.48
kazandınız	3.48
kağıtlar	3.48
kerbela	3.48
keyfin	3.48
kiliseyi	3.48
kitlesine	3.48
klibinde	3.48
klibini	3.48
kocanın	3.48
kodlarını	3.48
kolaylaştıran	3.48
kon	3.48
konfederasyon	3.48
konuşulduğu	3.48
kop	3.48
koreografi	3.48
korkuyorsun	3.48
korumaları	3.48
koyarlar	3.48
koyması	3.48
kristen	3.48
kriterler	3.48
kurtardığı	3.48
kurtoğlu	3.48
köylerin	3.48
külleri	3.48
küçükbaş	3.48
kı	3.48
kılıcını	3.48
kızda	3.48
lambaları	3.48
leigh	3.48
liderlerinden	3.48
liz	3.48
luca	3.48
makara	3.48
materyalleri	3.48
mayısta	3.48
mağazalar	3.48
mağusa	3.48
medyasında	3.48
memduh	3.48
menteşe	3.48
merhameti	3.48
meydanına	3.48
mississippi	3.48
miz	3.48
modellerde	3.48
mrb	3.48
myers	3.48
müşterilerine	3.48
nadia	3.48
namazının	3.48
nana	3.48
nasreddin	3.48
nedendir	3.48
nefesin	3.48
nefretle	3.48
niteliğini	3.48
notre	3.48
odalarda	3.48
okumam	3.48
okumasını	3.48
olmuşum	3.48
oluşturmayı	3.48
operasyonla	3.48
operasyonlarını	3.48
orkide	3.48
orlando	3.48
otoban	3.48
outlook	3.48
oğullarının	3.48
panorama	3.48
papazı	3.48
parametre	3.48
paylaşacağız	3.48
perspektif	3.48
piper	3.48
plaket	3.48
platformlar	3.48
prize	3.48
rahibi	3.48
ramiz	3.48
randall	3.48
refleks	3.48
reklamlarda	3.48
retina	3.48
rh	3.48
robbins	3.48
rüyaların	3.48
sabahlar	3.48
sabote	3.48
sabrı	3.48
saldırmış	3.48
saldırılarında	3.48
sarsıntı	3.48
sartre	3.48
saul	3.48
sayıyorum	3.48
sebeb	3.48
seferini	3.48
sertlik	3.48
seslendiren	3.48
sesleniyor	3.48
setleri	3.48
sevindirici	3.48
seviyelerde	3.48
seyrettim	3.48
seçildiği	3.48
seçtiler	3.48
sigortalı	3.48
sikimi	3.48
siri	3.48
sokaklardan	3.48
sokarak	3.48
sokarım	3.48
sopayla	3.48
sorarsan	3.48
sormadı	3.48
soruldu	3.48
sosyolog	3.48
sound	3.48
sri	3.48
stream	3.48
stüdyosu	3.48
sunarak	3.48
sunulmuş	3.48
sömürü	3.48
sönük	3.48
sürülür	3.48
sıkıştı	3.48
sızmış	3.48
takvimine	3.48
talha	3.48
tamamladım	3.48
tamamlamıştır	3.48
tanpınar	3.48
tanrıkulu	3.48
tempolu	3.48
tepeler	3.48
tesislerini	3.48
tesiste	3.48
testini	3.48
tezgahı	3.48
titan	3.48
tobias	3.48
tonunu	3.48
torbası	3.48
torku	3.48
trafiğini	3.48
transferleri	3.48
tulum	3.48
tutsun	3.48
tuzağına	3.48
tı	3.48
ulaşmanın	3.48
utanmadan	3.48
uygulamadan	3.48
uyumayı	3.48
uzaklaşma	3.48
vadinin	3.48
vampirler	3.48
veriyorsa	3.48
vermesin	3.48
vito	3.48
vu	3.48
wanda	3.48
wild	3.48
yaklaşıp	3.48
yakmış	3.48
yanayım	3.48
yangınlar	3.48
yanısıra	3.48
yarattık	3.48
yardımcın	3.48
yasinda	3.48
yataklık	3.48
yaydığı	3.48
yaylı	3.48
yayınlamış	3.48
yayınını	3.48
yazılıp	3.48
yazıyla	3.48
yengem	3.48
yenilir	3.48
yerdeyim	3.48
yet	3.48
yetkiler	3.48
yiyebilir	3.48
yiyorsun	3.48
yolladım	3.48
yorumcusu	3.48
yorumlama	3.48
yoğunluğunu	3.48
yükledim	3.48
yüreğin	3.48
zaferler	3.48
zannetmiyorum	3.48
zeyd	3.48
zorlanan	3.48
zorlayıcı	3.48
zorunluluk	3.48
âl	3.48
çakıcı	3.48
çalışıldı	3.48
çantasını	3.48
çarpışması	3.48
çaylar	3.48
çağırıyoruz	3.48
çekçe	3.48
çiftleşme	3.48
çiftçinin	3.48
çiller	3.48
çizerek	3.48
çiğli	3.48
çözen	3.48
çözülmüş	3.48
çıkardınız	3.48
çıkmasından	3.48
çılgına	3.48
ödedik	3.48
ölçülü	3.48
öneriyor	3.48
öven	3.48
özelliğidir	3.48
özgürlüğünün	3.48
ürüne	3.48
ürünlerinde	3.48
ütopya	3.48
üyeliğinden	3.48
üçlüsü	3.48
ırkının	3.48
ısıya	3.48
şanlıurfaspor	3.48
şehid	3.48
şeklinin	3.48
şerife	3.48
şiirle	3.48
şikayette	3.48
şuradan	3.48
şölen	3.48
α	3.48
adaletsiz	3.47
adriana	3.47
ahu	3.47
ahıska	3.47
akbulut	3.47
aktüel	3.47
alacakaranlık	3.47
alacaktı	3.47
alfredo	3.47
alican	3.47
almalarına	3.47
analizini	3.47
ananı	3.47
angry	3.47
anlamındadır	3.47
anlatmaktadır	3.47
anlaşalım	3.47
arabuluculuk	3.47
aracında	3.47
aracıyla	3.47
aranır	3.47
araştırdık	3.47
archie	3.47
arkadaşlarımızın	3.47
arkadaşlarınızı	3.47
asitleri	3.47
atacaksın	3.47
atalarının	3.47
atamalar	3.47
atmaktan	3.47
atmosferde	3.47
atıl	3.47
ayrılmasına	3.47
ayındaki	3.47
ayıracak	3.47
azaldığı	3.47
azalmaya	3.47
açmaktadır	3.47
açıkken	3.47
açılı	3.47
ağaçlarının	3.47
ağustosta	3.47
ağırlığının	3.47
aşağısında	3.47
bahaneler	3.47
bahset	3.47
baktılar	3.47
balonu	3.47
balıklı	3.47
bankacı	3.47
basittir	3.47
bağlayarak	3.47
bağın	3.47
başlamışlardır	3.47
başvuran	3.47
bedende	3.47
beklemeyi	3.47
belirlemeye	3.47
benin	3.47
benım	3.47
besyo	3.47
biga	3.47
binalarda	3.47
bizimdir	3.47
bozulmasına	3.47
brunson	3.47
bulunduğundan	3.47
böceklerin	3.47
bölümdeki	3.47
büyümesine	3.47
camiyi	3.47
cemaate	3.47
cent	3.47
cenâb	3.47
cesare	3.47
cev	3.47
ceylanpınar	3.47
cezanın	3.47
cherry	3.47
cildin	3.47
civciv	3.47
clayton	3.47
dalmak	3.47
dalına	3.47
damarlar	3.47
daralıyor	3.47
daryl	3.47
davranışın	3.47
dayanamadı	3.47
dağcılık	3.47
defnedildi	3.47
degildi	3.47
delicesine	3.47
demiştiniz	3.47
deneyimler	3.47
denise	3.47
denver	3.47
dersek	3.47
değerde	3.47
değiştirmeden	3.47
dgs	3.47
dilimizi	3.47
disari	3.47
diğerinde	3.47
dişini	3.47
doktorlara	3.47
dot	3.47
durakta	3.47
duramaz	3.47
durmaktadır	3.47
duygularınızı	3.47
döndüğümde	3.47
dönüştürür	3.47
düzenlemektedir	3.47
edebiyatçı	3.47
edemeyeceği	3.47
edenlerden	3.47
ederlerse	3.47
edilmesidir	3.47
edilmeyecek	3.47
edilsin	3.47
edindi	3.47
edinilen	3.47
elbiseli	3.47
elektrikle	3.47
elektrikler	3.47
elenen	3.47
elite	3.47
emile	3.47
engelsiz	3.47
enterprise	3.47
envanter	3.47
epilepsi	3.47
erdek	3.47
erdinç	3.47
erdiğinde	3.47
erkeksin	3.47
ernesto	3.47
esenboğa	3.47
esirgemeyen	3.47
espresso	3.47
etkilendim	3.47
etmeyecektir	3.47
evvela	3.47
eğil	3.47
eğilimleri	3.47
eğitilmiş	3.47
faith	3.47
faktörlerin	3.47
fantezileri	3.47
farkımız	3.47
faslı	3.47
faşizme	3.47
federasyonun	3.47
felci	3.47
festivale	3.47
fransızların	3.47
freddy	3.47
fuller	3.47
futbolculara	3.47
gam	3.47
geleneğini	3.47
gelmemişti	3.47
gelsem	3.47
gencebay	3.47
geçmişim	3.47
ghost	3.47
gibilerin	3.47
gireyim	3.47
gizliliği	3.47
guido	3.47
guru	3.47
göndere	3.47
gönderilmiştir	3.47
görenlerin	3.47
görmediğini	3.47
görmeyecek	3.47
görülebilecek	3.47
gözlüğünü	3.47
göğsü	3.47
gülümseyen	3.47
günümüzü	3.47
haberlerle	3.47
halimi	3.47
halindedir	3.47
harcadım	3.47
harekâtı	3.47
haritasında	3.47
hazırladığımız	3.47
hesaplarına	3.47
hilafet	3.47
hindu	3.47
hissedecek	3.47
hizmettir	3.47
hormonlar	3.47
hükümetini	3.47
idaresinde	3.47
iddiayı	3.47
ifadenin	3.47
ikiden	3.47
ikizleri	3.47
ildeki	3.47
ilerlemesini	3.47
ileti	3.47
iletişimde	3.47
ilişkilerden	3.47
illerinden	3.47
ilçelerinden	3.47
inanmayan	3.47
inançla	3.47
ingilizlere	3.47
insanımız	3.47
inşaatına	3.47
ironi	3.47
istedigim	3.47
isteyenleri	3.47
istiridye	3.47
ivedik	3.47
izleriz	3.47
izliyorsunuz	3.47
içerecek	3.47
işlemeli	3.47
julio	3.47
kadastro	3.47
kadehi	3.47
kalana	3.47
kalkmaya	3.47
kampanyasının	3.47
kaptı	3.47
kapılıp	3.47
karakaş	3.47
karlar	3.47
kartına	3.47
karıştırmaya	3.47
karşılanması	3.47
karşılaşmaya	3.47
kavuşacak	3.47
kaybederken	3.47
kaybetmemek	3.47
kazandın	3.47
kazandığın	3.47
kazanırız	3.47
kiliseden	3.47
klan	3.47
kocamın	3.47
koldan	3.47
koltuğunu	3.47
konteyner	3.47
konulur	3.47
koordinat	3.47
korkmadan	3.47
koymadan	3.47
kuleleri	3.47
kullanabiliriz	3.47
kullanmam	3.47
kumluca	3.47
kumsal	3.47
kutlamaya	3.47
kuvvetin	3.47
körüne	3.47
kötülükleri	3.47
köylerine	3.47
köylüleri	3.47
kür	3.47
kılınç	3.47
kıskandım	3.47
kızılırmak	3.47
kışkırtıcı	3.47
kışlar	3.47
lego	3.47
leicester	3.47
madame	3.47
main	3.47
major	3.47
malzemelerini	3.47
mao	3.47
mara	3.47
marcelo	3.47
marks	3.47
massachusetts	3.47
mağaraya	3.47
megapiksel	3.47
menfaatleri	3.47
mer	3.47
mesafeleri	3.47
metresi	3.47
metreyi	3.47
meşhurdur	3.47
milletvekilinin	3.47
miş	3.47
modeldir	3.47
modül	3.47
moloz	3.47
moment	3.47
morrison	3.47
muktedir	3.47
multimedya	3.47
mutfaktan	3.47
myanmar	3.47
müdürlüğünde	3.47
müteahhit	3.47
naklen	3.47
nehirler	3.47
nehrinin	3.47
nev	3.47
nevada	3.47
nexus	3.47
nico	3.47
nureddin	3.47
nöroloji	3.47
odalarında	3.47
okyanusun	3.47
olabileceğinden	3.47
oleg	3.47
olga	3.47
olimpos	3.47
olmaktansa	3.47
olmamın	3.47
olmasaydın	3.47
oluyo	3.47
oluşumunda	3.47
onbinlerce	3.47
operasyonların	3.47
oracle	3.47
orange	3.47
ordusunda	3.47
ormanların	3.47
ortamlar	3.47
otoritesi	3.47
paketinin	3.47
pamuklu	3.47
paylaşıp	3.47
pearson	3.47
performanslı	3.47
planım	3.47
projelere	3.47
projelerinde	3.47
rahatlatır	3.47
rahatına	3.47
raven	3.47
reddi	3.47
renkten	3.47
rico	3.47
rin	3.47
saffet	3.47
sahnesini	3.47
sakinim	3.47
saklayan	3.47
salât	3.47
sandıkları	3.47
sanmayın	3.47
sarmaşık	3.47
savaşma	3.47
sebebidir	3.47
semptomları	3.47
sertab	3.47
sertçe	3.47
services	3.47
seveceksiniz	3.47
sevimsiz	3.47
seviyedeki	3.47
sevmesi	3.47
seçmesi	3.47
seçtin	3.47
sf	3.47
shot	3.47
sibirya	3.47
sikmeye	3.47
sinirsel	3.47
sivillere	3.47
snapchat	3.47
sokakların	3.47
solak	3.47
sonuçsuz	3.47
sorulacak	3.47
sporunun	3.47
station	3.47
stüdyoya	3.47
suan	3.47
sunny	3.47
sömürgeci	3.47
söndü	3.47
söylerdi	3.47
söylerdim	3.47
söylersen	3.47
sözleşmeleri	3.47
sözünde	3.47
süreden	3.47
süreçten	3.47
süspansiyon	3.47
sütünü	3.47
sının	3.47
tahminim	3.47
takvime	3.47
tapınağın	3.47
tarzıyla	3.47
tayyar	3.47
teala	3.47
tedavisine	3.47
tell	3.47
temalar	3.47
tercihini	3.47
tespitler	3.47
tevazu	3.47
topladım	3.47
topluluğunun	3.47
topraklarından	3.47
tower	3.47
tutumunu	3.47
tıka	3.47
tıklayarak	3.47
ucube	3.47
umursamıyorum	3.47
url	3.47
uygulanmasına	3.47
uçuruma	3.47
vadide	3.47
vergisini	3.47
virus	3.47
vurmayı	3.47
vurulduğu	3.47
yakıldı	3.47
yalnızlığı	3.47
yanındadır	3.47
yanıyorum	3.47
yapa	3.47
yapmasının	3.47
yaptırmaya	3.47
yaptırıp	3.47
yaraların	3.47
yargılandığı	3.47
yasayla	3.47
yazdılar	3.47
yağmura	3.47
yenecek	3.47
yerleştirilmesi	3.47
yesin	3.47
yeten	3.47
yorumda	3.47
yunanlılar	3.47
yüksekti	3.47
yükselmesine	3.47
yürüyeceğiz	3.47
yüzle	3.47
yüzmeyi	3.47
yıkar	3.47
yıldönümünü	3.47
zahmetli	3.47
zanaat	3.47
zanlısı	3.47
zannediyorum	3.47
zayıflık	3.47
ziynet	3.47
çadırı	3.47
çaldıran	3.47
çalınmış	3.47
çağrılan	3.47
çağırın	3.47
çekiş	3.47
çeyreği	3.47
çikolatayı	3.47
çook	3.47
ödenmesi	3.47
ölçülen	3.47
önderleri	3.47
önergesi	3.47
örgütünü	3.47
öğrendiğimiz	3.47
ümmü	3.47
ürkek	3.47
ıra	3.47
ısabella	3.47
şanslısın	3.47
şehitkamil	3.47
şehitlerimiz	3.47
şehridir	3.47
şerbet	3.47
şerifi	3.47
şirketlerine	3.47
şunlardan	3.47
adaletsizlik	3.46
adamını	3.46
adayının	3.46
adedi	3.46
afetler	3.46
affetmek	3.46
aihm	3.46
ailenizin	3.46
akkuş	3.46
akçaabat	3.46
akıncılar	3.46
alacağımız	3.46
albayım	3.46
alip	3.46
altınları	3.46
alvin	3.46
alınmasının	3.46
alışılmış	3.46
anladığımız	3.46
antropoloji	3.46
anılacak	3.46
anısı	3.46
apache	3.46
aramasını	3.46
araçlarda	3.46
arkadaştan	3.46
arkamı	3.46
artırarak	3.46
arş	3.46
asliye	3.46
aspirin	3.46
astı	3.46
atadı	3.46
athena	3.46
attınız	3.46
ayrıldınız	3.46
ayır	3.46
ayırarak	3.46
ayşen	3.46
açıkhava	3.46
aşamalarında	3.46
aşkımız	3.46
aşçılık	3.46
bahreyn	3.46
bahsetmiyorum	3.46
balkona	3.46
baskısını	3.46
başkadır	3.46
başkasından	3.46
başladığından	3.46
başlamaz	3.46
başlarından	3.46
başörtülü	3.46
beklemede	3.46
beklentimiz	3.46
belanı	3.46
belirttiler	3.46
benedict	3.46
benzerlikler	3.46
benzetme	3.46
benziyordu	3.46
bereketi	3.46
berkin	3.46
besinler	3.46
besleniyor	3.46
besler	3.46
beyinleri	3.46
bileği	3.46
bilgisayarlarda	3.46
birimini	3.46
biyometrik	3.46
boran	3.46
boruları	3.46
boşaldı	3.46
bug	3.46
bulmanın	3.46
bulunduğuna	3.46
bulursa	3.46
bulursan	3.46
buluştuğu	3.46
bunalıma	3.46
bölgedir	3.46
bürosuna	3.46
büyüdüğünü	3.46
bırakmadım	3.46
bırakmayacağım	3.46
cage	3.46
celil	3.46
cesaretli	3.46
cesedinin	3.46
cevaben	3.46
cezaya	3.46
china	3.46
clyde	3.46
cop	3.46
cum	3.46
cümlesini	3.46
cı	3.46
dakikayı	3.46
dakka	3.46
dallar	3.46
darlığı	3.46
davranmayı	3.46
dağılır	3.46
deluxe	3.46
depremden	3.46
dersinden	3.46
derslerin	3.46
dertleri	3.46
desteklenmesi	3.46
desteklerini	3.46
devreden	3.46
devşirme	3.46
deyimiyle	3.46
değerindeki	3.46
değmemiş	3.46
did	3.46
dileklerimle	3.46
dingil	3.46
dinlemekten	3.46
direğe	3.46
discovery	3.46
dolacak	3.46
dolaplar	3.46
dolaştı	3.46
donup	3.46
dozu	3.46
doğduğum	3.46
doğumundan	3.46
dublin	3.46
dönümlük	3.46
düşmanların	3.46
düşünürsün	3.46
edep	3.46
edildim	3.46
edindim	3.46
edison	3.46
egemenliğine	3.46
ekiplerimiz	3.46
ekleyen	3.46
elemeleri	3.46
emil	3.46
emniyetli	3.46
emperyalizme	3.46
endişeleri	3.46
enerjisine	3.46
engine	3.46
eriyen	3.46
ermenileri	3.46
ernst	3.46
esastır	3.46
etiler	3.46
etmediğim	3.46
etmişim	3.46
evresinde	3.46
eşinizin	3.46
fahriye	3.46
fakirlik	3.46
faydasız	3.46
ferhan	3.46
fettah	3.46
fikrimi	3.46
finaline	3.46
finansmanı	3.46
fitil	3.46
fişeği	3.46
fırtınanın	3.46
fırını	3.46
gale	3.46
gecelerin	3.46
gelişmelerden	3.46
gerektirmez	3.46
geçinen	3.46
geçireceğiz	3.46
gibime	3.46
gidişi	3.46
girdiğimiz	3.46
girebilmek	3.46
girilir	3.46
girit	3.46
girmemiş	3.46
giyinip	3.46
greve	3.46
gruplarda	3.46
guevara	3.46
gö	3.46
görebiliyoruz	3.46
görmeli	3.46
görmüşler	3.46
görüşüp	3.46
gösterilerek	3.46
gösteriye	3.46
göstermelik	3.46
gösterse	3.46
götün	3.46
göğüslü	3.46
güldüm	3.46
gülhane	3.46
gülçin	3.46
halifesi	3.46
halının	3.46
hammond	3.46
hank	3.46
har	3.46
haramdır	3.46
harfle	3.46
haritanın	3.46
hassan	3.46
hastanelik	3.46
hatlarına	3.46
hayranlıkla	3.46
health	3.46
hesaplanan	3.46
hintli	3.46
hissedilen	3.46
hissetme	3.46
hiyerarşik	3.46
hizmetinizde	3.46
hoşçakalın	3.46
hurşit	3.46
hükmeden	3.46
ihtişamlı	3.46
ilgilendirir	3.46
ilgilenmiyorum	3.46
ilginçtir	3.46
iliği	3.46
imamın	3.46
indik	3.46
inter	3.46
intiharı	3.46
ipini	3.46
ipler	3.46
isteksiz	3.46
isteğin	3.46
istikamet	3.46
istirahat	3.46
içinizdeki	3.46
işlerim	3.46
judo	3.46
kablosu	3.46
kabuğunu	3.46
kadınlarının	3.46
kahvaltıdan	3.46
kalabalıktan	3.46
kalıpları	3.46
kalırsam	3.46
kamyonlar	3.46
kanunsuz	3.46
kanununun	3.46
kanında	3.46
karaköprü	3.46
kararlılıkla	3.46
kategorileri	3.46
kavganın	3.46
kavuşması	3.46
kayıyor	3.46
kazandırmaya	3.46
kazandığım	3.46
kaçırıyor	3.46
kesimler	3.46
kestik	3.46
kestirme	3.46
kokusundan	3.46
kolaydı	3.46
kolordu	3.46
kongreye	3.46
konuşmamız	3.46
korkarak	3.46
korkmam	3.46
korktu	3.46
korkusunu	3.46
korkuyoruz	3.46
koyarız	3.46
koyduğumuz	3.46
koyulur	3.46
kralların	3.46
kriket	3.46
kuram	3.46
kurtarmış	3.46
kurtarılan	3.46
kurtulacak	3.46
kurudu	3.46
kuşlara	3.46
kürşat	3.46
küt	3.46
kıble	3.46
kınıyoruz	3.46
kısıtlamalar	3.46
kıvrak	3.46
kıymalı	3.46
lam	3.46
letonya	3.46
liberty	3.46
liga	3.46
macbook	3.46
maddelik	3.46
mahkemesinin	3.46
mahremiyet	3.46
mahsun	3.46
mandalina	3.46
map	3.46
marge	3.46
marsilya	3.46
maxi	3.46
melik	3.46
mem	3.46
menüsü	3.46
metroya	3.46
mevzuat	3.46
mezarlığında	3.46
mikroskop	3.46
milletten	3.46
milyonda	3.46
misafirim	3.46
mitolojik	3.46
modda	3.46
money	3.46
muhafızı	3.46
muhtemeldir	3.46
muhteşemdi	3.46
nefese	3.46
nefs	3.46
netanyahu	3.46
noktadır	3.46
oil	3.46
olacağımı	3.46
olduklarının	3.46
olduğunuzdan	3.46
olmayız	3.46
operasyonuna	3.46
operasyonunu	3.46
oranlarının	3.46
orantısız	3.46
organizasyona	3.46
organizasyonları	3.46
otomasyon	3.46
oturduğun	3.46
pantolonu	3.46
paok	3.46
paolo	3.46
parçala	3.46
paso	3.46
pastel	3.46
pateni	3.46
patika	3.46
pepper	3.46
perfect	3.46
piller	3.46
planlayan	3.46
platon	3.46
politikanın	3.46
porsiyon	3.46
pre	3.46
prezervatif	3.46
problemini	3.46
programıyla	3.46
pub	3.46
riskine	3.46
rodriguez	3.46
rotasyon	3.46
ruhsuz	3.46
sahadaki	3.46
sahalara	3.46
sahasının	3.46
sakaryaspor	3.46
sakatlanan	3.46
sakıncalı	3.46
sakının	3.46
saldırılarının	3.46
sallama	3.46
sallanan	3.46
salsa	3.46
saltanatı	3.46
sanayinin	3.46
saptanan	3.46
savas	3.46
savunurken	3.46
saygısız	3.46
sağlanabilir	3.46
sağlıksız	3.46
sebeplerinden	3.46
sedir	3.46
segment	3.46
sembolleri	3.46
sendrom	3.46
seneyi	3.46
sertifikalı	3.46
servisini	3.46
serüveni	3.46
seul	3.46
sevdiğine	3.46
sevenlerine	3.46
sevgiden	3.46
sevi	3.46
sevinçle	3.46
sevmediği	3.46
seyfi	3.46
seçmeleri	3.46
seçmenler	3.46
sicak	3.46
silinen	3.46
siyaha	3.46
sloganlar	3.46
sokmuş	3.46
sonuçlarla	3.46
sorduğum	3.46
sorularla	3.46
sorularına	3.46
soruyoruz	3.46
soyun	3.46
special	3.46
spiker	3.46
split	3.46
spring	3.46
sugar	3.46
sularını	3.46
susar	3.46
söyledikten	3.46
söylenmektedir	3.46
söylenmesi	3.46
söylersin	3.46
süreya	3.46
sınavsız	3.46
sınıflandırılması	3.46
sırasını	3.46
sıvının	3.46
tab	3.46
tablosunu	3.46
tad	3.46
talimatını	3.46
tanıştığımız	3.46
tao	3.46
tarak	3.46
tartışmaların	3.46
tarzan	3.46
tatbikatı	3.46
taşının	3.46
td	3.46
tekbir	3.46
tekneler	3.46
temple	3.46
tenkit	3.46
tesislerinin	3.46
today	3.46
topuk	3.46
try	3.46
turun	3.46
tutmasını	3.46
tâbi	3.46
tükeniyor	3.46
tükenmek	3.46
tüzüğü	3.46
ufukta	3.46
ulaştığını	3.46
unıcef	3.46
ustalık	3.46
uyanma	3.46
vakaları	3.46
vaktiyle	3.46
valide	3.46
varılan	3.46
vazifesi	3.46
vermelisiniz	3.46
vermeliyiz	3.46
vermişlerdir	3.46
veyahut	3.46
vurduk	3.46
wonder	3.46
yabancıya	3.46
yahudilere	3.46
yalama	3.46
yalana	3.46
yalvarırım	3.46
yalvarıyorum	3.46
yandaşları	3.46
yanıltıcı	3.46
yapabilme	3.46
yapmışsınız	3.46
yapıcam	3.46
yaraşır	3.46
yargılanma	3.46
yarışmalarda	3.46
yarışmasını	3.46
yasağının	3.46
yatsı	3.46
yaygınlaşması	3.46
yayınlamak	3.46
yazdığına	3.46
yazmışsın	3.46
yağız	3.46
yaşamam	3.46
yaşındaydım	3.46
yenmiş	3.46
yeryüzünü	3.46
yeşiller	3.46
yoldaşlar	3.46
yönlendiren	3.46
yöntemine	3.46
yönteminin	3.46
yüzeyin	3.46
yüzeyinin	3.46
yüzeyleri	3.46
yüzüstü	3.46
zorlanıyorum	3.46
zorundalar	3.46
zürih	3.46
çaresizce	3.46
çatıya	3.46
çözemedim	3.46
çıkardığım	3.46
çıkarırken	3.46
çıkmaması	3.46
çıkmayın	3.46
çıt	3.46
ödem	3.46
öleyim	3.46
ölmem	3.46
ölüleri	3.46
önerin	3.46
önleyen	3.46
özelde	3.46
özelliğinden	3.46
öztekin	3.46
öğr	3.46
öğrencilerimizin	3.46
öğrenirler	3.46
üyeden	3.46
üçgeni	3.46
ıda	3.46
şahsı	3.46
şal	3.46
şampiyona	3.46
şansımı	3.46
şiddetini	3.46
şiirinde	3.46
şşş	3.46
abuk	3.45
adriano	3.45
adımla	3.45
ahmaklar	3.45
ailemizi	3.45
aklama	3.45
aks	3.45
alamayacak	3.45
alanlardaki	3.45
aleminde	3.45
aletini	3.45
alkolün	3.45
almalısınız	3.45
almalıyız	3.45
almıştık	3.45
altındayken	3.45
altınok	3.45
alımları	3.45
amcasının	3.45
anladığını	3.45
anlamanız	3.45
anlamıyorsun	3.45
anlatılmıştır	3.45
anlayabilir	3.45
anlaşan	3.45
any	3.45
arabi	3.45
araf	3.45
araları	3.45
aramız	3.45
aranıza	3.45
aranızdaki	3.45
ararsan	3.45
araştırmalarını	3.45
arkamızda	3.45
armağanı	3.45
aromatik	3.45
artistik	3.45
arıcılık	3.45
asimile	3.45
askerlerle	3.45
asılan	3.45
ateşine	3.45
atmaca	3.45
atmanın	3.45
atmaz	3.45
atım	3.45
avon	3.45
açıklanabilir	3.45
açıklayın	3.45
ağırlıkları	3.45
aşınma	3.45
babacığım	3.45
bahanesi	3.45
bahsedelim	3.45
bakarlar	3.45
baksanıza	3.45
balmumu	3.45
barselona	3.45
bayır	3.45
bağlandığı	3.45
başkanlarından	3.45
başlattık	3.45
beatrice	3.45
belediyede	3.45
belirliyor	3.45
benimkini	3.45
benson	3.45
beraberlikle	3.45
beylik	3.45
beın	3.45
bildirmiştir	3.45
bilgilerine	3.45
bilirdim	3.45
billie	3.45
bilmemek	3.45
biniyor	3.45
birleşince	3.45
biçimlerini	3.45
bkm	3.45
boeing	3.45
bone	3.45
boot	3.45
boyundaki	3.45
buharı	3.45
bulantı	3.45
bulunmaktayız	3.45
buluşuruz	3.45
buyruk	3.45
bölünür	3.45
bürosunda	3.45
bürünmüş	3.45
büsbütün	3.45
büyüksün	3.45
bırakılmasını	3.45
camilerde	3.45
canlılara	3.45
canımın	3.45
carnegie	3.45
cebe	3.45
ciddiyetini	3.45
clint	3.45
could	3.45
coğrafyanın	3.45
cruise	3.45
cubur	3.45
darbeleri	3.45
davranma	3.45
degerli	3.45
deliyim	3.45
deliğinden	3.45
denmektedir	3.45
derinlikte	3.45
dertte	3.45
devletlere	3.45
devrimciler	3.45
değerlendirilen	3.45
değirmenci	3.45
değişmek	3.45
değiştirdiğini	3.45
dinlenmesi	3.45
dodge	3.45
dogum	3.45
dokunduğu	3.45
doğmamış	3.45
drogba	3.45
duck	3.45
dudaklarına	3.45
dunya	3.45
duyusal	3.45
dökün	3.45
döneriz	3.45
dönmeden	3.45
dönüşecek	3.45
düzeldi	3.45
düğümü	3.45
düşebilir	3.45
düşürmüş	3.45
ebeveynlerin	3.45
edebileceğin	3.45
edemeyecek	3.45
edildiğinden	3.45
edilebilmektedir	3.45
eksenli	3.45
elinle	3.45
emrin	3.45
endişelerini	3.45
engebeli	3.45
erciş	3.45
erenköy	3.45
ergene	3.45
escobar	3.45
esnafın	3.45
etkilemez	3.45
etkilerinden	3.45
etkinin	3.45
etmemeli	3.45
ettiklerinde	3.45
everest	3.45
eylemci	3.45
eylemini	3.45
eğitici	3.45
eğlenmeye	3.45
eşofman	3.45
faaliyetlere	3.45
felaketin	3.45
fikrinden	3.45
filmlerdeki	3.45
formayla	3.45
fıkrası	3.45
galibiyete	3.45
gandhi	3.45
garfield	3.45
geleceklerini	3.45
genişlemesi	3.45
gençliğe	3.45
gerzek	3.45
gezme	3.45
gibiydim	3.45
gideli	3.45
gidemem	3.45
gideri	3.45
gidildi	3.45
girilen	3.45
giriyorsunuz	3.45
girişimlerde	3.45
girişin	3.45
glee	3.45
gribi	3.45
gurubu	3.45
görevidir	3.45
görülmemiştir	3.45
göründüğünü	3.45
görüşlere	3.45
göstermenin	3.45
göstersin	3.45
gözdağı	3.45
gözlemler	3.45
gözlükleri	3.45
gözüktü	3.45
günlerim	3.45
gütmeyen	3.45
güvene	3.45
güçleniyor	3.45
hakkımızı	3.45
halimiz	3.45
hapise	3.45
harriet	3.45
hasılat	3.45
havalimanının	3.45
haymana	3.45
hazel	3.45
hazin	3.45
haşhaş	3.45
heavy	3.45
helyum	3.45
hesapla	3.45
hesaplamalar	3.45
heykelini	3.45
hopa	3.45
hoşgörülü	3.45
hoşlanıyorum	3.45
hurdaya	3.45
huzurla	3.45
hücrelerinde	3.45
hücrelerine	3.45
ibaretti	3.45
ifadesinde	3.45
iftar	3.45
ihtimalin	3.45
ihya	3.45
ilber	3.45
ilerideki	3.45
ilgilen	3.45
ilginin	3.45
ilgiye	3.45
ilhami	3.45
ilçelere	3.45
imzalamış	3.45
inandı	3.45
incelenen	3.45
insanız	3.45
iradeye	3.45
istasyonundan	3.45
istatistiki	3.45
içeriğin	3.45
içiyorsun	3.45
içler	3.45
iğnesi	3.45
işlemez	3.45
işçilik	3.45
jaguar	3.45
japan	3.45
kabilesi	3.45
kaderimiz	3.45
kadrolarına	3.45
kahvehane	3.45
kalanlara	3.45
kaldırabilir	3.45
kanallarda	3.45
kanalını	3.45
kanserine	3.45
kanununa	3.45
kanının	3.45
karabağlar	3.45
karargahı	3.45
katacak	3.45
katedrali	3.45
katliama	3.45
kavgalar	3.45
kayıtlarından	3.45
kedim	3.45
kehribar	3.45
kemalettin	3.45
kemerli	3.45
kendimce	3.45
kesimden	3.45
kesitler	3.45
kitabıyla	3.45
kişiliğin	3.45
klon	3.45
kobani	3.45
kollarının	3.45
koma	3.45
konsolosluğu	3.45
konulmuştur	3.45
konuşanlar	3.45
konuştun	3.45
koordinatlar	3.45
kopyalama	3.45
korna	3.45
korunaklı	3.45
kosta	3.45
kovdu	3.45
krizler	3.45
kulağını	3.45
kullanmıştı	3.45
kumu	3.45
kupasında	3.45
kutuyu	3.45
köstebek	3.45
köşesindeki	3.45
kılmıştır	3.45
kınama	3.45
kırıkları	3.45
kıyaslandığında	3.45
kıyasıya	3.45
latife	3.45
lavabo	3.45
liderliğindeki	3.45
lil	3.45
lokantası	3.45
loto	3.45
lucia	3.45
mahkemelerde	3.45
mahkumu	3.45
makaleyi	3.45
mallarına	3.45
markasıdır	3.45
mazur	3.45
medipol	3.45
mektep	3.45
mermiler	3.45
metafizik	3.45
mitinge	3.45
modellerini	3.45
muamma	3.45
mukavemet	3.45
münasebetiyle	3.45
müstesna	3.45
müziklerini	3.45
müzikli	3.45
newman	3.45
nihan	3.45
novak	3.45
olacağımız	3.45
oley	3.45
ordusuyla	3.45
orduyla	3.45
orhun	3.45
otantik	3.45
paketleme	3.45
pansiyon	3.45
panter	3.45
parametreleri	3.45
partililer	3.45
patlattı	3.45
paylaştık	3.45
perdeler	3.45
peygamberlerin	3.45
plaja	3.45
plakalı	3.45
planlanıyor	3.45
planlarına	3.45
polislik	3.45
portland	3.45
projelerle	3.45
puding	3.45
pusulası	3.45
rafael	3.45
rahatlatmak	3.45
rahmetine	3.45
resimlerine	3.45
reyes	3.45
rice	3.45
room	3.45
rufus	3.45
ruhen	3.45
rulo	3.45
rupert	3.45
ryu	3.45
saatlerini	3.45
sahibiyim	3.45
sakura	3.45
saldırganlık	3.45
sanıkların	3.45
sanırsın	3.45
saraylar	3.45
sarhoşken	3.45
satırlar	3.45
satışına	3.45
savunanlar	3.45
sayılarla	3.45
saçlarına	3.45
saçının	3.45
sağı	3.45
selamet	3.45
semtin	3.45
servisine	3.45
sessizliğe	3.45
sevdası	3.45
sevgim	3.45
sevişirken	3.45
sevme	3.45
sezondur	3.45
seçilecek	3.45
sildi	3.45
silinmesi	3.45
sincap	3.45
sinüs	3.45
siyasetle	3.45
siyasî	3.45
soracağız	3.45
sorumluluğun	3.45
soruşturmaya	3.45
spreyi	3.45
sultanlar	3.45
suçlaması	3.45
suçlayan	3.45
suçluları	3.45
swift	3.45
söylentilere	3.45
söylerse	3.45
sözlerden	3.45
sıcakta	3.45
sınırdan	3.45
sığınağı	3.45
takıntı	3.45
takıyor	3.45
tanzimat	3.45
tanıdığınız	3.45
tanımlanmaktadır	3.45
tanımına	3.45
tavşanlı	3.45
taşırlar	3.45
teklifler	3.45
tekniğin	3.45
temizlikçi	3.45
testis	3.45
tevekkül	3.45
teşekkürü	3.45
teşrif	3.45
tgrt	3.45
their	3.45
tour	3.45
turhal	3.45
tutabilir	3.45
tutulmaktadır	3.45
töreninin	3.45
tükenen	3.45
tıbbı	3.45
tırmanış	3.45
uludere	3.45
under	3.45
unlu	3.45
unutamam	3.45
unuttuğu	3.45
uyanıyorum	3.45
uyarır	3.45
uydurmak	3.45
uygula	3.45
uyumadım	3.45
uyun	3.45
uyuyacağım	3.45
uzlaşmaya	3.45
vatandaşlığı	3.45
vermedin	3.45
vermen	3.45
vesaire	3.45
vicdanın	3.45
vurgulayan	3.45
vücudundaki	3.45
vııı	3.45
waffle	3.45
website	3.45
yaklaşımın	3.45
yapardınız	3.45
yapılarını	3.45
yapılmamıştır	3.45
yaratıldı	3.45
yarımadası	3.45
yasam	3.45
yataklı	3.45
yavrularını	3.45
yayıldığı	3.45
yazardı	3.45
yazmasını	3.45
yazısının	3.45
year	3.45
yedili	3.45
yerlerdir	3.45
yerleştirin	3.45
yetiş	3.45
yeşile	3.45
yiyeceklerin	3.45
yolculuğunda	3.45
yolculuğunu	3.45
yollarından	3.45
yoruldu	3.45
yorumlarına	3.45
yoğunluklu	3.45
yumdu	3.45
yurtlar	3.45
yuvaya	3.45
yöneliktir	3.45
yüksekliğe	3.45
yüzümüze	3.45
yıkılıyor	3.45
zammı	3.45
zenginlerin	3.45
zincirli	3.45
ziyadesiyle	3.45
âdet	3.45
çalıştırın	3.45
çardak	3.45
çarpmış	3.45
çağan	3.45
çekeriz	3.45
çevrimdışı	3.45
çiftçilik	3.45
çizmiş	3.45
çıkart	3.45
çıkarıyoruz	3.45
ödemeden	3.45
öldürülmesine	3.45
öldürürler	3.45
öldürürüm	3.45
ölmeli	3.45
ölçen	3.45
ömrün	3.45
önceye	3.45
örtmek	3.45
özgürlükleri	3.45
özsoy	3.45
öğlene	3.45
öğrendiğini	3.45
öğreneceğiz	3.45
öğretmenimiz	3.45
ülkemde	3.45
ümidi	3.45
üni	3.45
üzerimden	3.45
üzülüyor	3.45
ılıman	3.45
ışıklarını	3.45
şanslısınız	3.45
şarabın	3.45
şaşırtıyor	3.45
şerefini	3.45
şerefsizin	3.45
şifresiz	3.45
şirketle	3.45
şovun	3.45
aceleyle	3.44
action	3.44
active	3.44
adamıdır	3.44
adlar	3.44
afad	3.44
akü	3.44
aldatmak	3.44
aletin	3.44
alişan	3.44
almanıza	3.44
alımına	3.44
alınmaya	3.44
alınmayacak	3.44
alınmayan	3.44
ameliyatta	3.44
anarşi	3.44
anlaman	3.44
anlarlar	3.44
anlatsın	3.44
anlaşılmış	3.44
apar	3.44
apayrı	3.44
araştırmacıların	3.44
araştırıp	3.44
arkadaşız	3.44
arkalarında	3.44
artıkları	3.44
askerde	3.44
attan	3.44
away	3.44
ayakkabılarını	3.44
ayağından	3.44
aylığına	3.44
aynası	3.44
ayrılınca	3.44
ayrıntılarını	3.44
ayvacık	3.44
ayşenur	3.44
azaltan	3.44
azaltarak	3.44
ağaçlardan	3.44
aşıktır	3.44
babel	3.44
bahşiş	3.44
banliyö	3.44
barbekü	3.44
baskılı	3.44
baskısıyla	3.44
batar	3.44
battal	3.44
batısındaki	3.44
baygın	3.44
baylar	3.44
bağladım	3.44
başkanlığından	3.44
başkonsolosluğu	3.44
başlamadı	3.44
başlayayım	3.44
başrolü	3.44
beladan	3.44
belirlenecek	3.44
bert	3.44
beslediği	3.44
besleyici	3.44
beyim	3.44
beyindeki	3.44
bildiğinden	3.44
bilmeyecek	3.44
binmiş	3.44
birime	3.44
birlikteliği	3.44
biçilmez	3.44
biçilmiş	3.44
bolt	3.44
borussia	3.44
botlar	3.44
bozmayın	3.44
bulabilirsin	3.44
bulmasına	3.44
bulursanız	3.44
buluşur	3.44
burçları	3.44
bölümlerden	3.44
bırakacağım	3.44
cezalandırma	3.44
cezmi	3.44
chun	3.44
civardaki	3.44
ciğeri	3.44
coleman	3.44
creek	3.44
cyril	3.44
cümlelerin	3.44
cüret	3.44
dala	3.44
damardan	3.44
defolun	3.44
deforme	3.44
defterleri	3.44
delip	3.44
denetimine	3.44
denetimli	3.44
denizlere	3.44
deride	3.44
desteklemektedir	3.44
devreleri	3.44
değerlendirmeye	3.44
değişikliklerle	3.44
değişmesine	3.44
dikip	3.44
direnme	3.44
diyete	3.44
dizisiyle	3.44
dişin	3.44
dogal	3.44
doldurmuş	3.44
dostane	3.44
dostunu	3.44
doğanay	3.44
doğduğunu	3.44
dualarla	3.44
duvarının	3.44
duymadınız	3.44
duyuluyor	3.44
duşta	3.44
dönüştürülmüş	3.44
döven	3.44
dükkanın	3.44
düzeltilmesi	3.44
düzeninde	3.44
düşüncelerine	3.44
eddy	3.44
edeceklerdir	3.44
edilmeleri	3.44
efektif	3.44
eflatun	3.44
elemanın	3.44
elementler	3.44
eleştirmek	3.44
emmek	3.44
endişeye	3.44
eni	3.44
eserlere	3.44
etkilerine	3.44
etmemiştir	3.44
etmeyeceğim	3.44
etmeyiniz	3.44
etrafından	3.44
evinizin	3.44
evlenmesi	3.44
evlenmeyi	3.44
fazlalık	3.44
feodal	3.44
fiyasko	3.44
flo	3.44
futbolunda	3.44
gavin	3.44
gazisi	3.44
geceydi	3.44
gecikmiş	3.44
gelecekti	3.44
gelişiminin	3.44
genc	3.44
geniştir	3.44
gereksinimlerini	3.44
geçirilerek	3.44
geçirirken	3.44
gibbs	3.44
gidemedim	3.44
giles	3.44
girdikleri	3.44
giresunspor	3.44
girmedim	3.44
glikoz	3.44
gökyüzündeki	3.44
gönderdiğini	3.44
gönderdiğiniz	3.44
göremedik	3.44
görevle	3.44
görevlerinin	3.44
görüşmelerin	3.44
göstereyim	3.44
gözlerimiz	3.44
güldüren	3.44
gülten	3.44
gündoğan	3.44
hakimin	3.44
hakla	3.44
haklıydı	3.44
haktır	3.44
halkbank	3.44
halâ	3.44
hamdolsun	3.44
hamileyken	3.44
hangileri	3.44
harcadık	3.44
harekette	3.44
hastalıklardan	3.44
hatalarından	3.44
hatunla	3.44
hatırladınız	3.44
hatırladığım	3.44
hawk	3.44
helikopterler	3.44
hesabınız	3.44
hissediyordum	3.44
hoffman	3.44
hokeyi	3.44
horace	3.44
horasan	3.44
hukuksal	3.44
human	3.44
hâlini	3.44
ilaca	3.44
ilkokula	3.44
imge	3.44
imkânları	3.44
inceliyor	3.44
inşaatın	3.44
isimden	3.44
isteyecektir	3.44
istihdamı	3.44
istikametinde	3.44
istisnasız	3.44
izlenecek	3.44
kadrolara	3.44
kadınlarımız	3.44
kafamdaki	3.44
kahvaltıyı	3.44
kaldırıma	3.44
kalplerini	3.44
kambur	3.44
kapalıdır	3.44
kapatılacak	3.44
kapımı	3.44
kararda	3.44
kararlarına	3.44
kardeşiniz	3.44
karnından	3.44
karo	3.44
karısıyla	3.44
karışacak	3.44
karşılaştığım	3.44
kasımda	3.44
katliamları	3.44
katmanı	3.44
kazandırma	3.44
kazanırlar	3.44
kazanıyoruz	3.44
kaçtığını	3.44
keleş	3.44
kelimeye	3.44
kesindir	3.44
keyfim	3.44
knox	3.44
kobra	3.44
kocasinan	3.44
kocasından	3.44
komaya	3.44
kontrolünün	3.44
konumundaki	3.44
koroner	3.44
korunmaktadır	3.44
krediler	3.44
krep	3.44
kullanamaz	3.44
kullanılırken	3.44
kutsaldır	3.44
kâfir	3.44
kâğıdı	3.44
kötülüklerden	3.44
kırmızılı	3.44
kırın	3.44
kıvamında	3.44
kızgınım	3.44
kışlası	3.44
laser	3.44
lazımdır	3.44
leydi	3.44
ligler	3.44
listelerde	3.44
maas	3.44
maaşlarını	3.44
maddelerini	3.44
masters	3.44
maçlık	3.44
meraklıları	3.44
merakı	3.44
merkezlerinin	3.44
merkezî	3.44
miktardaki	3.44
miley	3.44
modelidir	3.44
modüler	3.44
moğolistan	3.44
muafiyeti	3.44
musiki	3.44
mutlusun	3.44
mutsuzluk	3.44
mücadelemiz	3.44
müdürüne	3.44
müfredat	3.44
müttefiki	3.44
müttefikler	3.44
müzesine	3.44
müziğine	3.44
namlulu	3.44
neville	3.44
nezle	3.44
nikotin	3.44
noktaların	3.44
noktalı	3.44
numaranı	3.44
number	3.44
nursi	3.44
okumanızı	3.44
okyanusta	3.44
olduğumuzun	3.44
olimpiyatlarda	3.44
olmaktı	3.44
oluşmakta	3.44
oluşuyordu	3.44
onarımı	3.44
orasını	3.44
order	3.44
orospunun	3.44
ortalamasının	3.44
ortalarına	3.44
ortamının	3.44
osmancık	3.44
otları	3.44
oturumu	3.44
oynadılar	3.44
paragraf	3.44
parçacıklar	3.44
paslanmaz	3.44
performansa	3.44
pislikleri	3.44
planlarının	3.44
problemlerini	3.44
projelerinin	3.44
rejimini	3.44
reklamında	3.44
rene	3.44
saatlerin	3.44
safran	3.44
sahtekarlık	3.44
saklanmış	3.44
saldırdığı	3.44
saldırın	3.44
salvatore	3.44
salyangoz	3.44
sammy	3.44
sandığınız	3.44
sanırsam	3.44
satılacak	3.44
satılması	3.44
savaşarak	3.44
savunucuları	3.44
sayıldı	3.44
sağladılar	3.44
sağlamaz	3.44
sağlığının	3.44
schiller	3.44
seferki	3.44
selamlıyorum	3.44
senet	3.44
sermayenin	3.44
seslendirme	3.44
sevindi	3.44
seviyelerine	3.44
seviyormuş	3.44
sevmedi	3.44
sicil	3.44
simgeleyen	3.44
sinclair	3.44
sineği	3.44
sorunlarından	3.44
soruyla	3.44
soruşturmada	3.44
stockholm	3.44
stratejileri	3.44
sudaki	3.44
sunumuyla	3.44
süratle	3.44
sürdürülebilirlik	3.44
sürüyordu	3.44
süsleyen	3.44
sıralara	3.44
sıtma	3.44
tahttan	3.44
takımdaki	3.44
takımlardan	3.44
tanımladığı	3.44
tanıtımları	3.44
tanıtımını	3.44
tartışılır	3.44
tasvip	3.44
teb	3.44
technology	3.44
tedaviler	3.44
tedavisini	3.44
tehlikeleri	3.44
telefonuyla	3.44
tiran	3.44
tiroid	3.44
toplantıdan	3.44
toplantılarına	3.44
topluyoruz	3.44
totem	3.44
tutabilmek	3.44
tutarında	3.44
tüneller	3.44
türkmenleri	3.44
tüsiad	3.44
uluslu	3.44
umman	3.44
unutuyor	3.44
update	3.44
ut	3.44
uyarılar	3.44
uygulamadır	3.44
uygulanmıştır	3.44
uykusunda	3.44
uyudun	3.44
uzaktır	3.44
uzantıları	3.44
uçtan	3.44
uğraşacak	3.44
uğruyor	3.44
uğurlandı	3.44
vaadi	3.44
vardiya	3.44
vasıtası	3.44
vazgeçin	3.44
vd	3.44
verimsiz	3.44
vic	3.44
votka	3.44
vuruldum	3.44
vücuttaki	3.44
would	3.44
yabancının	3.44
yakarım	3.44
yakasına	3.44
yaklaşımları	3.44
yaktılar	3.44
yapacağınızı	3.44
yapamayan	3.44
yapti	3.44
yapılacaklar	3.44
yapıt	3.44
yapıyorduk	3.44
yapışmış	3.44
yargıcı	3.44
yarışmak	3.44
yayının	3.44
yazdırdı	3.44
yaşadığına	3.44
yerleşimi	3.44
yerleşir	3.44
yetiştirmiş	3.44
yetiştiği	3.44
yirminci	3.44
yoldayız	3.44
yuksek	3.44
yükleri	3.44
zarrab	3.44
zhang	3.44
çalışacaktır	3.44
çantada	3.44
çantalar	3.44
çarptığı	3.44
çekilmiştir	3.44
çekince	3.44
çizmeye	3.44
çiçekçi	3.44
çıkacağım	3.44
çıkartmaya	3.44
ödeyerek	3.44
önümden	3.44
örgün	3.44
ötesindeki	3.44
öğrencisinin	3.44
öğrendin	3.44
öğretme	3.44
üreterek	3.44
ürünlere	3.44
üyeliğini	3.44
üçünün	3.44
ıos	3.44
şampiyonada	3.44
şarkıdan	3.44
şato	3.44
şikayeti	3.44
şöhreti	3.44
şükranlarımı	3.44
abdul	3.43
abdurrahim	3.43
abin	3.43
academy	3.43
acınacak	3.43
addison	3.43
adreste	3.43
afro	3.43
ahlat	3.43
ahududu	3.43
akbank	3.43
aktardı	3.43
akyüz	3.43
alakalıdır	3.43
alakam	3.43
alanıyla	3.43
albümler	3.43
aldığımızda	3.43
almışsın	3.43
altılı	3.43
altıntaş	3.43
alındım	3.43
alınmadan	3.43
alınmasıyla	3.43
alışkanlıkları	3.43
amed	3.43
anavatan	3.43
anders	3.43
anlamanın	3.43
antreman	3.43
aradılar	3.43
araştırmasını	3.43
argüman	3.43
arifesinde	3.43
artışa	3.43
asitler	3.43
askerlerimiz	3.43
astana	3.43
asırda	3.43
atatürkçülük	3.43
ayette	3.43
aynalı	3.43
aytekin	3.43
ayçiçeği	3.43
ayılar	3.43
açıklamalarını	3.43
açılmadan	3.43
açılmamış	3.43
açığım	3.43
aşağılama	3.43
aşkıyla	3.43
babasız	3.43
baharında	3.43
bahattin	3.43
bahçıvan	3.43
bakarsınız	3.43
bakmakla	3.43
baktığımız	3.43
balesi	3.43
barok	3.43
basra	3.43
bağışladı	3.43
başladıkları	3.43
başlamayı	3.43
başlarını	3.43
beethoven	3.43
belini	3.43
belirdi	3.43
belirlenmesinde	3.43
bent	3.43
bernie	3.43
berry	3.43
beslenmesi	3.43
bilmesine	3.43
bip	3.43
bireyi	3.43
birliğimiz	3.43
birliğinden	3.43
biti	3.43
biyolog	3.43
bizimde	3.43
board	3.43
botları	3.43
boyamak	3.43
boynuma	3.43
brüt	3.43
buffalo	3.43
bugs	3.43
buluyorlar	3.43
buluşmada	3.43
büyükse	3.43
canlılık	3.43
carla	3.43
cenazesinde	3.43
cepheden	3.43
cinayetlerin	3.43
cisco	3.43
coffee	3.43
coming	3.43
cornelius	3.43
courtney	3.43
coşkusu	3.43
cümlelerle	3.43
cılız	3.43
daireleri	3.43
darbesinin	3.43
das	3.43
davrandı	3.43
dağıtır	3.43
deliğe	3.43
denetiminde	3.43
deneyeceğim	3.43
depoya	3.43
dereli	3.43
derince	3.43
dertten	3.43
description	3.43
deseni	3.43
devriminin	3.43
değerlendirildi	3.43
değiştirdiği	3.43
değiştirilir	3.43
deşarj	3.43
dikkatimizi	3.43
dinleri	3.43
dinliyorsun	3.43
doktoruna	3.43
doğasında	3.43
doğrunun	3.43
dramı	3.43
durarak	3.43
durdur	3.43
duty	3.43
duvarlarda	3.43
duvarlarını	3.43
dümen	3.43
düzeyleri	3.43
düğmeleri	3.43
düğünden	3.43
düşmeyen	3.43
düşünmüyoruz	3.43
earth	3.43
efektler	3.43
ekleyip	3.43
ekonomisinde	3.43
elindedir	3.43
emperyalizmin	3.43
entertainment	3.43
enzo	3.43
ertelenen	3.43
eserleriyle	3.43
esnafa	3.43
eteğini	3.43
etkilendiği	3.43
etraftaki	3.43
ettirecek	3.43
ettirerek	3.43
ettiğimizi	3.43
eyyübiye	3.43
eğilmez	3.43
fabrikasını	3.43
fahişenin	3.43
faydalanarak	3.43
fazlasının	3.43
fest	3.43
firmasında	3.43
font	3.43
fotosentez	3.43
fr	3.43
future	3.43
fırlattı	3.43
gelebilirsiniz	3.43
geleneğin	3.43
gelirdim	3.43
gelişmemiş	3.43
geliştiriciler	3.43
geliştirmesi	3.43
gelmezsen	3.43
gemilerine	3.43
gençlerden	3.43
gezisinde	3.43
gezmeyi	3.43
gidemiyorum	3.43
gidiyordum	3.43
giymeyi	3.43
gizlenen	3.43
gömdüm	3.43
gönderim	3.43
görecektir	3.43
görenleri	3.43
görünürde	3.43
güçlendirme	3.43
güçlükle	3.43
güçten	3.43
halam	3.43
halifelik	3.43
halkıyla	3.43
hallerine	3.43
harfine	3.43
haricindeki	3.43
hastanelere	3.43
hastings	3.43
hatırlatacak	3.43
hav	3.43
hayrete	3.43
hayriye	3.43
hazırlan	3.43
helikopterin	3.43
heyetinin	3.43
hileleri	3.43
himaye	3.43
hislerin	3.43
hukuksuz	3.43
hukukunun	3.43
hüda	3.43
hükümetimiz	3.43
hırsızların	3.43
hızlandırmak	3.43
icraat	3.43
ideolojisi	3.43
idim	3.43
idlib	3.43
iffet	3.43
ilkini	3.43
inancının	3.43
inceleyip	3.43
indeksi	3.43
indirdik	3.43
irili	3.43
isimde	3.43
islâmî	3.43
istemediğimiz	3.43
isteseydi	3.43
isteyebilirsiniz	3.43
istilası	3.43
isyana	3.43
içerisindedir	3.43
işarettir	3.43
işiyle	3.43
işlevlerini	3.43
jade	3.43
jasper	3.43
kabiliyetini	3.43
kafalarını	3.43
kafamızı	3.43
kahramanımız	3.43
kahvaltılık	3.43
kalbindeki	3.43
kaldığınız	3.43
kansız	3.43
kapları	3.43
kapsam	3.43
karalar	3.43
karanlıklar	3.43
kararında	3.43
kardeşlerine	3.43
kardeşlerini	3.43
kardiyovasküler	3.43
karşıda	3.43
katıldıkları	3.43
kavramın	3.43
kayaya	3.43
kaybedenlerin	3.43
kaybının	3.43
kazanabilirsin	3.43
kazanırsın	3.43
kaçmadı	3.43
kelimeden	3.43
keloğlan	3.43
kentleşme	3.43
kentucky	3.43
keşfedildi	3.43
kimine	3.43
kimliğin	3.43
kirby	3.43
kiremit	3.43
komitesinin	3.43
kontrolün	3.43
konusunun	3.43
konuşuldu	3.43
kordon	3.43
korkmuyor	3.43
korkuyorsunuz	3.43
korucu	3.43
korunuyor	3.43
kostümü	3.43
koydunuz	3.43
koyunu	3.43
kucağıma	3.43
kullanabileceği	3.43
kurtulalım	3.43
kurula	3.43
kurunun	3.43
kuvars	3.43
köpeğinin	3.43
kırgın	3.43
kıyas	3.43
kıyıdan	3.43
lenny	3.43
lezzeti	3.43
literatürde	3.43
maddedir	3.43
mahallesindeki	3.43
maliyetini	3.43
malına	3.43
mantığını	3.43
marin	3.43
maskeler	3.43
masumiyet	3.43
mavili	3.43
maximus	3.43
maçıyla	3.43
mensuplarını	3.43
menzili	3.43
meselesine	3.43
mezunlarının	3.43
minute	3.43
misafirimiz	3.43
modaya	3.43
monster	3.43
muharip	3.43
mustang	3.43
müdürlükleri	3.43
mültecilerin	3.43
mürettebatın	3.43
müslümanlardan	3.43
müzesinde	3.43
müzikte	3.43
nakavt	3.43
namazın	3.43
napıyorsun	3.43
natasha	3.43
neal	3.43
necla	3.43
nedenlerini	3.43
nicki	3.43
odasındaki	3.43
ofisinin	3.43
ogün	3.43
okullardan	3.43
okulumuzun	3.43
olduguna	3.43
olmadigini	3.43
olmuştuk	3.43
optimize	3.43
ora	3.43
ormancılık	3.43
ova	3.43
paranoyak	3.43
parçacıkları	3.43
perkins	3.43
peşindeyim	3.43
pilleri	3.43
piston	3.43
planların	3.43
png	3.43
politikayı	3.43
problemim	3.43
proteini	3.43
pudra	3.43
pulmoner	3.43
raydan	3.43
reddeder	3.43
ritmik	3.43
rüzgarda	3.43
rüzgarlar	3.43
sabittir	3.43
sahici	3.43
sahtecilik	3.43
salakça	3.43
saldırıyorlar	3.43
salondan	3.43
sancar	3.43
sandalyeyi	3.43
sandıktan	3.43
sanıklar	3.43
sanıp	3.43
sarıgül	3.43
sarıyor	3.43
satıyoruz	3.43
savaşır	3.43
savcılığı	3.43
sayıyla	3.43
saçlarının	3.43
sağduyulu	3.43
scooby	3.43
seansı	3.43
senem	3.43
sergilendi	3.43
serileri	3.43
seriye	3.43
sevenlerin	3.43
sevgilimi	3.43
sevindik	3.43
seviyesindeki	3.43
seçmeye	3.43
sikişmek	3.43
sikke	3.43
sinekler	3.43
siyasetinde	3.43
soruyorsun	3.43
soruşturmasında	3.43
standartlara	3.43
sterling	3.43
suçlamak	3.43
söylediklerinden	3.43
söylemiştik	3.43
söyleyim	3.43
süheyl	3.43
sürmeyi	3.43
sürüklüyor	3.43
sıhhiye	3.43
sıkılmadan	3.43
sınavından	3.43
sınıflarda	3.43
sığmaz	3.43
tablosunda	3.43
taksiyle	3.43
taktiksel	3.43
talebine	3.43
talih	3.43
taraftarının	3.43
tarihiyle	3.43
tasarladı	3.43
taşlarının	3.43
taşçı	3.43
taşınmasını	3.43
taşıyıcısı	3.43
tehditlere	3.43
tekkeköy	3.43
teknede	3.43
tekneleri	3.43
temizleyen	3.43
tercihler	3.43
terhis	3.43
terzioğlu	3.43
than	3.43
tic	3.43
tiffany	3.43
titizlikle	3.43
topar	3.43
torpil	3.43
troya	3.43
ttk	3.43
törenini	3.43
türban	3.43
türevleri	3.43
tüyap	3.43
ufaklı	3.43
ulaştıran	3.43
ulaşılır	3.43
ultraviyole	3.43
umursamıyor	3.43
unutmayacağız	3.43
utanmaz	3.43
uyandırıyor	3.43
uzaklaşır	3.43
uğrak	3.43
vajinal	3.43
valiliğine	3.43
vargas	3.43
vazgeçer	3.43
velhasıl	3.43
vermelerini	3.43
very	3.43
vilayet	3.43
vintage	3.43
vuku	3.43
vurulur	3.43
wes	3.43
xander	3.43
xi	3.43
yaklaşmış	3.43
yaklaşımını	3.43
yakınlarının	3.43
yakışmaz	3.43
yalamak	3.43
yalnızken	3.43
yanlarını	3.43
yanılıyor	3.43
yapmadılar	3.43
yaptır	3.43
yapılmasının	3.43
yapınız	3.43
yapıştı	3.43
yaratıkların	3.43
yaraya	3.43
yargıda	3.43
yarıştan	3.43
yarıştığı	3.43
yatağından	3.43
yatmaktadır	3.43
yatırdı	3.43
yavaştan	3.43
yazmaktan	3.43
yazılarında	3.43
yaşananlara	3.43
yendiği	3.43
yenilebilir	3.43
yenileri	3.43
yeraltında	3.43
yetiştirdi	3.43
yolumdan	3.43
yıpranmış	3.43
zach	3.43
zinde	3.43
zoraki	3.43
âmin	3.43
çalışmalarımızı	3.43
çalıştırdığı	3.43
çağlarda	3.43
çağlardan	3.43
çekerler	3.43
çevremde	3.43
çoğunlukta	3.43
çıkarlarına	3.43
çıkayım	3.43
çıktığımda	3.43
çıktığına	3.43
çılgınlığı	3.43
ömrümün	3.43
önemseyen	3.43
önerilir	3.43
önerisini	3.43
örnekleme	3.43
ötesini	3.43
özelliğin	3.43
özgeçmişi	3.43
özlemini	3.43
öğretmenlerinin	3.43
ülkemi	3.43
ısrarı	3.43
şahidim	3.43
şairlerin	3.43
şefik	3.43
şevval	3.43
şiirinin	3.43
şirinler	3.43
şubesinin	3.43
şuydu	3.43
abel	3.42
acıdır	3.42
again	3.42
ahali	3.42
airbus	3.42
akademisyenleri	3.42
akredite	3.42
akça	3.42
akımları	3.42
alaya	3.42
alberto	3.42
alınmasından	3.42
alıntılar	3.42
alırsam	3.42
anemi	3.42
anlamayacak	3.42
anlatmam	3.42
anlatılacak	3.42
anlatılıyor	3.42
antibiyotikler	3.42
anılarım	3.42
arabalara	3.42
aranda	3.42
ararlar	3.42
araziler	3.42
arjantinli	3.42
arkamızdan	3.42
arman	3.42
arrow	3.42
arzusunu	3.42
asbest	3.42
aselsan	3.42
ataları	3.42
atağı	3.42
atmosferin	3.42
atsın	3.42
avusturyalı	3.42
ayakla	3.42
aydınlatan	3.42
ayini	3.42
aynıydı	3.42
ayri	3.42
ayrıdır	3.42
azat	3.42
açmayın	3.42
açılabilir	3.42
açımdan	3.42
ağacını	3.42
ağlara	3.42
ağrım	3.42
ağırdır	3.42
aşamasını	3.42
aşırıya	3.42
bakmışsın	3.42
barajın	3.42
basta	3.42
bağlanıp	3.42
bağlanıyor	3.42
bağlayacak	3.42
bağlılığını	3.42
bağıra	3.42
başlasa	3.42
başvurusunda	3.42
başımızdan	3.42
bele	3.42
belgenin	3.42
beğenen	3.42
bildiriyorum	3.42
bileşimi	3.42
bilmedikleri	3.42
binalara	3.42
birds	3.42
birleştirilmesi	3.42
birliklerine	3.42
birlikten	3.42
biterse	3.42
biyo	3.42
biyopsi	3.42
biçimli	3.42
blokları	3.42
blu	3.42
boynuz	3.42
boyunun	3.42
breaking	3.42
brecht	3.42
bulaştı	3.42
cariye	3.42
cast	3.42
cedric	3.42
cesurca	3.42
cevaplarını	3.42
cevheri	3.42
cezalandırmak	3.42
chance	3.42
channel	3.42
chapman	3.42
cindy	3.42
cisimler	3.42
cıva	3.42
dairesinin	3.42
dakikalarca	3.42
dangalak	3.42
datça	3.42
davamız	3.42
davasından	3.42
davranması	3.42
dayısı	3.42
dağlarının	3.42
dağıtılması	3.42
dediğimizde	3.42
delinin	3.42
demekki	3.42
demirden	3.42
denetlemek	3.42
deneyimin	3.42
dengesizlik	3.42
deniyorum	3.42
depoda	3.42
depoları	3.42
depreminde	3.42
dergiyi	3.42
değilsem	3.42
değişmiştir	3.42
değiştiriyorum	3.42
deşik	3.42
dikmiş	3.42
doktorluk	3.42
dokunun	3.42
dolaba	3.42
dolanıyor	3.42
domuzlar	3.42
donör	3.42
dosyasında	3.42
doğunun	3.42
durumumu	3.42
durumundaki	3.42
duvarlarında	3.42
döneceğim	3.42
döneceğiz	3.42
dönemlerden	3.42
dönmüyor	3.42
dükü	3.42
düşünsem	3.42
düşünsün	3.42
düşürüp	3.42
edemediğim	3.42
ederdik	3.42
edilmediği	3.42
egemenliğini	3.42
eker	3.42
ekrandan	3.42
ellerinle	3.42
energy	3.42
erime	3.42
eserlerine	3.42
eteği	3.42
etkilemektedir	3.42
etmezsen	3.42
ettiğimde	3.42
evil	3.42
evinizden	3.42
excel	3.42
eğlenceyi	3.42
eşe	3.42
fairy	3.42
fakültesini	3.42
farklılığı	3.42
farkındalığı	3.42
faşizmin	3.42
figürler	3.42
fink	3.42
firmasına	3.42
fotoğraflarla	3.42
futbolculardan	3.42
gayesi	3.42
gayreti	3.42
geleceğinden	3.42
gelirsem	3.42
gelmiyorsun	3.42
gençlerimizi	3.42
gereçleri	3.42
gerçekleştirerek	3.42
gerçekleştirmektedir	3.42
getirilip	3.42
getirmişler	3.42
geçirilmiştir	3.42
geçirmeden	3.42
girmesinden	3.42
grimm	3.42
göndermişti	3.42
görebileceği	3.42
görebiliyor	3.42
göreceğim	3.42
görevimizi	3.42
görmen	3.42
görülebilmektedir	3.42
görülmekte	3.42
görünme	3.42
görüşüyoruz	3.42
gösterdiğim	3.42
göstericiler	3.42
götürmez	3.42
gözlerimizi	3.42
gözlerimle	3.42
göğün	3.42
gülüyorum	3.42
günahlardan	3.42
günahların	3.42
gündemden	3.42
günlerinin	3.42
gırtlak	3.42
habercilik	3.42
halden	3.42
halükarda	3.42
harcamaya	3.42
hatanın	3.42
hatim	3.42
hatırlat	3.42
hayallerinizi	3.42
hermione	3.42
heteroseksüel	3.42
hiçbirine	3.42
holt	3.42
hoşlanmaz	3.42
humphrey	3.42
icabet	3.42
ifadelerine	3.42
iftihar	3.42
ihaneti	3.42
ihtiyacim	3.42
ikimize	3.42
ikon	3.42
iksir	3.42
incelenmiştir	3.42
indirilmesi	3.42
insanına	3.42
insanını	3.42
isimleriyle	3.42
iskeleti	3.42
isteğimiz	3.42
isyancılar	3.42
iti	3.42
itip	3.42
itirafı	3.42
izlerinin	3.42
içerebilir	3.42
içkiler	3.42
içmem	3.42
işbirliğiyle	3.42
işledim	3.42
işlemcisi	3.42
işlemlerinin	3.42
işçiye	3.42
jeong	3.42
johann	3.42
jürinin	3.42
kabiliyetine	3.42
kabusu	3.42
kadınsı	3.42
kafanızda	3.42
kafeye	3.42
kaldi	3.42
kalitesinin	3.42
kalım	3.42
kameraların	3.42
kampüsünde	3.42
kamuflaj	3.42
kanları	3.42
kanunen	3.42
karakterize	3.42
karakterlere	3.42
karamürsel	3.42
karsı	3.42
karşıdır	3.42
kasabayı	3.42
kasıp	3.42
kati	3.42
katliamın	3.42
katılmadı	3.42
kavgaları	3.42
kavramlarını	3.42
kavrulmuş	3.42
kavuşturmak	3.42
kazanınca	3.42
kağıthane	3.42
kendileriyle	3.42
kiraladı	3.42
kitaplık	3.42
komikti	3.42
konumları	3.42
konuşamaz	3.42
kooperatifi	3.42
kopenhag	3.42
koşuyorum	3.42
kralları	3.42
kulaklarım	3.42
kullanımından	3.42
kuponları	3.42
kurbanlık	3.42
kurduğunuz	3.42
kurmaktan	3.42
kuruluşlara	3.42
kuruluşlarına	3.42
köküne	3.42
köpeğini	3.42
köşelerinde	3.42
kıpkırmızı	3.42
kırlangıç	3.42
kırılacak	3.42
lafa	3.42
livaneli	3.42
loca	3.42
lotus	3.42
madeleine	3.42
madımak	3.42
majör	3.42
makamının	3.42
matthews	3.42
medresesi	3.42
memurların	3.42
merdivenden	3.42
mesajların	3.42
mevlid	3.42
mevsimler	3.42
mezardan	3.42
mgk	3.42
milletlerarası	3.42
minnettarım	3.42
moldova	3.42
moralim	3.42
motorunun	3.42
munzur	3.42
mutluydum	3.42
mülkiye	3.42
müreffeh	3.42
mıt	3.42
namazından	3.42
nedenidir	3.42
nefesim	3.42
nesnesi	3.42
nida	3.42
nikola	3.42
noktalarının	3.42
okuyalım	3.42
olacağımızı	3.42
olacağınız	3.42
olmamalıdır	3.42
optimum	3.42
ortaylı	3.42
oswald	3.42
oynamıyor	3.42
oynayacağız	3.42
oynuyorsun	3.42
pahalıdır	3.42
parke	3.42
partidir	3.42
pencerede	3.42
performansının	3.42
petersburg	3.42
peşindesin	3.42
peşmerge	3.42
polar	3.42
profesyoneller	3.42
protokolleri	3.42
puanlama	3.42
rahatlığıyla	3.42
rahmeti	3.42
rakamlarına	3.42
ramsey	3.42
raporlarına	3.42
rektörlüğü	3.42
renginin	3.42
resimlerde	3.42
rf	3.42
richmond	3.42
rojava	3.42
rolling	3.42
roth	3.42
royce	3.42
ruble	3.42
ruhsatı	3.42
rumi	3.42
ruslara	3.42
rüzgarları	3.42
saflarında	3.42
saflık	3.42
saklıyor	3.42
salgı	3.42
sali	3.42
sapasağlam	3.42
satarken	3.42
save	3.42
savunmasında	3.42
sayıldığı	3.42
sağlıyordu	3.42
sağlığınıza	3.42
seat	3.42
sedasız	3.42
seferihisar	3.42
selefi	3.42
semiha	3.42
series	3.42
serisinden	3.42
sesiniz	3.42
sevişmeye	3.42
seyredin	3.42
sezgisel	3.42
sha	3.42
shadow	3.42
sinirlenen	3.42
sistemlerinden	3.42
siyer	3.42
sofraya	3.42
sokrates	3.42
soluna	3.42
som	3.42
sonla	3.42
sorunlarımızı	3.42
soğanlı	3.42
soğuğa	3.42
sunmuş	3.42
suriyelilerin	3.42
susuzluktan	3.42
systems	3.42
söndürme	3.42
sülük	3.42
sürdürmekte	3.42
sürecindeki	3.42
sürmekte	3.42
sürmüştü	3.42
sürümleri	3.42
sürüngen	3.42
sıcaklığa	3.42
sıcaklığının	3.42
sıkışık	3.42
sızıntısı	3.42
sığınmacı	3.42
tabana	3.42
tabletler	3.42
tamamladığı	3.42
tanımadım	3.42
tanımlaması	3.42
tanımları	3.42
tanıtma	3.42
tanıyın	3.42
tarafıma	3.42
tarot	3.42
tartışılmaz	3.42
tavuklar	3.42
taşımış	3.42
taşınmaz	3.42
temizlerken	3.42
tenezzül	3.42
testinin	3.42
teyzemin	3.42
tonla	3.42
tribünü	3.42
tristan	3.42
ulaşıldı	3.42
unutmuşsun	3.42
uruguay	3.42
user	3.42
ustalar	3.42
ustanın	3.42
uyarlanmış	3.42
uygulanmış	3.42
uygunsa	3.42
uyurum	3.42
uzatan	3.42
vader	3.42
vakitler	3.42
vaktinin	3.42
vekaleten	3.42
velet	3.42
vereceklerini	3.42
vereceğine	3.42
verilip	3.42
veriniz	3.42
veritabanında	3.42
vermiyorsunuz	3.42
versinler	3.42
versiyonları	3.42
vesileyle	3.42
wireless	3.42
yakalandım	3.42
yakalıyor	3.42
yaklaştığı	3.42
yansıtıyor	3.42
yapabileceklerini	3.42
yapmadın	3.42
yardımcılığına	3.42
yarıyı	3.42
yayındayız	3.42
yazara	3.42
yağar	3.42
yaşananların	3.42
yediğiniz	3.42
yelkenli	3.42
yemenin	3.42
yenilerini	3.42
yiyeceğim	3.42
yoda	3.42
yolladığı	3.42
yumurtalı	3.42
yuvaları	3.42
yönetimden	3.42
yönleriyle	3.42
yöntemde	3.42
yöntemlerinin	3.42
yüzeyler	3.42
yüzleşme	3.42
yüzünüzden	3.42
yıkılacak	3.42
çalışmanız	3.42
çemberin	3.42
çevirecek	3.42
çocuğuma	3.42
çömlek	3.42
çözülecek	3.42
çıkamıyorum	3.42
çıkarsan	3.42
çıkarılmasını	3.42
çıkarıyorlar	3.42
çıkışlar	3.42
çıldırmış	3.42
öbürü	3.42
öcü	3.42
öykünün	3.42
ülkemin	3.42
ünlüleri	3.42
üretip	3.42
üsküp	3.42
üssüne	3.42
üstümden	3.42
üstündür	3.42
üstünüze	3.42
ılgın	3.42
ınn	3.42
ısınıyor	3.42
ışınlarının	3.42
şakalar	3.42
şarkısına	3.42
şehirli	3.42
şeklin	3.42
şifrelerini	3.42
şiirlerinde	3.42
şubatta	3.42
şövalyeler	3.42
λ	3.42
abidesi	3.41
abisinin	3.41
acaip	3.41
aceleye	3.41
acentesi	3.41
adresim	3.41
advanced	3.41
ailenize	3.41
akacak	3.41
aktaran	3.41
akülü	3.41
akımına	3.41
alanson	3.41
aldatıcı	3.41
almazlar	3.41
amd	3.41
angus	3.41
anlayışa	3.41
anteni	3.41
antidepresan	3.41
araştırmalarına	3.41
arttırmaya	3.41
arttığını	3.41
askerle	3.41
asırlardır	3.41
atınca	3.41
atıştırmalık	3.41
avrupada	3.41
ayaklarımı	3.41
ayağımın	3.41
ayrılabilir	3.41
balçova	3.41
balı	3.41
barney	3.41
basından	3.41
bayezid	3.41
bayrağına	3.41
başladığın	3.41
başlangıcını	3.41
başlatılmış	3.41
başlayacağı	3.41
bed	3.41
beka	3.41
beklemesi	3.41
beklemez	3.41
beklenenden	3.41
bekleyerek	3.41
bekleyiş	3.41
belirtilmiş	3.41
beraberliğe	3.41
bildirilmektedir	3.41
biliminin	3.41
bilincin	3.41
bindiği	3.41
birimizin	3.41
birimlerini	3.41
birleştirdi	3.41
birleştirilmiş	3.41
birşeyin	3.41
bitiminden	3.41
bitkilerde	3.41
bitkilerden	3.41
boşalmak	3.41
branşta	3.41
bridge	3.41
budapeşte	3.41
bulandırıcı	3.41
bulmaktadır	3.41
bulunmaktayım	3.41
buluşu	3.41
buluşuyoruz	3.41
bulvar	3.41
bunlarin	3.41
buraların	3.41
burnun	3.41
butonu	3.41
buy	3.41
büyükanne	3.41
büyüten	3.41
büyüyerek	3.41
caddelerde	3.41
canlandı	3.41
cecilia	3.41
cellat	3.41
cevahir	3.41
cevapla	3.41
civarına	3.41
curt	3.41
cynthia	3.41
cünkü	3.41
dane	3.41
dani	3.41
date	3.41
davrandım	3.41
davranışlarına	3.41
dağıtımını	3.41
debbie	3.41
denediniz	3.41
deneyip	3.41
dengeler	3.41
denildiğinde	3.41
denis	3.41
departman	3.41
derbisinde	3.41
deterjan	3.41
devamsızlık	3.41
devletle	3.41
değişimine	3.41
değiştin	3.41
dilediğiniz	3.41
dillerden	3.41
dinamit	3.41
direction	3.41
dokular	3.41
dolayında	3.41
doğma	3.41
doğmak	3.41
doğudaki	3.41
doğurganlık	3.41
duyarlılığı	3.41
duymadık	3.41
dükkânı	3.41
düzelt	3.41
düzenlemeyi	3.41
düzeydeki	3.41
düzlemde	3.41
düşerler	3.41
düşmanla	3.41
edebilmesi	3.41
edebî	3.41
edi	3.41
edilirdi	3.41
eksikliğinden	3.41
emeğine	3.41
emmy	3.41
enstitüleri	3.41
ergun	3.41
ertelemek	3.41
ertelenmiş	3.41
etiketler	3.41
etmemizi	3.41
etmezsin	3.41
ettiriyor	3.41
evimizi	3.41
eğirdir	3.41
fifa	3.41
filtreleme	3.41
fiyatlarını	3.41
floransa	3.41
fonksiyonlarını	3.41
fonksiyonunu	3.41
forrest	3.41
gecekondu	3.41
geleneklerine	3.41
geli	3.41
georges	3.41
gerekliydi	3.41
gerçekleşebilir	3.41
getiriyorum	3.41
geçirmesine	3.41
gibiydin	3.41
gidersek	3.41
girmektedir	3.41
gitmeleri	3.41
griffith	3.41
göndereceğiz	3.41
gönderiliyor	3.41
görevim	3.41
görkem	3.41
görünümünde	3.41
göstergeler	3.41
göstermeden	3.41
göynük	3.41
gözlemlemek	3.41
gözlerde	3.41
güldür	3.41
güzellikte	3.41
güzelliğiyle	3.41
güçlerle	3.41
gına	3.41
hafızasını	3.41
halleder	3.41
hallerde	3.41
halısı	3.41
haneye	3.41
harley	3.41
hassastır	3.41
hatırladın	3.41
hayale	3.41
hayvanlarını	3.41
hedeflenen	3.41
hepsiyle	3.41
hevesle	3.41
heyecanlandım	3.41
higgins	3.41
hislerimi	3.41
hissederek	3.41
hitaben	3.41
honey	3.41
honor	3.41
hristiyanlar	3.41
hutbe	3.41
hükümette	3.41
hırvat	3.41
ibo	3.41
ibranice	3.41
iddiasında	3.41
ihaleyi	3.41
ilahiyatçı	3.41
ilanından	3.41
ilkeli	3.41
illerden	3.41
ilçemizin	3.41
imdb	3.41
inandıkları	3.41
israfı	3.41
istemiyorsun	3.41
itina	3.41
iyiden	3.41
izinleri	3.41
izlediğini	3.41
izlemedim	3.41
izleyicileri	3.41
içmeden	3.41
josé	3.41
kalabalıklar	3.41
kaldıramaz	3.41
kaldırmayı	3.41
kaldırsın	3.41
kaldırılır	3.41
kalemini	3.41
kalkarsa	3.41
kalktığı	3.41
kalıbı	3.41
kalırsan	3.41
kampları	3.41
kampüste	3.41
kanalından	3.41
kanguru	3.41
kapasitesinin	3.41
kapını	3.41
karadayı	3.41
kararlarının	3.41
kardeşidir	3.41
kardeşimizin	3.41
kardeşlerimizi	3.41
kardeşliğin	3.41
karşılanır	3.41
karşıyız	3.41
kasada	3.41
katılımlarıyla	3.41
kaybederse	3.41
kaybediyorsun	3.41
kaybetmedim	3.41
kaydederek	3.41
kaydırma	3.41
kaynaklarında	3.41
kaynağımız	3.41
kazananları	3.41
kaçakları	3.41
kendall	3.41
kendilerince	3.41
kesintileri	3.41
kids	3.41
kiriş	3.41
kirpi	3.41
kitleleri	3.41
koduğumun	3.41
komisyonun	3.41
komutanın	3.41
komutasındaki	3.41
konuşabilir	3.41
konuşmasından	3.41
koparmak	3.41
korkutmak	3.41
korumasını	3.41
koyulan	3.41
kullanmıyor	3.41
kullanılmalıdır	3.41
kullarına	3.41
kupaları	3.41
kurtarılması	3.41
kuruluşunu	3.41
kurumlarından	3.41
kutuda	3.41
kutusunun	3.41
köpekbalığı	3.41
kötüyü	3.41
küf	3.41
kültürlerin	3.41
kılıçlar	3.41
kırdığı	3.41
kırkpınar	3.41
kıyısından	3.41
kıçı	3.41
lafım	3.41
lambalar	3.41
language	3.41
lc	3.41
lebron	3.41
libero	3.41
liradan	3.41
lisenin	3.41
lolita	3.41
luka	3.41
madenler	3.41
mafyası	3.41
maket	3.41
mantıkla	3.41
matematikçi	3.41
materyali	3.41
maximum	3.41
maxwell	3.41
mağazasında	3.41
maşa	3.41
mercury	3.41
mevduat	3.41
mevsimin	3.41
meydanlar	3.41
mezarında	3.41
mikail	3.41
mimarları	3.41
minibüste	3.41
miraç	3.41
mizahi	3.41
montajı	3.41
moses	3.41
mossad	3.41
musk	3.41
mücadeleleri	3.41
müdahalede	3.41
müdahele	3.41
müdüre	3.41
mıydın	3.41
natural	3.41
nazikçe	3.41
naçizane	3.41
nedensiz	3.41
nino	3.41
nirvana	3.41
niyetleri	3.41
norma	3.41
nuriye	3.41
oklar	3.41
okyanusa	3.41
olcak	3.41
olimpiyatlar	3.41
olmayalım	3.41
olunacak	3.41
omlet	3.41
ordumuz	3.41
otis	3.41
oynaya	3.41
paramızı	3.41
parkına	3.41
pedal	3.41
penaltıyı	3.41
pepsi	3.41
performanslarını	3.41
petrolün	3.41
piyasadaki	3.41
poğaça	3.41
prensesim	3.41
profiline	3.41
programlara	3.41
programlı	3.41
proteinler	3.41
puro	3.41
ramak	3.41
ranger	3.41
ras	3.41
reçine	3.41
rotasını	3.41
ruhumun	3.41
saatle	3.41
safhada	3.41
sakatlandı	3.41
sandıklı	3.41
sao	3.41
saracoğlu	3.41
sarayına	3.41
sargı	3.41
savcıya	3.41
saçına	3.41
sağlarken	3.41
sağlığınız	3.41
sekteye	3.41
senatörü	3.41
sentezi	3.41
sergiliyor	3.41
sevdiğinden	3.41
sevgimi	3.41
seymour	3.41
shepherd	3.41
sikime	3.41
sinirlendim	3.41
sitelerine	3.41
siyonizm	3.41
skin	3.41
sonsuzluğa	3.41
sonum	3.41
soyle	3.41
soyunun	3.41
soğukkanlı	3.41
spk	3.41
spordan	3.41
stars	3.41
sudur	3.41
suite	3.41
suçlarını	3.41
söylemektedir	3.41
sözden	3.41
sülfür	3.41
sıcaklığına	3.41
sıkın	3.41
sınavlarda	3.41
sıralanabilir	3.41
sırtımda	3.41
sıçradı	3.41
tahribat	3.41
takılma	3.41
taleplerinizi	3.41
tanışmaya	3.41
tarifeli	3.41
tasarımlı	3.41
tayfası	3.41
tedbiri	3.41
tefsiri	3.41
teleskop	3.41
teoriler	3.41
tepeleri	3.41
tesekkürler	3.41
tesise	3.41
testinde	3.41
through	3.41
tito	3.41
titreme	3.41
titreyen	3.41
tiyatrocu	3.41
toksin	3.41
trafiğine	3.41
tutuyordu	3.41
tutuyorlar	3.41
ty	3.41
türevi	3.41
türklerden	3.41
türlerinde	3.41
ubuntu	3.41
ucuyla	3.41
ultrason	3.41
uyarlama	3.41
uydular	3.41
uygarlığın	3.41
uymaz	3.41
uyuyun	3.41
uzaklaşıp	3.41
uzatmaya	3.41
uzerine	3.41
varlığıyla	3.41
veremiyor	3.41
vermediniz	3.41
vermesiyle	3.41
vermeyeceğini	3.41
vicdanını	3.41
vurduğunu	3.41
vücutları	3.41
vücuttan	3.41
women	3.41
wp	3.41
yakalayarak	3.41
yakasını	3.41
yaklaşmakta	3.41
yansır	3.41
yanıtını	3.41
yapmalısın	3.41
yaptırma	3.41
yaptırımlar	3.41
yapılmayacak	3.41
yaralanması	3.41
yarat	3.41
yargılamak	3.41
yarışlar	3.41
yayınlanıyor	3.41
yayınlayarak	3.41
yazmışlar	3.41
yazılabilir	3.41
yazısına	3.41
yağmuruna	3.41
yaşamıyorum	3.41
yaşıyorsa	3.41
yeah	3.41
yegâne	3.41
yemedi	3.41
yemektir	3.41
yenilenme	3.41
yenilgiyi	3.41
yerimize	3.41
yerlerdeki	3.41
yerleşmek	3.41
yerlileri	3.41
yetişmek	3.41
yetkililerinin	3.41
yoğunluğunun	3.41
yöreye	3.41
yıkıyor	3.41
yıldıray	3.41
zayn	3.41
zhao	3.41
ziyaretçilere	3.41
ziyaretçileri	3.41
zorlamaya	3.41
zorlandı	3.41
zorlaşıyor	3.41
zoruyla	3.41
çalıştırma	3.41
çamurdan	3.41
çatır	3.41
çaycuma	3.41
çağırıyorum	3.41
çekeceğini	3.41
çekmedi	3.41
çekmekten	3.41
çekmez	3.41
çektiğiniz	3.41
çi	3.41
çiftliğinde	3.41
çiftçiye	3.41
çişim	3.41
çocukluğumda	3.41
çıkarmanın	3.41
çıkarırlar	3.41
çıkışa	3.41
çıtayı	3.41
ödemesini	3.41
ödeniyor	3.41
öncel	3.41
öncesindeki	3.41
önlemi	3.41
önyargı	3.41
önünüzde	3.41
örneğinde	3.41
özdilek	3.41
özlediğini	3.41
öznel	3.41
öğrencilerle	3.41
öğretici	3.41
ümitsiz	3.41
üyelerden	3.41
ınstitute	3.41
ıvy	3.41
şanssızlık	3.41
şapkası	3.41
şehitlerin	3.41
şuana	3.41
acik	3.4
adak	3.4
adile	3.4
aga	3.4
ahir	3.4
aker	3.4
aktarılması	3.4
akılla	3.4
akıllarda	3.4
aladağ	3.4
alanlarındaki	3.4
algılar	3.4
altıma	3.4
alıcının	3.4
amelia	3.4
amr	3.4
ananın	3.4
anar	3.4
andır	3.4
apo	3.4
aq	3.4
arayalım	3.4
araştırmasına	3.4
arkadaşından	3.4
arkadaşınızı	3.4
arzular	3.4
arızası	3.4
askerlikten	3.4
asın	3.4
atılmak	3.4
atıyorsunuz	3.4
avcılığı	3.4
avlusunda	3.4
aw	3.4
aydoğdu	3.4
aykırıdır	3.4
ayrılalım	3.4
ayrımcı	3.4
ayrıntıyı	3.4
açacağını	3.4
açmanın	3.4
açıkladılar	3.4
açıklamıştır	3.4
ağlıyordu	3.4
aşireti	3.4
aşkları	3.4
babalarını	3.4
bahsettim	3.4
bahçenin	3.4
bahçesini	3.4
bakanlığından	3.4
balinalar	3.4
bandında	3.4
bankasının	3.4
bankayı	3.4
banvit	3.4
barlas	3.4
basketbolcu	3.4
battle	3.4
batısı	3.4
bazan	3.4
başarılıydı	3.4
başarıyor	3.4
başkonsolosu	3.4
başlandığı	3.4
başlıyordu	3.4
beatles	3.4
bebekten	3.4
bebeğinin	3.4
bedenler	3.4
bekletme	3.4
bekleyeceğim	3.4
belirtiliyor	3.4
besinleri	3.4
besliyor	3.4
bestesi	3.4
beylerin	3.4
beğendiğiniz	3.4
beğenerek	3.4
bihaber	3.4
bilgilerinin	3.4
bilgiç	3.4
birkez	3.4
birleştirip	3.4
birliklerini	3.4
biteceğini	3.4
bitirdiler	3.4
bittin	3.4
biyoteknoloji	3.4
biçimlerde	3.4
bloomberg	3.4
boşandı	3.4
bugünlük	3.4
bulunun	3.4
burnumu	3.4
buyum	3.4
bölümle	3.4
bükme	3.4
bünyamin	3.4
bırakmamış	3.4
bırakmasını	3.4
bırakıyorsun	3.4
camus	3.4
cesar	3.4
christie	3.4
christmas	3.4
cinnet	3.4
cnr	3.4
crane	3.4
crush	3.4
dakikaları	3.4
dakota	3.4
dalıdır	3.4
danışmanlar	3.4
danışmanlığını	3.4
darende	3.4
dash	3.4
database	3.4
davalı	3.4
deliğini	3.4
derecesinde	3.4
derinlere	3.4
desteklediğini	3.4
desteklenmektedir	3.4
deutsche	3.4
development	3.4
değişmesini	3.4
diledim	3.4
dileyin	3.4
diyadin	3.4
diyeceğimi	3.4
dişinin	3.4
dl	3.4
dolores	3.4
doymamış	3.4
doyurmak	3.4
doğarken	3.4
dumbledore	3.4
durmam	3.4
durumuyla	3.4
duvardaki	3.4
duygudur	3.4
duygulu	3.4
dönemli	3.4
düdüğü	3.4
dünyamıza	3.4
dürüm	3.4
düşmekten	3.4
düşünebilirsiniz	3.4
düşünmem	3.4
edilmemiştir	3.4
ejderhalar	3.4
elektriğe	3.4
elton	3.4
emekliler	3.4
emektar	3.4
epik	3.4
erdiği	3.4
eserlerden	3.4
esirgeme	3.4
eskrim	3.4
etkilemiştir	3.4
etkilenerek	3.4
etkinliklerinde	3.4
etleri	3.4
etten	3.4
ettir	3.4
ezber	3.4
eğiliminde	3.4
eğlencenin	3.4
faaliyetine	3.4
fabrikalarda	3.4
fabrikaya	3.4
farklısın	3.4
fatihi	3.4
faydalanmak	3.4
fda	3.4
felçli	3.4
fili	3.4
fotoğrafımı	3.4
fırladı	3.4
gaddar	3.4
gariplik	3.4
gecedir	3.4
geleceksiniz	3.4
gelirin	3.4
gelirinin	3.4
gelirlerinin	3.4
gelişimin	3.4
generaller	3.4
gerede	3.4
gerektirmektedir	3.4
gergedan	3.4
getirecektir	3.4
getireceği	3.4
getiriyordu	3.4
gezerek	3.4
geçeceği	3.4
geçerdi	3.4
geçirirler	3.4
geçirmesini	3.4
geçişleri	3.4
gibiydik	3.4
girdiniz	3.4
girene	3.4
gitarı	3.4
gitmektedir	3.4
giydiğim	3.4
giysisi	3.4
gladyatör	3.4
goldman	3.4
gollerle	3.4
gruplarla	3.4
gömmek	3.4
gönderilmesini	3.4
görevlendirildi	3.4
görmeleri	3.4
görüşmesine	3.4
gösterisinde	3.4
götürmüş	3.4
götürsün	3.4
gözümüze	3.4
gözümüzü	3.4
gücümüzle	3.4
günlerdi	3.4
güçlüğü	3.4
hadisler	3.4
hae	3.4
hafifletmek	3.4
hakikatin	3.4
haklılar	3.4
haldeki	3.4
harabe	3.4
harcamış	3.4
hareketidir	3.4
hareketlerinden	3.4
hastalıkta	3.4
hatırlatalım	3.4
hatırlayalım	3.4
hayranlarının	3.4
hayrı	3.4
hayvanlarının	3.4
hazırlarken	3.4
hazırlıklara	3.4
hero	3.4
hesaplamak	3.4
hesaplamaları	3.4
hizaya	3.4
hukukunu	3.4
hâla	3.4
ilerleyerek	3.4
ilkinde	3.4
imamlar	3.4
inanması	3.4
inşasına	3.4
istemeyiz	3.4
istemsiz	3.4
istenirse	3.4
istifaya	3.4
istiyordur	3.4
izlediğimiz	3.4
izlerine	3.4
izleyiciye	3.4
iznine	3.4
içel	3.4
içerdeki	3.4
içlerindeki	3.4
içmenin	3.4
içtikten	3.4
içtiğim	3.4
işletmenin	3.4
jennings	3.4
joanna	3.4
justine	3.4
kabahat	3.4
kaliteyi	3.4
kalkınca	3.4
kalmasının	3.4
kanatların	3.4
kanıtlanmıştır	3.4
kapasitede	3.4
kapağına	3.4
karakolda	3.4
karakterle	3.4
karapınar	3.4
karargah	3.4
karası	3.4
karşılaşınca	3.4
karşılaşıyor	3.4
katibi	3.4
katılacağını	3.4
katılmıştı	3.4
katılımcılara	3.4
kaybedersiniz	3.4
kaydedip	3.4
kazanacaktır	3.4
kazanı	3.4
kaçmasına	3.4
kaçırdık	3.4
kağıdın	3.4
kelimelerini	3.4
kenevir	3.4
keşfeden	3.4
kimlikler	3.4
kirpik	3.4
koala	3.4
komiseri	3.4
konseyin	3.4
konsolu	3.4
konuşmaların	3.4
konuşuyordu	3.4
korece	3.4
kulaklar	3.4
kulağım	3.4
kullanabilirler	3.4
kulübünden	3.4
kuralını	3.4
kurmaca	3.4
kuruluşlarında	3.4
kuşa	3.4
kâbe	3.4
kömürü	3.4
köyceğiz	3.4
külot	3.4
küsur	3.4
kıyılarına	3.4
lekeli	3.4
linus	3.4
log	3.4
low	3.4
lumia	3.4
madalyayı	3.4
mae	3.4
makamlar	3.4
marsh	3.4
mas	3.4
mayonez	3.4
mean	3.4
memesi	3.4
memiş	3.4
memphis	3.4
memurunun	3.4
meşrutiyet	3.4
milliyetçisi	3.4
mimarisinin	3.4
muazzez	3.4
muhacir	3.4
mumya	3.4
mutfağının	3.4
mültecilere	3.4
münhasır	3.4
narenciye	3.4
nazır	3.4
nefesimi	3.4
nene	3.4
ng	3.4
niksar	3.4
ninni	3.4
nişanlı	3.4
noktalardan	3.4
norris	3.4
np	3.4
nüshası	3.4
odadaki	3.4
olabildiği	3.4
olacaklardır	3.4
oldugumu	3.4
olmayacaksınız	3.4
olmazdık	3.4
olunması	3.4
oluşturdum	3.4
onayladığı	3.4
optimus	3.4
ordular	3.4
oturuyordu	3.4
oğlundan	3.4
paranormal	3.4
pası	3.4
perdenin	3.4
performansın	3.4
performansına	3.4
perisi	3.4
piyasalar	3.4
pişirmek	3.4
planlanmaktadır	3.4
popo	3.4
pretty	3.4
proton	3.4
quick	3.4
racing	3.4
rafine	3.4
raporlara	3.4
reaktif	3.4
reddetme	3.4
reklamlarında	3.4
rodrigo	3.4
rudy	3.4
rüzgârı	3.4
sabrina	3.4
sadakati	3.4
sahnelerde	3.4
sakar	3.4
salonlarında	3.4
sanchez	3.4
sandığımız	3.4
saptamak	3.4
savaşlara	3.4
sayarak	3.4
saygınlık	3.4
saça	3.4
sağlandığı	3.4
sağlayıp	3.4
seksüel	3.4
selçuklular	3.4
senaryoda	3.4
senatosu	3.4
senelerce	3.4
senelerde	3.4
senetleri	3.4
sergide	3.4
sergio	3.4
sevgilimle	3.4
sevinçten	3.4
seviyelerini	3.4
sheldon	3.4
shelley	3.4
sigma	3.4
sinirlerimi	3.4
sinirliyim	3.4
sitemizde	3.4
siyasiler	3.4
sizlersiniz	3.4
sofya	3.4
solgun	3.4
solun	3.4
sordun	3.4
sorgun	3.4
sorunlarıyla	3.4
soçi	3.4
spoiler	3.4
sscb	3.4
stabilize	3.4
stay	3.4
stereo	3.4
stilini	3.4
sunarken	3.4
susturmak	3.4
sümüklü	3.4
sürdürür	3.4
sürsün	3.4
sıcağı	3.4
sıkıya	3.4
sında	3.4
sığınmak	3.4
tahtadan	3.4
talepte	3.4
tali	3.4
tamamlanmamış	3.4
tanınıyor	3.4
tarihimizin	3.4
taşıdıkları	3.4
teklifine	3.4
teknolojisine	3.4
tepesinden	3.4
tepkilere	3.4
tercihen	3.4
tesisat	3.4
tesislerine	3.4
teste	3.4
testosteron	3.4
teyzenin	3.4
thank	3.4
tika	3.4
tirmizî	3.4
toni	3.4
toplarken	3.4
toplumuna	3.4
turna	3.4
tuttular	3.4
tutuksuz	3.4
tutulmuştur	3.4
tüfekleri	3.4
tümden	3.4
tümer	3.4
tüzük	3.4
unutmadı	3.4
unutmaz	3.4
ust	3.4
uzayan	3.4
uçacak	3.4
uçağına	3.4
uçuşun	3.4
uğramıştır	3.4
uğraşamam	3.4
verebilmek	3.4
vestel	3.4
wagner	3.4
websitesi	3.4
week	3.4
yakalı	3.4
yakalım	3.4
yaklaşmayın	3.4
yakınlaşma	3.4
yakınından	3.4
yakışacak	3.4
yalnızız	3.4
yanıtladı	3.4
yapamadığı	3.4
yapamayacağı	3.4
yaptıklarınızı	3.4
yapışık	3.4
yaralılara	3.4
yaramazlık	3.4
yardımcısının	3.4
yarınlara	3.4
yarışını	3.4
yaymaya	3.4
yayılmasına	3.4
yayınla	3.4
yayınlamaya	3.4
yayınların	3.4
yağmurlar	3.4
yaşamamak	3.4
yaşamaz	3.4
yaşamından	3.4
yaşantısı	3.4
yds	3.4
yemyeşil	3.4
yersen	3.4
yeteneklerinin	3.4
yetiştirilmesi	3.4
yeğen	3.4
yollarımız	3.4
yolunuzu	3.4
yoğunlaşan	3.4
yoğunlukta	3.4
yöneltilen	3.4
yönlendirici	3.4
yönünün	3.4
yüzerek	3.4
yüzeyini	3.4
yıkayıp	3.4
yıldaki	3.4
zehirlenme	3.4
zihniyetin	3.4
zormuş	3.4
çalgı	3.4
çalıyorlar	3.4
çalışana	3.4
çalışmasından	3.4
çalıştır	3.4
çağını	3.4
çengelköy	3.4
çiftçilerin	3.4
çocuksun	3.4
çoruh	3.4
çoğuna	3.4
çöplük	3.4
çürümeye	3.4
çıkarmaz	3.4
çıkartacak	3.4
çıkarıcı	3.4
çıkarılarak	3.4
çıkılmaz	3.4
ödevleri	3.4
öldürdün	3.4
öldürülmesini	3.4
ölçeğinde	3.4
ölçülebilir	3.4
önsöz	3.4
örme	3.4
özdağ	3.4
özlemle	3.4
öğreniyorsun	3.4
ürettikleri	3.4
üyesini	3.4
ının	3.4
ısbn	3.4
ışıklandırma	3.4
şahidi	3.4
şeyiniz	3.4
şiirden	3.4
şirketiyle	3.4
şişeyi	3.4
şükret	3.4
absürt	3.39
acılara	3.39
acısız	3.39
adaptasyon	3.39
aileyle	3.39
akgül	3.39
akira	3.39
aktardığı	3.39
aktörü	3.39
akılsız	3.39
alabilen	3.39
albüme	3.39
alemin	3.39
almasıyla	3.39
almeida	3.39
alıcıları	3.39
andolsun	3.39
anlamıyorsunuz	3.39
anlardan	3.39
anlatarak	3.39
anlatıyorsun	3.39
anlaşılma	3.39
annenize	3.39
apartmanın	3.39
apaçi	3.39
aradıkları	3.39
araz	3.39
arkanı	3.39
arkın	3.39
arya	3.39
atanmıştır	3.39
atıklar	3.39
atılarak	3.39
ayakkabıyı	3.39
ayarlarına	3.39
ayrımcılığı	3.39
ayva	3.39
açik	3.39
açılsın	3.39
ağacına	3.39
ağladığını	3.39
bahsetmiştim	3.39
bakana	3.39
bakanlığa	3.39
bakanının	3.39
baldwin	3.39
balıkçılar	3.39
bankalara	3.39
bask	3.39
bastırılmış	3.39
batıdaki	3.39
bayıldı	3.39
bağrına	3.39
başarısızlıkla	3.39
başarısızlığı	3.39
başkente	3.39
başlatır	3.39
başçavuş	3.39
başımızda	3.39
beddua	3.39
belediyesinde	3.39
belirledik	3.39
benekli	3.39
bilesin	3.39
bilgisayarla	3.39
bilgisayarlara	3.39
biliyorsa	3.39
bilsinler	3.39
binerek	3.39
birdaha	3.39
bireye	3.39
bismil	3.39
bloklar	3.39
bodrumda	3.39
boyda	3.39
bozcaada	3.39
boğazıma	3.39
bp	3.39
branşı	3.39
britney	3.39
bulamadığı	3.39
bulamayacak	3.39
bulandırıyor	3.39
bulantısı	3.39
bölmeye	3.39
bölündü	3.39
böğürtlen	3.39
bütçeye	3.39
büyüler	3.39
büyümenin	3.39
camia	3.39
centilmen	3.39
cihazına	3.39
ciro	3.39
cumaya	3.39
davrandığı	3.39
dayanağı	3.39
dağlardan	3.39
dağında	3.39
defansif	3.39
deger	3.39
demokrasiden	3.39
denklemi	3.39
denklik	3.39
derenin	3.39
derinliğinde	3.39
derslerinde	3.39
dertlerini	3.39
dezavantajları	3.39
değerlendirir	3.39
değişiklikle	3.39
dileklerini	3.39
dinimiz	3.39
direktörlük	3.39
diyaloğu	3.39
diyarında	3.39
dokunacak	3.39
doğurduğu	3.39
durumlardan	3.39
dururlar	3.39
duruyorsunuz	3.39
dönemlerine	3.39
dövmeli	3.39
dükkana	3.39
düzeltin	3.39
düzeneği	3.39
düzenleyip	3.39
düşüyoruz	3.39
edebiyatta	3.39
edemeyeceğim	3.39
edilmeyi	3.39
ekliyorum	3.39
elmacık	3.39
empoze	3.39
endemik	3.39
engellilik	3.39
eril	3.39
eriyip	3.39
erler	3.39
eros	3.39
etmemeye	3.39
etmemi	3.39
evlilikleri	3.39
evrede	3.39
ezmek	3.39
eşyayı	3.39
falcon	3.39
flynn	3.39
forbes	3.39
freni	3.39
gandalf	3.39
gecemiz	3.39
geleli	3.39
geleneğinin	3.39
gelinim	3.39
gelişimsel	3.39
gelmen	3.39
gelmeni	3.39
gelmiyorum	3.39
gelmişim	3.39
gelmişlerdi	3.39
genişletilmesi	3.39
gerçekleştirmeye	3.39
getirdiğiniz	3.39
getiririm	3.39
gezdik	3.39
geçmesiyle	3.39
gidebilirsin	3.39
gidiyormuş	3.39
gidiyorsa	3.39
giray	3.39
giremeyen	3.39
girişinin	3.39
give	3.39
golleriyle	3.39
gus	3.39
gökdelen	3.39
göleti	3.39
görmemiştir	3.39
görünüp	3.39
göstereceğim	3.39
göstermesini	3.39
gözünüze	3.39
gözünüzün	3.39
göğü	3.39
güldürdü	3.39
gülüşü	3.39
gündeş	3.39
gürcan	3.39
güvenmiyor	3.39
güzelsiniz	3.39
hades	3.39
hakeme	3.39
halkalar	3.39
hanımla	3.39
harca	3.39
haritayı	3.39
hastasıyım	3.39
hayranlarını	3.39
hazırladığım	3.39
hazırlıyorum	3.39
hepten	3.39
herseyi	3.39
hesaptan	3.39
history	3.39
hizmetçisi	3.39
hiçbişey	3.39
hükümlü	3.39
hürriyeti	3.39
ibneler	3.39
icabı	3.39
idaresindeki	3.39
ilaçlara	3.39
ilkay	3.39
ilmin	3.39
ilçedeki	3.39
ilçemize	3.39
imla	3.39
incecik	3.39
incelemede	3.39
incisi	3.39
inerek	3.39
istemedik	3.39
ittifaka	3.39
iyisine	3.39
izlemenin	3.39
izolasyon	3.39
içerdiğini	3.39
içindeler	3.39
jaime	3.39
kajmer	3.39
kalacaktı	3.39
kaldırdık	3.39
kalmamalı	3.39
kapanma	3.39
kapıcı	3.39
karakuş	3.39
kararım	3.39
kargalar	3.39
kathy	3.39
katmaya	3.39
kavuşmuş	3.39
kayalara	3.39
kaydeder	3.39
kaydına	3.39
kayhan	3.39
kaçınma	3.39
kağıdını	3.39
kendinizle	3.39
kentlerin	3.39
kesiyorum	3.39
keşfe	3.39
kimilerine	3.39
kiralanan	3.39
kitapçığı	3.39
kitlesini	3.39
kivi	3.39
kolların	3.39
konsantrasyonu	3.39
koyabilir	3.39
koymuştu	3.39
koyunlar	3.39
kullanacağını	3.39
kullanılırlar	3.39
kulübümüz	3.39
kulüplerinin	3.39
kupalar	3.39
kupaya	3.39
kuranı	3.39
kurulda	3.39
kutlanır	3.39
kuzenimin	3.39
köşeleri	3.39
kültürde	3.39
kılcal	3.39
kılıçtan	3.39
kızak	3.39
larla	3.39
layıkıyla	3.39
levhalar	3.39
listesindeki	3.39
literatür	3.39
ll	3.39
louisiana	3.39
lâyık	3.39
lütfu	3.39
magazine	3.39
mahallemizde	3.39
mahalleyi	3.39
mahkumları	3.39
mahşer	3.39
makinaları	3.39
mall	3.39
malzemelerle	3.39
marul	3.39
maskesini	3.39
maviye	3.39
mağdurları	3.39
mekaniği	3.39
memnu	3.39
merzifon	3.39
mesajda	3.39
mezarının	3.39
migren	3.39
mikroskobik	3.39
milk	3.39
misafirin	3.39
misafirleri	3.39
misket	3.39
mono	3.39
moto	3.39
myo	3.39
müdürlüğünü	3.39
müjdesi	3.39
müslümanlık	3.39
müzakereleri	3.39
mıymış	3.39
mış	3.39
nadirdir	3.39
nergis	3.39
nesneye	3.39
nizip	3.39
nk	3.39
odalarına	3.39
odin	3.39
okuduğun	3.39
olacaktık	3.39
olamadığı	3.39
oldugum	3.39
olmuyorsun	3.39
olmuyorum	3.39
oluşturulmasına	3.39
oluşturun	3.39
omuzlarında	3.39
ota	3.39
otistik	3.39
paralimpik	3.39
patterson	3.39
pazardan	3.39
pazarının	3.39
personeline	3.39
peşimi	3.39
pilates	3.39
pilotları	3.39
portatif	3.39
pratt	3.39
priz	3.39
proses	3.39
puanına	3.39
puf	3.39
rakipler	3.39
reddetmek	3.39
res	3.39
resminin	3.39
restorana	3.39
revan	3.39
rolls	3.39
romanını	3.39
rubin	3.39
ruhunda	3.39
saksı	3.39
saldırarak	3.39
sanatıdır	3.39
sanatında	3.39
sanıyoruz	3.39
saplı	3.39
sattım	3.39
satırları	3.39
sağduyu	3.39
sb	3.39
seferlik	3.39
senaryoya	3.39
sergisini	3.39
sete	3.39
sevilmek	3.39
shaun	3.39
sie	3.39
siktim	3.39
silecek	3.39
silmeye	3.39
simetri	3.39
siyanür	3.39
siyasetine	3.39
snapdragon	3.39
society	3.39
sofuoğlu	3.39
sorarlar	3.39
sorması	3.39
sosyalizmin	3.39
soğumaya	3.39
springfield	3.39
steel	3.39
sultangazi	3.39
sultanın	3.39
sutton	3.39
söylesen	3.39
süresine	3.39
sütün	3.39
süzülen	3.39
sıcaklıklar	3.39
sıkmaya	3.39
sıkılıyor	3.39
sınavların	3.39
tabancası	3.39
tabiatı	3.39
tahlili	3.39
talepler	3.39
tanker	3.39
tanımlıyor	3.39
tarafımdan	3.39
tarikatı	3.39
tartışıyoruz	3.39
tavuğun	3.39
taştı	3.39
taşına	3.39
tehlikeler	3.39
temizliyor	3.39
temsilcilerinin	3.39
tepsi	3.39
terapist	3.39
terleme	3.39
thai	3.39
tipli	3.39
tivibu	3.39
tiyatroyu	3.39
tiz	3.39
tonları	3.39
toplantılarda	3.39
tutamadım	3.39
tyson	3.39
ulaşabilmek	3.39
ulaşılan	3.39
ustam	3.39
utanıyor	3.39
uyandırır	3.39
uyguladı	3.39
uygulanıyor	3.39
uykunun	3.39
uzaklaştırdı	3.39
uçaktaki	3.39
uçuşan	3.39
vardığı	3.39
varlığım	3.39
vazgeçmiş	3.39
vaziyet	3.39
vekalet	3.39
verilmeyecek	3.39
vermeyeceğim	3.39
vermezse	3.39
violet	3.39
which	3.39
yaklaşımla	3.39
yalayıp	3.39
yamalak	3.39
yanlızca	3.39
yanlışın	3.39
yapmaktadırlar	3.39
yapmıyorlar	3.39
yaralandığı	3.39
yaratmayı	3.39
yargısı	3.39
yayınlanır	3.39
yazarlara	3.39
yazmaktadır	3.39
yağcı	3.39
yaşanmamış	3.39
yaşlanma	3.39
yaşımdan	3.39
yeniler	3.39
yeteneklere	3.39
yeşilay	3.39
yolculuktan	3.39
yollarım	3.39
yolsuzlukla	3.39
yolunuza	3.39
yorulmadan	3.39
yumruğu	3.39
yumurtanın	3.39
yunusemre	3.39
yurdunda	3.39
yurtdışından	3.39
yöneticilerinden	3.39
yönlendirir	3.39
yöntemleriyle	3.39
yörüngeye	3.39
yürütmeye	3.39
yüzümden	3.39
yüzünüz	3.39
yıkanmış	3.39
yırtıp	3.39
zehri	3.39
zevkler	3.39
zincirlikuyu	3.39
çaldığında	3.39
çalışmaktır	3.39
çalışıyorlardı	3.39
çeksin	3.39
çevreleri	3.39
çizgisinin	3.39
çoraplar	3.39
çökmesi	3.39
çözümün	3.39
çıkanı	3.39
çıkarılacak	3.39
çıkıyorsun	3.39
çılgınlar	3.39
ödevini	3.39
ödüllendirildi	3.39
öldürdünüz	3.39
öldürmekle	3.39
öldürülür	3.39
öneren	3.39
önyargılı	3.39
öylesin	3.39
özgürlüklerini	3.39
özgüveni	3.39
özhan	3.39
öğreneceksin	3.39
öğretecek	3.39
ücretsizdir	3.39
ülkesidir	3.39
üzüldü	3.39
üzülecek	3.39
ılıcak	3.39
ınter	3.39
ısrarlı	3.39
şansölye	3.39
şarjör	3.39
şimdiyse	3.39
şoray	3.39
şüpheniz	3.39
abdesti	3.38
adami	3.38
adayan	3.38
ailelerden	3.38
aklındaki	3.38
aklınız	3.38
akrabalar	3.38
aktığı	3.38
akımını	3.38
alabama	3.38
alacağına	3.38
alimleri	3.38
almadılar	3.38
alıyorsa	3.38
amaçlarını	3.38
amcamın	3.38
anahtarın	3.38
anan	3.38
anap	3.38
anasının	3.38
anlamıyorlar	3.38
anlatalım	3.38
anlatı	3.38
anlaşmayla	3.38
annenizin	3.38
antrenmana	3.38
anılıyor	3.38
apart	3.38
arab	3.38
aramayın	3.38
aran	3.38
ares	3.38
arkadaşlarımızla	3.38
asabi	3.38
aslanın	3.38
asr	3.38
association	3.38
atp	3.38
attığında	3.38
atıkları	3.38
aura	3.38
avrupalılar	3.38
avukata	3.38
ayakkabının	3.38
ayarlarını	3.38
aydınlı	3.38
ayrılıkçı	3.38
ayırdığınız	3.38
açıklayacağım	3.38
açılmadı	3.38
açılmaya	3.38
ağızda	3.38
baas	3.38
babanıza	3.38
bagli	3.38
bahara	3.38
baktığınız	3.38
bataryası	3.38
batımı	3.38
bağırdım	3.38
başlanması	3.38
beat	3.38
bedevi	3.38
before	3.38
bekası	3.38
bekleniyordu	3.38
beklentim	3.38
bekleyenler	3.38
belediyesinden	3.38
bendeniz	3.38
benzerleri	3.38
beyhude	3.38
beyle	3.38
beyrut	3.38
bilginize	3.38
bilgisinin	3.38
bilirsen	3.38
biliyormuş	3.38
birecik	3.38
birisinden	3.38
birkac	3.38
birleştirici	3.38
birleştirir	3.38
birli	3.38
birçoğunun	3.38
boone	3.38
borca	3.38
boyalar	3.38
bozulmadan	3.38
boğdu	3.38
brady	3.38
brenda	3.38
bulaşır	3.38
bulduktan	3.38
bulundurduğu	3.38
bulunmaktaydı	3.38
bun	3.38
bölüp	3.38
büyünün	3.38
büyüyü	3.38
bırakacaksın	3.38
bıraktığınız	3.38
bırakılacak	3.38
cavit	3.38
cevaba	3.38
cezasız	3.38
civar	3.38
civarda	3.38
clare	3.38
cry	3.38
dalgalanma	3.38
danielle	3.38
danimarkalı	3.38
davrandığını	3.38
davranıyorlar	3.38
dayandığını	3.38
dayanışması	3.38
dağılımını	3.38
dağıttığı	3.38
delirdi	3.38
demirağ	3.38
dendiğinde	3.38
dener	3.38
deniyordu	3.38
dereceyi	3.38
dergiye	3.38
desteğinin	3.38
devran	3.38
devrinin	3.38
değişmemiş	3.38
dikildi	3.38
dinlediği	3.38
direncini	3.38
diva	3.38
diyince	3.38
dizilmiş	3.38
dişe	3.38
doktorasını	3.38
dokunulmazlığı	3.38
doluyum	3.38
dostlarımıza	3.38
doçentlik	3.38
doğanlar	3.38
doğduktan	3.38
doğuruyor	3.38
duaların	3.38
durant	3.38
dyp	3.38
dönemlerini	3.38
dünyamızı	3.38
düzeyini	3.38
düşmedi	3.38
düşünüldü	3.38
düşünülür	3.38
ecem	3.38
eco	3.38
edebali	3.38
edemeyeceğini	3.38
editörleri	3.38
ekipten	3.38
ekmeğe	3.38
elementlerin	3.38
emoji	3.38
eskilerden	3.38
etkilerin	3.38
etmedin	3.38
etrafımızda	3.38
etseydi	3.38
everett	3.38
evimden	3.38
eğlendim	3.38
eğrisi	3.38
faaliyetini	3.38
fat	3.38
feminizm	3.38
festivaline	3.38
fikirlerine	3.38
filmdi	3.38
fitzgerald	3.38
fiyatlara	3.38
frame	3.38
francois	3.38
frekansları	3.38
gandi	3.38
gelenekler	3.38
gelişmesiyle	3.38
gelişmeyi	3.38
gerçekleştirme	3.38
geçebilecek	3.38
geçişin	3.38
gib	3.38
gideceğin	3.38
gideni	3.38
gidişini	3.38
girebilirsiniz	3.38
girecektir	3.38
girişimin	3.38
girmiyorum	3.38
gmail	3.38
guardian	3.38
gururum	3.38
gömme	3.38
gördüğümüzde	3.38
gördüğüne	3.38
görmemesi	3.38
görünmesine	3.38
görüntüye	3.38
görünüyorsun	3.38
göstergeleri	3.38
gösterilerde	3.38
gözetmeksizin	3.38
gözükür	3.38
gülümsüyor	3.38
güncellemeleri	3.38
güçlenen	3.38
haftasına	3.38
halkaları	3.38
halıya	3.38
hamileyim	3.38
hamlede	3.38
harcayacak	3.38
harput	3.38
hasreti	3.38
hatalardan	3.38
hayaleti	3.38
hayallere	3.38
hayattayken	3.38
hazırladıkları	3.38
hazırlamıştır	3.38
hemencecik	3.38
hesaplaşma	3.38
hikayeden	3.38
hikayesine	3.38
hiçbirinde	3.38
hook	3.38
hopkins	3.38
hristiyanlık	3.38
hukukta	3.38
humus	3.38
hunharca	3.38
hususi	3.38
hünkar	3.38
hüsran	3.38
ibadeti	3.38
ihtimaller	3.38
ikincilik	3.38
ilet	3.38
iletimi	3.38
ilişkiniz	3.38
ilkokulda	3.38
imkanımız	3.38
imparatoriçe	3.38
inanacak	3.38
inananların	3.38
incele	3.38
incirlik	3.38
incitme	3.38
ismindeki	3.38
isminizi	3.38
istanbula	3.38
istasyondan	3.38
istatistiklere	3.38
istemeyenler	3.38
istesek	3.38
isteyene	3.38
itirazın	3.38
izleyicinin	3.38
izmirde	3.38
içimizi	3.38
içtiğini	3.38
işinizin	3.38
jenna	3.38
kadınlarımızın	3.38
kalanına	3.38
kamaştırıcı	3.38
kandilli	3.38
kapadı	3.38
kapanık	3.38
kapar	3.38
karaağaç	3.38
kardeşlerime	3.38
karnın	3.38
karışması	3.38
karşılarında	3.38
karşılaştığında	3.38
karşılaşırız	3.38
kasaya	3.38
kato	3.38
kavimler	3.38
kayı	3.38
kayık	3.38
kelepçeli	3.38
kemerleri	3.38
kestirmek	3.38
kirlenmiş	3.38
kitlenin	3.38
kolaylıklar	3.38
kolla	3.38
konutlar	3.38
konvansiyonel	3.38
konvoyu	3.38
kopyaları	3.38
korhan	3.38
korkuluk	3.38
korkusundan	3.38
korkusuzca	3.38
kralının	3.38
kronolojik	3.38
kuleye	3.38
kullanılacağını	3.38
kulübesi	3.38
kurda	3.38
kurmuşlar	3.38
kurucular	3.38
kuruşluk	3.38
kurşunlu	3.38
kâbus	3.38
kâfi	3.38
kârı	3.38
köleleri	3.38
köylerden	3.38
köylerini	3.38
köşesinden	3.38
küfürlü	3.38
kütüphanenin	3.38
kısadır	3.38
kısımlarına	3.38
kıyafetlerin	3.38
ladin	3.38
lakap	3.38
lastikler	3.38
laurent	3.38
liderlerini	3.38
lisedeyken	3.38
listelenen	3.38
malone	3.38
martta	3.38
matmazel	3.38
mazereti	3.38
mccarthy	3.38
mekânları	3.38
mekânın	3.38
memet	3.38
menfaati	3.38
merkezefendi	3.38
merkezimizde	3.38
mesken	3.38
mesnevi	3.38
metnini	3.38
meydanlara	3.38
meyer	3.38
mikrobiyoloji	3.38
militanı	3.38
mimi	3.38
misyoner	3.38
muhtarlar	3.38
muslera	3.38
mutfaktaki	3.38
müdahaleye	3.38
mühendislerinin	3.38
müyüm	3.38
müzeleri	3.38
nalan	3.38
namazda	3.38
nasrettin	3.38
nası	3.38
neredeydi	3.38
nermin	3.38
nesilleri	3.38
nikon	3.38
oc	3.38
okunabilir	3.38
okuyabilirsiniz	3.38
olacaktım	3.38
olduğumuzda	3.38
olimpiyatlara	3.38
olsana	3.38
olunmaz	3.38
om	3.38
oregon	3.38
ortahisar	3.38
otomobilleri	3.38
oyak	3.38
oynanış	3.38
oyuncularını	3.38
oyuncumuz	3.38
oğludur	3.38
pakete	3.38
palet	3.38
parlamentonun	3.38
pastırma	3.38
pazarın	3.38
pekçok	3.38
penelope	3.38
pennsylvania	3.38
perez	3.38
posteri	3.38
postu	3.38
pot	3.38
powers	3.38
professional	3.38
projeksiyon	3.38
pulu	3.38
ragıp	3.38
rastlantı	3.38
referanslar	3.38
rekabetin	3.38
rezillik	3.38
rika	3.38
rolünün	3.38
rp	3.38
rpg	3.38
ruşen	3.38
sahayı	3.38
sakini	3.38
salaksın	3.38
salondaki	3.38
sand	3.38
saol	3.38
sarması	3.38
sarılan	3.38
sata	3.38
sattın	3.38
savaşmayı	3.38
sayacı	3.38
selamun	3.38
semerkand	3.38
sensörleri	3.38
sentez	3.38
sergilemek	3.38
sergilenmektedir	3.38
servetini	3.38
sevgilerimi	3.38
sevmekten	3.38
seydişehir	3.38
seyircisi	3.38
sezondan	3.38
shen	3.38
sigmund	3.38
siler	3.38
simsiyah	3.38
sinirler	3.38
sisi	3.38
sitesidir	3.38
smaç	3.38
soguk	3.38
something	3.38
sorgusuz	3.38
sorumluluklarını	3.38
sorumluluğunda	3.38
soruyordu	3.38
soydan	3.38
soğuma	3.38
spin	3.38
stern	3.38
sunacağım	3.38
suretle	3.38
sözlerim	3.38
sözleşmeler	3.38
süngü	3.38
sürecidir	3.38
süreçlerini	3.38
sıcaklıkları	3.38
sıkarak	3.38
sıklıkta	3.38
sınavla	3.38
sıralamaya	3.38
sıraları	3.38
sıranın	3.38
sırtıma	3.38
sızdı	3.38
takımlarda	3.38
tamamlama	3.38
tamirci	3.38
tandır	3.38
tanesine	3.38
tanıması	3.38
tart	3.38
tartışan	3.38
tartışıyor	3.38
tatbik	3.38
tatli	3.38
tavsiyede	3.38
taşan	3.38
taşımayı	3.38
tekniklerinin	3.38
tekrarlar	3.38
temasta	3.38
tenha	3.38
tersane	3.38
tesisatçı	3.38
tesislerin	3.38
teşkilatın	3.38
ticaretine	3.38
tombala	3.38
toplantısından	3.38
topyekün	3.38
trick	3.38
trol	3.38
tse	3.38
tumblr	3.38
turkce	3.38
turlu	3.38
tus	3.38
tıkalı	3.38
unutmayınız	3.38
utan	3.38
uygulamasıyla	3.38
uyuyup	3.38
uğraşıp	3.38
vahdettin	3.38
varınca	3.38
varşova	3.38
vatani	3.38
vatanına	3.38
velayet	3.38
verenin	3.38
vericidir	3.38
vurması	3.38
xı	3.38
yandım	3.38
yandığını	3.38
yapabilecekleri	3.38
yapraklarını	3.38
yapsaydım	3.38
yapılırdı	3.38
yapılışı	3.38
yapımcıları	3.38
yaramayan	3.38
yardımların	3.38
yargıçlar	3.38
yatarım	3.38
yazanlar	3.38
yazi	3.38
yazsın	3.38
yaşandığını	3.38
yemeyin	3.38
yenilerek	3.38
yenmesi	3.38
yerdesin	3.38
yokmu	3.38
yollamış	3.38
yonga	3.38
yorumlarda	3.38
yugoslavya	3.38
yurtdışındaki	3.38
yves	3.38
yüksekliğindeki	3.38
yüksekokul	3.38
yıkılır	3.38
yılbaşında	3.38
yıldızlardan	3.38
zamanımı	3.38
zayıflığı	3.38
zekanın	3.38
zekidir	3.38
zevke	3.38
zirvenin	3.38
ziyaretler	3.38
zone	3.38
zorda	3.38
çabalarının	3.38
çalışmalı	3.38
çatışmayı	3.38
çehov	3.38
çekik	3.38
çekirdekleri	3.38
çekmesini	3.38
çevirdiler	3.38
çocukluğunda	3.38
çoğalır	3.38
çöküntü	3.38
çöküşü	3.38
çözdü	3.38
çözmeyi	3.38
çözün	3.38
çözünürlüğü	3.38
çıkarttığı	3.38
ödüllerinde	3.38
öf	3.38
öngördüğü	3.38
ötekiler	3.38
özdeş	3.38
özelliğinin	3.38
özkök	3.38
özleyeceğim	3.38
özçelik	3.38
öğretmenlerden	3.38
ülken	3.38
ülkesindeki	3.38
üre	3.38
ürünlerinden	3.38
üstadı	3.38
ırkın	3.38
şampiyonluklar	3.38
şartların	3.38
şenay	3.38
şişenin	3.38
şövalyeleri	3.38
и	3.38
acile	3.37
adaletle	3.37
affetsin	3.37
aileleriyle	3.37
ailene	3.37
ajansın	3.37
akm	3.37
akmaya	3.37
akçakale	3.37
akılları	3.37
alain	3.37
aldatıyor	3.37
aldi	3.37
alexandra	3.37
alınacaktır	3.37
alıyordum	3.37
amos	3.37
anakin	3.37
andrei	3.37
anladığın	3.37
anlamasını	3.37
anlamlarını	3.37
anlamışsın	3.37
anlatabiliyor	3.37
anlaşmazlıklar	3.37
annemde	3.37
annemler	3.37
anım	3.37
arabulucu	3.37
aramadan	3.37
aroma	3.37
arttırıyor	3.37
arınma	3.37
asiye	3.37
atalar	3.37
ateşiyle	3.37
aylara	3.37
ayrılmaktadır	3.37
ayrılırlar	3.37
azam	3.37
azlığı	3.37
açtığımız	3.37
açıklamayla	3.37
açıklandığı	3.37
açılmaz	3.37
ağlarda	3.37
aşıyor	3.37
bacağından	3.37
bakacağım	3.37
bakmanız	3.37
bakmasını	3.37
bangkok	3.37
banyodan	3.37
barrett	3.37
basketbolda	3.37
bastırın	3.37
bat	3.37
bağla	3.37
bağlantılıdır	3.37
başarılarla	3.37
başlamaya	3.37
baştaki	3.37
beautiful	3.37
bebekle	3.37
bedeninde	3.37
beklemekte	3.37
beklemiş	3.37
belirir	3.37
benzemeyen	3.37
bertrand	3.37
beslemeye	3.37
better	3.37
beğenir	3.37
beğenirsiniz	3.37
beşli	3.37
bildirdiler	3.37
bildirilir	3.37
bilemiyoruz	3.37
bilgisayarım	3.37
bilgiyle	3.37
bilimde	3.37
bilimle	3.37
biliniyordu	3.37
bilmiyorduk	3.37
bilseydi	3.37
binaen	3.37
birbirinizin	3.37
bitch	3.37
bittiğine	3.37
bolton	3.37
bolşevik	3.37
boğulan	3.37
boşluğun	3.37
boşluğunda	3.37
boşversene	3.37
brennan	3.37
briç	3.37
bulayım	3.37
bulaşıkları	3.37
bulmaları	3.37
bulunmakla	3.37
butik	3.37
buzun	3.37
böl	3.37
bölünerek	3.37
büyükçe	3.37
bırakıldığı	3.37
camilerin	3.37
camp	3.37
cemaatinin	3.37
ch	3.37
chanel	3.37
chu	3.37
cinselliği	3.37
cisimlerin	3.37
creative	3.37
crown	3.37
dae	3.37
daktilo	3.37
dalkılıç	3.37
damarlarında	3.37
dame	3.37
daphne	3.37
davalarda	3.37
dağlarına	3.37
dedikodular	3.37
degilsin	3.37
delirmiş	3.37
demesini	3.37
demeyeceğim	3.37
denilerek	3.37
denizaşırı	3.37
denizdeki	3.37
denizinde	3.37
depresyonda	3.37
derici	3.37
devrik	3.37
devrine	3.37
değiı	3.37
değişikliğin	3.37
değiştirmiyor	3.37
dim	3.37
diskin	3.37
dişlerinin	3.37
dostluğun	3.37
doyum	3.37
duanın	3.37
duvarını	3.37
duyayım	3.37
duyduklarını	3.37
dökülmesi	3.37
döküntü	3.37
dönersek	3.37
döneyim	3.37
dükkanına	3.37
düşünceleriniz	3.37
dışarısı	3.37
edeni	3.37
edildik	3.37
eken	3.37
elemanların	3.37
ellerimde	3.37
emekleri	3.37
emsal	3.37
enrique	3.37
entellektüel	3.37
ereksiyon	3.37
erkeksi	3.37
erzurumlu	3.37
etkinliklerini	3.37
etkinliğinin	3.37
ettirdiği	3.37
ettirilen	3.37
ettiğinin	3.37
etüt	3.37
event	3.37
ever	3.37
eyes	3.37
eşitsizlik	3.37
fabrikasına	3.37
falls	3.37
fanny	3.37
felsefesinin	3.37
fernandes	3.37
fly	3.37
football	3.37
fosfat	3.37
fotoğrafçısı	3.37
frida	3.37
futboluna	3.37
gaflet	3.37
gariptir	3.37
gazimağusa	3.37
gear	3.37
geleceğimizin	3.37
gelmenin	3.37
gelmişlerdir	3.37
geneline	3.37
gerektigini	3.37
geriliği	3.37
gerçekleşmedi	3.37
gerçekleştirdiler	3.37
getirisi	3.37
gezegenleri	3.37
geçeni	3.37
geçirelim	3.37
gidişatı	3.37
gitmedik	3.37
gitmişler	3.37
giyinmek	3.37
gizlemeye	3.37
grevine	3.37
gustavo	3.37
göbeği	3.37
gördüklerim	3.37
görülmedi	3.37
görünecek	3.37
görüntülenen	3.37
görüştüğünü	3.37
gösteririm	3.37
göstermesine	3.37
gözlerinle	3.37
gülecek	3.37
güncellenmiş	3.37
güçlendirilmesi	3.37
gıbı	3.37
hai	3.37
hakediyor	3.37
hakemlik	3.37
haley	3.37
halindeyken	3.37
hamlet	3.37
hareketinden	3.37
haritadan	3.37
hastada	3.37
hastalığım	3.37
hatırlarım	3.37
hazırlıyoruz	3.37
hikayemiz	3.37
hisselerinin	3.37
hizmetinden	3.37
hocaların	3.37
hoşlandığın	3.37
hoşumuza	3.37
hudut	3.37
hâlbuki	3.37
hükümetleri	3.37
hümanist	3.37
hüngür	3.37
ilacını	3.37
iletilen	3.37
inançlara	3.37
inekler	3.37
insaf	3.37
insanlıktan	3.37
inşaatında	3.37
ipekyolu	3.37
istanbulun	3.37
isterdik	3.37
izlediğiniz	3.37
izlemem	3.37
izninizle	3.37
içecekleri	3.37
içgüdüsel	3.37
işleminde	3.37
işlemlerinde	3.37
je	3.37
juliette	3.37
kabini	3.37
kadem	3.37
kadınını	3.37
kafanız	3.37
kahin	3.37
kahkahalar	3.37
kahramankazan	3.37
kainat	3.37
kaktüs	3.37
kalacaklar	3.37
kalbimdeki	3.37
kalpte	3.37
kalıntılarını	3.37
kamufle	3.37
kanadında	3.37
kandırma	3.37
kani	3.37
kapılarına	3.37
karantinaya	3.37
kareye	3.37
karikatürist	3.37
karne	3.37
kasabasına	3.37
kaydediyor	3.37
kazanacağını	3.37
kazanmaktadır	3.37
kazılar	3.37
kehf	3.37
keserken	3.37
kesimini	3.37
kimimiz	3.37
kip	3.37
kisinin	3.37
kişiyim	3.37
klipte	3.37
kolayı	3.37
koleksiyonunda	3.37
kolera	3.37
komitenin	3.37
komplikasyonlar	3.37
konferansına	3.37
konservatuvarı	3.37
konularak	3.37
konumundan	3.37
koordinasyonu	3.37
kopyala	3.37
korkular	3.37
kovalayan	3.37
koyuyorsun	3.37
kulakların	3.37
kumarhane	3.37
kurabilir	3.37
kurulmuştu	3.37
kurulup	3.37
kurumlarını	3.37
kutbu	3.37
kuvvetini	3.37
kuşatan	3.37
köylünün	3.37
köşeden	3.37
kübalı	3.37
küfre	3.37
kılları	3.37
kırca	3.37
kısakürek	3.37
kıvrımlı	3.37
kıyameti	3.37
kızkardeşi	3.37
kızımızın	3.37
lahmacun	3.37
lambert	3.37
lidere	3.37
lifler	3.37
lilly	3.37
liselerde	3.37
listelerini	3.37
lock	3.37
lucien	3.37
maddelerle	3.37
madenciliği	3.37
mahallesinden	3.37
manas	3.37
manastıra	3.37
manifesto	3.37
martini	3.37
masraflar	3.37
mecburum	3.37
mekanizmasını	3.37
menşeli	3.37
meseleye	3.37
metotları	3.37
mevcuttu	3.37
mevkide	3.37
meyhane	3.37
meyvesini	3.37
mezarlar	3.37
mhz	3.37
midesi	3.37
mika	3.37
milat	3.37
mitch	3.37
mkyk	3.37
monitör	3.37
monty	3.37
motoruna	3.37
movie	3.37
much	3.37
mülkün	3.37
müsiad	3.37
müstakbel	3.37
naaşı	3.37
nathaniel	3.37
nefretin	3.37
nerelisin	3.37
nereyi	3.37
nisanda	3.37
niteliktedir	3.37
nişasta	3.37
noktamız	3.37
nr	3.37
nurcan	3.37
ocağın	3.37
okuyayım	3.37
olasıdır	3.37
olgular	3.37
olmalılar	3.37
olmayanları	3.37
olmuyordu	3.37
olmuşlardı	3.37
oluruna	3.37
oluşmasında	3.37
olympiakos	3.37
omuzlarına	3.37
oradaydı	3.37
organlarında	3.37
otobüsüne	3.37
pantolonun	3.37
parlamentoya	3.37
paydaş	3.37
paylaştığımız	3.37
peggy	3.37
performance	3.37
postalar	3.37
protestolar	3.37
pursaklar	3.37
python	3.37
raflarda	3.37
rahatlar	3.37
rain	3.37
rasulullah	3.37
raul	3.37
reality	3.37
resmimi	3.37
resort	3.37
richter	3.37
roketi	3.37
rover	3.37
rozeti	3.37
röportajında	3.37
saatim	3.37
sadullah	3.37
sahilden	3.37
sakladığım	3.37
saklanması	3.37
salavat	3.37
saldırganlar	3.37
saldırısından	3.37
sallayıp	3.37
salvador	3.37
samimiyeti	3.37
sanatçıyı	3.37
saraç	3.37
sari	3.37
sarsılmaz	3.37
sayin	3.37
sayısındaki	3.37
scarlett	3.37
seminerler	3.37
sesidir	3.37
sevdalısı	3.37
seversiniz	3.37
sevgilimin	3.37
seçiyoruz	3.37
seçmeni	3.37
siktirip	3.37
siniri	3.37
sira	3.37
sivilin	3.37
siyasetini	3.37
soktun	3.37
sorunlarım	3.37
ssl	3.37
stadyumunda	3.37
supernatural	3.37
surette	3.37
sör	3.37
söylenti	3.37
sözcüğünü	3.37
sözümüz	3.37
sürdürmüştür	3.37
süreler	3.37
sürmene	3.37
sürüleri	3.37
sırtüstü	3.37
sıçtık	3.37
tabanları	3.37
tabelası	3.37
tabidir	3.37
takarak	3.37
takılmaya	3.37
takımız	3.37
takıyorum	3.37
tanecik	3.37
tanındı	3.37
tanıyorsun	3.37
tarlaya	3.37
tarzın	3.37
taşınarak	3.37
taşındığı	3.37
telaşı	3.37
televizyonlar	3.37
temelidir	3.37
temizlenmiş	3.37
teorisinin	3.37
tercihiniz	3.37
teslimi	3.37
tmsf	3.37
tomris	3.37
toplantımız	3.37
toplulukların	3.37
topluyorum	3.37
tottenham	3.37
turizmin	3.37
tuttukları	3.37
tülin	3.37
tüylerim	3.37
tüyo	3.37
tıklama	3.37
tırnakları	3.37
ufku	3.37
ulaşana	3.37
ulaştılar	3.37
unsurlarını	3.37
uyanan	3.37
uygulayın	3.37
uzatılması	3.37
uzmanların	3.37
uğramak	3.37
vakalarda	3.37
valerie	3.37
vardılar	3.37
vatanseverlik	3.37
verdiğinden	3.37
verilmeden	3.37
vermeme	3.37
vesilesi	3.37
vurmayın	3.37
wei	3.37
werner	3.37
xd	3.37
yanınızdayız	3.37
yapamadığını	3.37
yapamayız	3.37
yaparlardı	3.37
yapmasın	3.37
yaptıracak	3.37
yapıştırıcı	3.37
yaratığın	3.37
yaver	3.37
yayınlama	3.37
yazılanlar	3.37
yazılıdır	3.37
yağsız	3.37
yaşatma	3.37
yaşattı	3.37
yaşlarına	3.37
yeniyim	3.37
yeryüzünden	3.37
yeteneklerin	3.37
yeterdi	3.37
yetişkinlere	3.37
yitik	3.37
yoktum	3.37
yollamak	3.37
yöndeki	3.37
yükselten	3.37
yüreğimi	3.37
yürütür	3.37
yürüyüşüne	3.37
yüzmeye	3.37
zamani	3.37
ze	3.37
zekaya	3.37
zincirini	3.37
zindana	3.37
zirai	3.37
çalıştırmaya	3.37
çalışırsa	3.37
çalışıyorsa	3.37
çekiyorsun	3.37
çekişme	3.37
çevrilidir	3.37
çevrilmesi	3.37
çiftlere	3.37
çocuklarınızın	3.37
çoook	3.37
çorabı	3.37
çoğunuz	3.37
çıkmakta	3.37
çıkılarak	3.37
öcünü	3.37
öfkeyi	3.37
öldüresiye	3.37
öldürüyorlar	3.37
ölebilirim	3.37
ölsem	3.37
önledi	3.37
örgütüdür	3.37
örneklerden	3.37
özay	3.37
özelliktir	3.37
özetini	3.37
özmen	3.37
öğe	3.37
öğrenemedim	3.37
öğretmenlerimize	3.37
üstlenmiştir	3.37
ıngrid	3.37
ıphone	3.37
şansları	3.37
şarkılarının	3.37
şartlarının	3.37
şefliği	3.37
şensoy	3.37
şeyimi	3.37
şiddetten	3.37
şurda	3.37
şömine	3.37
abartma	3.36
adaletten	3.36
ahirete	3.36
aidiyet	3.36
ajansları	3.36
alabildiğine	3.36
alacağınız	3.36
alamazlar	3.36
almanlara	3.36
almıyorlar	3.36
alti	3.36
altyapısını	3.36
alçaklar	3.36
alımlar	3.36
alışkanlıklar	3.36
ambulansı	3.36
amerikada	3.36
anlara	3.36
anlatıcı	3.36
antikor	3.36
antrenmanı	3.36
anıyor	3.36
arkadasim	3.36
arkadaşlıklar	3.36
artemis	3.36
arttırılması	3.36
asarak	3.36
asteğmen	3.36
astronomik	3.36
atasoy	3.36
atmosferik	3.36
ayfer	3.36
ayların	3.36
azabından	3.36
azimle	3.36
azindan	3.36
açarlar	3.36
açayım	3.36
açmıyor	3.36
açıklamanın	3.36
açıldıktan	3.36
açılmak	3.36
açılınca	3.36
açıyorlar	3.36
babanı	3.36
bahsedecek	3.36
bahsediyorlar	3.36
bakim	3.36
bakılarak	3.36
balonlar	3.36
baltık	3.36
bardakta	3.36
barınağı	3.36
barındırıyor	3.36
bağımsızlığına	3.36
bağışta	3.36
başlayana	3.36
bebegim	3.36
beklentilerini	3.36
besim	3.36
beynimin	3.36
beytüşşebap	3.36
beyza	3.36
biletlerini	3.36
bileşikler	3.36
bilincinde	3.36
billboard	3.36
bilmenin	3.36
binicilik	3.36
bireylerde	3.36
birleştirilerek	3.36
birsürü	3.36
bitik	3.36
bitirerek	3.36
bitirince	3.36
biçer	3.36
blanche	3.36
blogu	3.36
bombaladı	3.36
boynun	3.36
boğazında	3.36
branşında	3.36
brock	3.36
bulamam	3.36
bulundurma	3.36
bulunulan	3.36
bulunursa	3.36
burunlu	3.36
canlandırdı	3.36
canlandırıyor	3.36
carlton	3.36
carole	3.36
cebime	3.36
cepte	3.36
cerrahı	3.36
cezalarını	3.36
ciddiyet	3.36
cihatçı	3.36
cocuklar	3.36
cold	3.36
cookie	3.36
corona	3.36
corporation	3.36
ct	3.36
cömertlik	3.36
cıvıl	3.36
daeş	3.36
dağına	3.36
deborah	3.36
defin	3.36
dekar	3.36
delhi	3.36
denek	3.36
deposunda	3.36
desenler	3.36
desteklemesi	3.36
değerinden	3.36
değişmeden	3.36
dilimleri	3.36
dinlen	3.36
dirhem	3.36
diyemeyiz	3.36
diğerleriyle	3.36
dolaşımı	3.36
dolly	3.36
dopdolu	3.36
doğasına	3.36
doğduğun	3.36
duracağız	3.36
durmalı	3.36
duymamış	3.36
duyuyordu	3.36
dökmeye	3.36
dönersen	3.36
döver	3.36
dünün	3.36
düşmanını	3.36
düşmüyor	3.36
düşünürüz	3.36
dışlanmış	3.36
edinmeye	3.36
eklemiş	3.36
ekranlar	3.36
else	3.36
embesil	3.36
emekçileri	3.36
engelle	3.36
erkekli	3.36
esası	3.36
eserine	3.36
espriler	3.36
eu	3.36
eğip	3.36
eşbaşkanı	3.36
eşleşen	3.36
fakirler	3.36
festivaller	3.36
feyz	3.36
filistinliler	3.36
finalini	3.36
fiona	3.36
fiyatlı	3.36
foley	3.36
formatta	3.36
fotoğrafla	3.36
fotoğrafının	3.36
frikik	3.36
futbolcuyu	3.36
gec	3.36
gecem	3.36
gecikmeli	3.36
gelgit	3.36
gelirseniz	3.36
gelişmenin	3.36
genetiği	3.36
georg	3.36
gerekenden	3.36
geçinmek	3.36
geçirebilir	3.36
geçtiniz	3.36
gidebilecek	3.36
gidebilmek	3.36
giderleri	3.36
gif	3.36
girilmiş	3.36
girişindeki	3.36
girse	3.36
gregor	3.36
gönüllülük	3.36
göremedi	3.36
görevlendirdi	3.36
görevlisinin	3.36
görmenizi	3.36
görüşmelerine	3.36
görüşmenin	3.36
gövdeli	3.36
gözlüm	3.36
gülistan	3.36
gülleri	3.36
güvenir	3.36
güvenirim	3.36
güvenliğinin	3.36
haberinin	3.36
hadîs	3.36
hakarete	3.36
hakkâri	3.36
hantal	3.36
hapları	3.36
harcamalar	3.36
hastanedeki	3.36
hatlarıyla	3.36
havalimanları	3.36
havuzları	3.36
hawking	3.36
hayatımızdaki	3.36
hayatınızdaki	3.36
hayko	3.36
hayyam	3.36
hazırdı	3.36
hazırlanmasında	3.36
haçlılar	3.36
hedefiyle	3.36
helvası	3.36
hissedilir	3.36
hizmetinin	3.36
hs	3.36
huyu	3.36
hüsamettin	3.36
hıı	3.36
iddiaların	3.36
ikame	3.36
ikimizi	3.36
iktidarında	3.36
ilaçlarla	3.36
ilaçlarını	3.36
ilerlemeler	3.36
ilgileniyorum	3.36
ilkesinin	3.36
ilâhî	3.36
imi	3.36
imkanım	3.36
inanıyorlar	3.36
info	3.36
ingilizceye	3.36
inince	3.36
inmez	3.36
into	3.36
iskambil	3.36
isra	3.36
istemiyordum	3.36
itirazım	3.36
iyileştirici	3.36
izlediniz	3.36
izleniyor	3.36
izliyordum	3.36
içermesi	3.36
içindekileri	3.36
içkili	3.36
içmekten	3.36
kabe	3.36
kadrodan	3.36
kadroyu	3.36
kafasındaki	3.36
kalbimden	3.36
kaldıracağız	3.36
kalmışlardır	3.36
kalmışım	3.36
kamuoyunu	3.36
kanallı	3.36
kandili	3.36
kanımca	3.36
karaduman	3.36
karamel	3.36
kardelen	3.36
karşılaşmasını	3.36
kaseti	3.36
kasıt	3.36
katıp	3.36
kaybederiz	3.36
kaybettiniz	3.36
kaybolduğunu	3.36
kaykay	3.36
kazandıktan	3.36
kendiyle	3.36
kilim	3.36
kollarından	3.36
komutları	3.36
kontes	3.36
konuşmadık	3.36
kopardı	3.36
kostümler	3.36
koyduğun	3.36
kozyatağı	3.36
krizleri	3.36
kullanıyorsun	3.36
kulübede	3.36
kumandayı	3.36
kurabiyeler	3.36
kurduğun	3.36
kurgusal	3.36
kurtarmayı	3.36
kurtuluşunun	3.36
kurulunca	3.36
kurumdur	3.36
kutuplaşma	3.36
kutusundan	3.36
kuzeyine	3.36
kuşum	3.36
kyoto	3.36
köklerini	3.36
körler	3.36
kötüsünü	3.36
kültüründen	3.36
kümede	3.36
kırığı	3.36
kısaltması	3.36
kıtanın	3.36
kıyafetle	3.36
laboratuvarında	3.36
lafımı	3.36
laurel	3.36
lavaboya	3.36
legends	3.36
liderlerine	3.36
likya	3.36
ludwig	3.36
luigi	3.36
maaşlı	3.36
mahkemelerinde	3.36
mahveder	3.36
makamda	3.36
makamın	3.36
makamını	3.36
maliyetinin	3.36
manu	3.36
manzaralar	3.36
markaların	3.36
materyallerin	3.36
mecaz	3.36
mecidiye	3.36
medyasının	3.36
meleğin	3.36
mesleğim	3.36
meydanın	3.36
micro	3.36
milletimizi	3.36
milyonları	3.36
modernleşme	3.36
morning	3.36
mort	3.36
most	3.36
motif	3.36
motorların	3.36
muhtarlık	3.36
mumlar	3.36
mutfağın	3.36
mülakata	3.36
münevver	3.36
müslümanlığı	3.36
nah	3.36
namağlup	3.36
nature	3.36
nefsini	3.36
nerelerdesin	3.36
nitrojen	3.36
numaranız	3.36
objeler	3.36
ocağına	3.36
ocean	3.36
okuduğumda	3.36
okullarından	3.36
olanaklı	3.36
oldugundan	3.36
olduğumuzdan	3.36
olguların	3.36
olgusu	3.36
olmalarının	3.36
olmayışı	3.36
olmazsan	3.36
oraları	3.36
orospular	3.36
oturduğunuz	3.36
oynat	3.36
oyunlarıyla	3.36
oyunundan	3.36
ozellikle	3.36
pagan	3.36
paranı	3.36
paraşütle	3.36
parmaklarım	3.36
partilerde	3.36
paz	3.36
penisi	3.36
perihan	3.36
piyasasına	3.36
platforma	3.36
politikaların	3.36
prensin	3.36
projesiyle	3.36
prosedürleri	3.36
rae	3.36
rakımlı	3.36
rambo	3.36
raoul	3.36
rastlamadım	3.36
referandumun	3.36
rekat	3.36
rezervleri	3.36
ruhlarını	3.36
rüyalarımda	3.36
rüzgarla	3.36
rüzgarlı	3.36
sabahleyin	3.36
sahalarda	3.36
sahipsin	3.36
sahur	3.36
salya	3.36
samir	3.36
sanatla	3.36
sandılar	3.36
satin	3.36
sayfalara	3.36
sayfamıza	3.36
saygısını	3.36
sağlamakta	3.36
sağlarız	3.36
sağlayıcısı	3.36
sehir	3.36
sektöründeki	3.36
semte	3.36
senkron	3.36
serge	3.36
servisinde	3.36
sessizliğini	3.36
sevdikleriniz	3.36
sevgisinin	3.36
sevkiyatı	3.36
seçebilir	3.36
seçimdir	3.36
seçtikleri	3.36
shu	3.36
siken	3.36
sikti	3.36
silva	3.36
sinirlerim	3.36
sitemizden	3.36
sivaslı	3.36
slayt	3.36
soba	3.36
sonia	3.36
sonuçlarından	3.36
soprano	3.36
sorguluyor	3.36
sorulardan	3.36
sorunlarımız	3.36
soygunu	3.36
soğanı	3.36
spekülasyon	3.36
stada	3.36
sunucuya	3.36
susurluk	3.36
suyuyla	3.36
söylediniz	3.36
sözkonusu	3.36
sürülmüş	3.36
sıcakkanlı	3.36
sıhhat	3.36
sıralanmış	3.36
takıldığı	3.36
tarhana	3.36
tarifleri	3.36
tatilden	3.36
tatvan	3.36
tavuklu	3.36
tehlikesiyle	3.36
tekerleği	3.36
telefonların	3.36
tesisinde	3.36
tetikleyici	3.36
tipim	3.36
tipin	3.36
tiyatrolar	3.36
tk	3.36
tona	3.36
tonik	3.36
toplamının	3.36
toplanmaya	3.36
topunu	3.36
trabzonlu	3.36
turp	3.36
tüplü	3.36
türkçü	3.36
tıbbî	3.36
tılsım	3.36
tşk	3.36
ulaşmıştı	3.36
ulaştırmak	3.36
ulaşınca	3.36
ups	3.36
usandım	3.36
ustalıkla	3.36
uyandın	3.36
uyandırma	3.36
uyanınca	3.36
uydudan	3.36
uygulamasından	3.36
uykusuna	3.36
uzaklaş	3.36
uçlarını	3.36
vala	3.36
varacak	3.36
vatanım	3.36
vatanını	3.36
venus	3.36
verdiyse	3.36
verilerinin	3.36
vermemiştir	3.36
vermesinin	3.36
viagra	3.36
virtual	3.36
vurulma	3.36
yakalanır	3.36
yakınlarından	3.36
yalancının	3.36
yalanın	3.36
yanak	3.36
yanlıştı	3.36
yanıklar	3.36
yanıtları	3.36
yapabiliyorum	3.36
yapacaktı	3.36
yapmadınız	3.36
yapmıyorsunuz	3.36
yapılandırılmış	3.36
yapıtı	3.36
yaratılması	3.36
yaratığı	3.36
yargısız	3.36
yargıyı	3.36
yataklar	3.36
yattığını	3.36
yav	3.36
yazdığımız	3.36
yazılışı	3.36
yaşarsınız	3.36
yaşatıyor	3.36
yelpazesi	3.36
yemeğinden	3.36
yerimden	3.36
yerleşmesi	3.36
yeteneğe	3.36
yiyebilirsiniz	3.36
yolculuğunun	3.36
yöneltti	3.36
yönetenler	3.36
yönetmenlik	3.36
yürümüyor	3.36
yüzyıllarca	3.36
zayıftır	3.36
zifiri	3.36
zincirler	3.36
ziyaretinden	3.36
zulmün	3.36
çalıştırılan	3.36
çarpışan	3.36
çarşıda	3.36
çarşıya	3.36
çağrısını	3.36
çevrilmiştir	3.36
çinlilerin	3.36
çiçeklere	3.36
çiş	3.36
çözünürlükte	3.36
çıkışından	3.36
ödevlerini	3.36
ölümünde	3.36
öyküyü	3.36
özelliğiyle	3.36
özetleyen	3.36
öğretmenlerine	3.36
ürgüp	3.36
üyelere	3.36
üçüncülük	3.36
ısının	3.36
şanslıyız	3.36
şansının	3.36
şarkıcısı	3.36
şaşırtacak	3.36
şeritler	3.36
şeyma	3.36
şeytandan	3.36
şiddetine	3.36
şti	3.36
şöyleydi	3.36
şükranla	3.36
şükrediyorum	3.36
aci	3.35
adamin	3.35
adresin	3.35
afişleri	3.35
ahalisi	3.35
ahlakın	3.35
alacaklarını	3.35
alamayınca	3.35
alelacele	3.35
algoritması	3.35
aliya	3.35
almışlardı	3.35
always	3.35
alâ	3.35
alınamaz	3.35
amirleri	3.35
anderlecht	3.35
andırıyor	3.35
anlamındaki	3.35
anlayacaklar	3.35
anlaşıp	3.35
anneanne	3.35
aqua	3.35
arafat	3.35
aramanız	3.35
aramanızı	3.35
araştırıyor	3.35
arkadaşımızı	3.35
arsenik	3.35
artarken	3.35
artuklu	3.35
artırıyor	3.35
arzum	3.35
atanma	3.35
atağa	3.35
ayarladı	3.35
aydınları	3.35
aydınların	3.35
aygır	3.35
ayki	3.35
aylik	3.35
azınlığın	3.35
açmam	3.35
açıklamalarına	3.35
açıklamasıyla	3.35
açılmıştı	3.35
açıyla	3.35
açıyorsun	3.35
ağlıyorsun	3.35
ağrılı	3.35
ağırlıkta	3.35
aştık	3.35
babaanne	3.35
bahçesindeki	3.35
bahçesinden	3.35
bakamıyorum	3.35
bayılır	3.35
bağlantıların	3.35
bağlantının	3.35
başarıdan	3.35
başkanlarına	3.35
başlamasının	3.35
başlayabiliriz	3.35
bebeğine	3.35
becky	3.35
bedenen	3.35
belediyemiz	3.35
belgelerinde	3.35
belirteyim	3.35
benimkiler	3.35
benimkisi	3.35
benziyorsun	3.35
beslenmek	3.35
beyanı	3.35
bilgimiz	3.35
bilinçaltı	3.35
biliyorsanız	3.35
bilmeleri	3.35
bindik	3.35
binerken	3.35
binme	3.35
birimlerinde	3.35
bitirdiniz	3.35
biçimindeki	3.35
bolivya	3.35
borsaya	3.35
bostan	3.35
boyar	3.35
bozarak	3.35
boğan	3.35
bulmaz	3.35
bundesliga	3.35
buruna	3.35
böyleyken	3.35
bülten	3.35
büyükelçilik	3.35
büyüğüm	3.35
büyüğünü	3.35
camiasına	3.35
cao	3.35
cepten	3.35
cevaplara	3.35
classic	3.35
computer	3.35
cotton	3.35
cumhuriyetçiler	3.35
cü	3.35
dalar	3.35
daldım	3.35
darbesiyle	3.35
dayanıklılığı	3.35
dağcı	3.35
dağlı	3.35
deneyen	3.35
depolar	3.35
derslerde	3.35
descartes	3.35
devamlılık	3.35
devraldı	3.35
devrime	3.35
değişse	3.35
değiştirdiler	3.35
dilan	3.35
dio	3.35
dipsiz	3.35
disiplinler	3.35
diyebileceğim	3.35
dokunmaz	3.35
dokunmuş	3.35
dokunulmaz	3.35
doküman	3.35
doluluk	3.35
dostlarımızın	3.35
doğmasına	3.35
doğuşunu	3.35
dudaklarından	3.35
dun	3.35
durumlarına	3.35
duymadı	3.35
döne	3.35
dövülmüş	3.35
dükkanda	3.35
düzgünce	3.35
düşmemek	3.35
düşünürsen	3.35
düşünürseniz	3.35
düşürülen	3.35
edebileceğimiz	3.35
edebiyatını	3.35
ef	3.35
efendimize	3.35
eksiğimiz	3.35
elbiselerini	3.35
elise	3.35
emerson	3.35
emevi	3.35
emlakçı	3.35
ep	3.35
eriş	3.35
erk	3.35
etkinliklerin	3.35
etmezdi	3.35
ettirmiş	3.35
ezelden	3.35
eğitiminden	3.35
eğitimlerini	3.35
eşyalara	3.35
fargo	3.35
faydalıdır	3.35
fedakar	3.35
felsefeye	3.35
filtreler	3.35
fitch	3.35
fiyatlarının	3.35
fosforlu	3.35
francesca	3.35
francesco	3.35
futbolcuya	3.35
füsun	3.35
garantisini	3.35
geldiğinin	3.35
gelebilirim	3.35
gelebilmek	3.35
geleceğinin	3.35
gelişine	3.35
gençlerde	3.35
gençliğinin	3.35
gerçektende	3.35
gerçeğine	3.35
geyve	3.35
geziler	3.35
geçişler	3.35
geçmişle	3.35
gibilere	3.35
girdiğimizde	3.35
girdiğin	3.35
gittiklerini	3.35
gömleğini	3.35
gönlüne	3.35
gönülleri	3.35
gördüğümden	3.35
göreceği	3.35
görsünler	3.35
gövdeye	3.35
göçmenleri	3.35
güvenliğine	3.35
güzelbahçe	3.35
gırgır	3.35
haberlerden	3.35
haiz	3.35
hakimdir	3.35
hallederim	3.35
hamid	3.35
harcadığım	3.35
hareketleriyle	3.35
harçlık	3.35
hastalıklarına	3.35
hastalığıdır	3.35
hattan	3.35
havaları	3.35
havana	3.35
hayallerine	3.35
hazinenin	3.35
hedeflemektedir	3.35
hekimlik	3.35
hekimoğlu	3.35
hermes	3.35
heykelinin	3.35
hikmeti	3.35
hikâyelerini	3.35
hissettiklerini	3.35
hizmetlere	3.35
hocayı	3.35
hoşlanıyor	3.35
hurley	3.35
hwang	3.35
hücrelerde	3.35
hızlandırılmış	3.35
ihaleye	3.35
ihtimaliniz	3.35
ihtiyaci	3.35
ihtiyaçlar	3.35
iklime	3.35
iktidarına	3.35
ilerlemeyi	3.35
ilinden	3.35
imana	3.35
inadına	3.35
inancımı	3.35
inancıyla	3.35
incelerken	3.35
indirime	3.35
indiriyor	3.35
iskilip	3.35
islamcılık	3.35
ismidir	3.35
istatistiklerine	3.35
istediğinden	3.35
istemci	3.35
istenmiş	3.35
itiyor	3.35
iyileştirmeye	3.35
izlenimini	3.35
iznin	3.35
içersinde	3.35
işkenceler	3.35
işlerimizi	3.35
işleriniz	3.35
jenerasyon	3.35
jübile	3.35
kadinlar	3.35
kafese	3.35
kainatın	3.35
kaldırmaz	3.35
kalmakta	3.35
kalıyorsunuz	3.35
kameraman	3.35
kapkara	3.35
kapladığı	3.35
kaplıyor	3.35
kapılma	3.35
karakterden	3.35
kararlıyız	3.35
karayip	3.35
kardeşe	3.35
kari	3.35
karnesi	3.35
kaslarını	3.35
katılımları	3.35
kavisli	3.35
kaydetmiş	3.35
kayyım	3.35
kelâm	3.35
kep	3.35
kesiminin	3.35
keşifler	3.35
kiss	3.35
kizi	3.35
kişiliktir	3.35
kokuşmuş	3.35
koluma	3.35
kontrast	3.35
konularının	3.35
korkuteli	3.35
koyarken	3.35
koydukları	3.35
kremalı	3.35
ktü	3.35
kudreti	3.35
kulları	3.35
kuruludur	3.35
kuşatılmış	3.35
köpeğim	3.35
kılma	3.35
kılıçla	3.35
kızmış	3.35
lannister	3.35
lao	3.35
levi	3.35
lex	3.35
likit	3.35
lisesini	3.35
lite	3.35
maceracı	3.35
maddeyle	3.35
mandela	3.35
mantığın	3.35
maslak	3.35
matematiğe	3.35
maçlardan	3.35
mcqueen	3.35
mesafedeki	3.35
mesajınızı	3.35
metalurji	3.35
mevsiminin	3.35
mille	3.35
mim	3.35
miriam	3.35
mitingde	3.35
miğfer	3.35
mobilyalar	3.35
modları	3.35
mors	3.35
motorla	3.35
muradiye	3.35
murathan	3.35
must	3.35
mühürlü	3.35
mükemmelsin	3.35
müsabakalarında	3.35
müşteriyi	3.35
mışıl	3.35
namı	3.35
nazif	3.35
nevresim	3.35
nicky	3.35
nightingale	3.35
niyetiyle	3.35
notalar	3.35
okulla	3.35
okusun	3.35
olabiliyorlar	3.35
olacağının	3.35
olmadığımızı	3.35
olmamaya	3.35
olucam	3.35
oluştur	3.35
onar	3.35
operasyonunun	3.35
organizasyonunda	3.35
orson	3.35
ortamlarında	3.35
osb	3.35
others	3.35
oynamasına	3.35
oyuyla	3.35
oğullarını	3.35
paradigma	3.35
parlıyor	3.35
pazarlığı	3.35
periyot	3.35
pervin	3.35
phoebe	3.35
pikniğe	3.35
piliç	3.35
platformuna	3.35
postaları	3.35
puanlı	3.35
ramirez	3.35
razi	3.35
renklerle	3.35
resmine	3.35
reuters	3.35
rhodes	3.35
ribaund	3.35
rm	3.35
rocket	3.35
ruhunuzu	3.35
safında	3.35
sakızı	3.35
salonundan	3.35
salonunu	3.35
salıncak	3.35
sanacak	3.35
sapıklık	3.35
sarmal	3.35
sarıoğlu	3.35
satarım	3.35
savcıların	3.35
savunarak	3.35
sayfalarına	3.35
saçmalıkları	3.35
sağlamakla	3.35
sağına	3.35
schengen	3.35
sent	3.35
seok	3.35
sergiye	3.35
sertliği	3.35
seslere	3.35
sessizliğin	3.35
sevgilerle	3.35
sevgilini	3.35
sevince	3.35
sevişmeyi	3.35
sevkiyat	3.35
sevmezler	3.35
seyirciyi	3.35
seyretmeye	3.35
ship	3.35
sicili	3.35
silahtır	3.35
sinirimi	3.35
sinyalin	3.35
slam	3.35
smile	3.35
solist	3.35
solucanlar	3.35
sorarsa	3.35
sormuştum	3.35
soysal	3.35
soğuktur	3.35
soğuğu	3.35
sporuna	3.35
strange	3.35
stratejiler	3.35
subayları	3.35
subayların	3.35
surları	3.35
susamış	3.35
susuzluk	3.35
suçla	3.35
sy	3.35
söner	3.35
söyleriz	3.35
söyleyeceği	3.35
söyleyemez	3.35
söylüyorsa	3.35
sülfat	3.35
sınırından	3.35
sıçrayan	3.35
sığındı	3.35
takımıdır	3.35
tanaka	3.35
tanıyacak	3.35
tanıştıktan	3.35
tapınağa	3.35
tarihimiz	3.35
tasarımcılar	3.35
teknolojilerin	3.35
teleferik	3.35
telkin	3.35
tematik	3.35
temsilcimiz	3.35
teni	3.35
teorisine	3.35
tepedeki	3.35
teröristlerden	3.35
tesadüfi	3.35
teşekürler	3.35
these	3.35
tib	3.35
tiflis	3.35
tmmob	3.35
tokadı	3.35
toplayacak	3.35
topluluğuna	3.35
toplumları	3.35
toshiba	3.35
turistlere	3.35
tümüne	3.35
türkmenlerin	3.35
tıbbın	3.35
ulaşmasına	3.35
ultimate	3.35
ulusların	3.35
unuturum	3.35
unvanına	3.35
urban	3.35
utah	3.35
uyarlaması	3.35
uygarlığı	3.35
uygulandığında	3.35
uzamış	3.35
uçmaya	3.35
uçmuş	3.35
vadisinde	3.35
vakitleri	3.35
varın	3.35
vatandaşının	3.35
verdiğimi	3.35
verebilirler	3.35
verseniz	3.35
version	3.35
vuruşunu	3.35
wo	3.35
yaklaş	3.35
yakınlarını	3.35
yalakalık	3.35
yalamaya	3.35
yalnızlıktan	3.35
yalıyor	3.35
yanılmışım	3.35
yapmamızı	3.35
yapıdaki	3.35
yapılardan	3.35
yararları	3.35
yararlıdır	3.35
yarattım	3.35
yarattın	3.35
yargılandı	3.35
yasalarını	3.35
yasağını	3.35
yatağını	3.35
yayınlarından	3.35
yazdınız	3.35
yazıldığını	3.35
yazımız	3.35
yaşatacak	3.35
yedekleme	3.35
yedeği	3.35
yemeklerden	3.35
yeminle	3.35
yemiyorum	3.35
yenilmiş	3.35
yetişmesi	3.35
yitirir	3.35
yokluğunu	3.35
yoksulluğu	3.35
yorumunda	3.35
yorumuyla	3.35
yozlaşmış	3.35
ytl	3.35
yukarısında	3.35
yönelim	3.35
yönetilir	3.35
yönetimiyle	3.35
yönetmenliği	3.35
yürümesi	3.35
zaferinin	3.35
zanneden	3.35
zatürre	3.35
zi	3.35
ziyaretlerinde	3.35
çalması	3.35
çalışanın	3.35
çantanın	3.35
çağrıyı	3.35
çekirdeğini	3.35
çello	3.35
çeyrekte	3.35
çiğneme	3.35
çocukluktan	3.35
çıldır	3.35
ödendi	3.35
öfkesini	3.35
öldürülmüştü	3.35
ölümdür	3.35
öncesini	3.35
önerge	3.35
örümcekler	3.35
özdil	3.35
özenli	3.35
öğrencisine	3.35
öğrencisiyim	3.35
öğrenmeden	3.35
öğrenmem	3.35
üniter	3.35
ünvanı	3.35
ürünlerde	3.35
üşüdüm	3.35
ır	3.35
ırving	3.35
ıx	3.35
şairleri	3.35
şasi	3.35
şehrimizin	3.35
şerafettin	3.35
şerefe	3.35
şeyine	3.35
şifrelenmiş	3.35
şirketlerini	3.35
şişmiş	3.35
aba	3.34
adamsınız	3.34
adayını	3.34
ahlaksızlık	3.34
aklımızda	3.34
aktarır	3.34
akıllarına	3.34
alabileceğini	3.34
alakadar	3.34
alanla	3.34
alaşehir	3.34
alemine	3.34
aleykum	3.34
almanları	3.34
almasından	3.34
alıcıya	3.34
alınınca	3.34
amaçsız	3.34
amblemi	3.34
anlattığına	3.34
anlatıyoruz	3.34
anlayabileceği	3.34
anlaşmada	3.34
antrenmanda	3.34
anına	3.34
arayışında	3.34
araçlarıyla	3.34
araştırdı	3.34
ardışık	3.34
around	3.34
arzuları	3.34
asar	3.34
askerimiz	3.34
atanlar	3.34
atmadım	3.34
awards	3.34
ayaklarımın	3.34
ayrılıkları	3.34
azrail	3.34
ağzıyla	3.34
badminton	3.34
baek	3.34
bahisleri	3.34
bahriye	3.34
bahsedeyim	3.34
balaban	3.34
baltacı	3.34
basacak	3.34
bayer	3.34
başbakanlığa	3.34
başlamışlardı	3.34
başlatın	3.34
beauty	3.34
bebeğimiz	3.34
beceremedim	3.34
beklemem	3.34
beklerler	3.34
benli	3.34
besni	3.34
beynime	3.34
beğendiniz	3.34
beğeniyor	3.34
beşiği	3.34
biden	3.34
bildir	3.34
bildirmiş	3.34
bilgilendirmek	3.34
bitiriyorum	3.34
bitirmeden	3.34
bitkilere	3.34
biçiminin	3.34
bozulmaz	3.34
boşluğunu	3.34
brokoli	3.34
bryant	3.34
bud	3.34
bulamadığım	3.34
bulmuyor	3.34
bulsam	3.34
bulundurmak	3.34
buluşmayı	3.34
bunaltıcı	3.34
büyüklükleri	3.34
büyüttü	3.34
bırakmadın	3.34
bırakırsın	3.34
cap	3.34
cassidy	3.34
cebi	3.34
cemaatle	3.34
cenap	3.34
cephesinin	3.34
cevabınız	3.34
chambers	3.34
chung	3.34
cinsiyete	3.34
cismi	3.34
cumhurbaşkanını	3.34
dada	3.34
dalını	3.34
dağıtacak	3.34
demiyoruz	3.34
derdik	3.34
det	3.34
devletidir	3.34
devreler	3.34
devretti	3.34
dilbilgisi	3.34
dilerdim	3.34
doldurulur	3.34
dostunun	3.34
doğaldır	3.34
dracula	3.34
dual	3.34
duvarlarının	3.34
duyacaksınız	3.34
duyarsın	3.34
duygularıyla	3.34
duymaktadır	3.34
döküldüğü	3.34
döndüklerinde	3.34
döndüren	3.34
döndürme	3.34
dönmeleri	3.34
dönüyorlar	3.34
dürüstçe	3.34
düştükten	3.34
düşüncede	3.34
düşünülerek	3.34
dışını	3.34
edebileceğim	3.34
edilene	3.34
efsaneleri	3.34
egon	3.34
ekonomiden	3.34
ekosistem	3.34
ekranına	3.34
elaine	3.34
elektroniği	3.34
ellerime	3.34
elçiliği	3.34
emilio	3.34
endişeler	3.34
erdiğini	3.34
erdoğdu	3.34
erişte	3.34
etmediniz	3.34
etmese	3.34
evlilikler	3.34
evresine	3.34
ezanı	3.34
ezikler	3.34
eğlenmeyi	3.34
eşyalarının	3.34
fakirlere	3.34
farklılıkların	3.34
favorisi	3.34
ferahlık	3.34
finike	3.34
fizyoloji	3.34
fk	3.34
formülünü	3.34
fotoğraflarının	3.34
galler	3.34
gayrimeşru	3.34
gazetelerinde	3.34
gazını	3.34
gelemedim	3.34
geleneklere	3.34
gelire	3.34
geliştirilmesini	3.34
gemilerde	3.34
gencer	3.34
genelleme	3.34
genler	3.34
geoffrey	3.34
gerçekliğe	3.34
getirebilecek	3.34
gezide	3.34
geçerliliği	3.34
geçmem	3.34
geçmişinden	3.34
gidebilirim	3.34
gidecekti	3.34
gittiğinizde	3.34
giyinen	3.34
gönderdikleri	3.34
gönüllüsü	3.34
göreceğiniz	3.34
görmediğin	3.34
görmelisin	3.34
görmezlikten	3.34
görüşmeden	3.34
gösterilere	3.34
göstermedi	3.34
göçük	3.34
güldürüyor	3.34
gülerken	3.34
gültepe	3.34
gülücük	3.34
güvenilirliği	3.34
hacminin	3.34
halüsinasyon	3.34
harcadığı	3.34
harcar	3.34
harekettir	3.34
haritaya	3.34
hasarlar	3.34
hasarın	3.34
hattâ	3.34
havayla	3.34
hayrola	3.34
hayvandan	3.34
hedeflerin	3.34
heyecana	3.34
heyelan	3.34
heyetine	3.34
hissesi	3.34
hissettiğimiz	3.34
hostes	3.34
hyung	3.34
hücresinde	3.34
hıristiyanlık	3.34
ideolojinin	3.34
ihtimalinin	3.34
ilgilenin	3.34
illerin	3.34
imkanlar	3.34
inandık	3.34
inanmayı	3.34
indirilmiş	3.34
insanin	3.34
islamı	3.34
isteyeceğiniz	3.34
istiyorlarsa	3.34
itaatsizlik	3.34
itiş	3.34
ittifakın	3.34
iyileştirmeler	3.34
izzettin	3.34
işbirliğinin	3.34
işlerinizi	3.34
işsizliğin	3.34
iştiraki	3.34
jacobs	3.34
jar	3.34
josephine	3.34
kabın	3.34
kadarmış	3.34
kadrolarında	3.34
kadınının	3.34
kafeste	3.34
kafeterya	3.34
kaftan	3.34
kakaolu	3.34
kalamam	3.34
kalamar	3.34
kalifiye	3.34
kalmadım	3.34
kalsan	3.34
kalsaydı	3.34
kalınan	3.34
kandırıp	3.34
kaotik	3.34
karargâh	3.34
kararlara	3.34
kardeşçe	3.34
karizma	3.34
kartallar	3.34
kathryn	3.34
katmanları	3.34
katıksız	3.34
kayaları	3.34
kaybol	3.34
kaynayan	3.34
kayıtta	3.34
kazanamaz	3.34
kazasından	3.34
kdp	3.34
kemiğinin	3.34
kenardan	3.34
kesmesi	3.34
keşfedilmemiş	3.34
kiliseler	3.34
kilitlendi	3.34
kill	3.34
kimiz	3.34
kimliğiyle	3.34
kinetik	3.34
kocaoğlu	3.34
koleksiyonları	3.34
kolonya	3.34
kongrenin	3.34
konumdadır	3.34
koruduğunu	3.34
kosgeb	3.34
kudretli	3.34
kullanılıyordu	3.34
kurbanlarının	3.34
kuvvetlidir	3.34
kuyumcu	3.34
kylie	3.34
kökler	3.34
küle	3.34
kılmaya	3.34
kınıyorum	3.34
kızan	3.34
kızlarına	3.34
lightning	3.34
lion	3.34
listelerine	3.34
listen	3.34
lux	3.34
maaşın	3.34
madalyon	3.34
manikür	3.34
margarita	3.34
mater	3.34
mağdurun	3.34
memnuniyeti	3.34
mesafelere	3.34
metrajlı	3.34
milletçe	3.34
milyonların	3.34
mineralleri	3.34
mirasın	3.34
mobilyaları	3.34
modem	3.34
monsieur	3.34
motifleri	3.34
motorlarının	3.34
muallim	3.34
muharebesi	3.34
musibet	3.34
mutasyona	3.34
müttefikleri	3.34
neyzen	3.34
odaklanma	3.34
odaların	3.34
odamın	3.34
ofansif	3.34
oklahoma	3.34
olacağıma	3.34
olanaklar	3.34
olduğunuza	3.34
olmadi	3.34
olmadığınızı	3.34
olmalarından	3.34
olmayacağına	3.34
onsekiz	3.34
operası	3.34
ortanca	3.34
osmanli	3.34
oynayanlar	3.34
oynuyorsunuz	3.34
parkuru	3.34
partim	3.34
partizan	3.34
pastanın	3.34
patch	3.34
patrona	3.34
pauline	3.34
paylaşabilirsiniz	3.34
paylaştıkları	3.34
penisin	3.34
periyodu	3.34
peşkeş	3.34
piercing	3.34
pisi	3.34
piyasadan	3.34
plato	3.34
plağı	3.34
polisine	3.34
porsuk	3.34
pozisyonlar	3.34
profilleri	3.34
programla	3.34
rand	3.34
range	3.34
raporlama	3.34
reaksiyonu	3.34
really	3.34
recai	3.34
reklamsız	3.34
reva	3.34
revolution	3.34
robotları	3.34
romanında	3.34
rosen	3.34
rotayı	3.34
rüyadan	3.34
rızasını	3.34
sabahında	3.34
sabrım	3.34
sahnedeki	3.34
saim	3.34
salan	3.34
samsat	3.34
samson	3.34
sanayileşme	3.34
sandalyenin	3.34
saraybosna	3.34
sarsan	3.34
sarsıcı	3.34
sattığını	3.34
savaşacak	3.34
savunacak	3.34
saymıyorum	3.34
sağlamıştı	3.34
sembolüdür	3.34
sendikal	3.34
sesten	3.34
seviyelere	3.34
seviyelerinde	3.34
seyahatleri	3.34
seçeneğin	3.34
shepard	3.34
singer	3.34
sipahi	3.34
sofrada	3.34
sokulan	3.34
sorsam	3.34
soğuktu	3.34
still	3.34
stilleri	3.34
sularına	3.34
sungur	3.34
sunma	3.34
sunuculuğunu	3.34
sunulması	3.34
suskun	3.34
sven	3.34
swan	3.34
söylemler	3.34
tabiiki	3.34
tahtına	3.34
taktir	3.34
takımlarında	3.34
takıntısı	3.34
talas	3.34
tanka	3.34
tanıkları	3.34
tap	3.34
tarafınıza	3.34
tarlaları	3.34
tatlim	3.34
tavaf	3.34
taşlarından	3.34
tekliflerini	3.34
telden	3.34
temeline	3.34
temizlenir	3.34
terbiyeli	3.34
teröristi	3.34
testlerin	3.34
things	3.34
ticarî	3.34
titus	3.34
topaloğlu	3.34
toplamına	3.34
toprağını	3.34
trafiğin	3.34
tutmayan	3.34
tuttuğunuz	3.34
tutukladı	3.34
tüfekler	3.34
tüketiminin	3.34
tümörün	3.34
tüpleri	3.34
türkiyeli	3.34
tıklayıp	3.34
unsurlarının	3.34
unutmadık	3.34
ursula	3.34
uykulu	3.34
uyması	3.34
uyumuş	3.34
uyusun	3.34
uçlarına	3.34
uğratan	3.34
vardar	3.34
varıyor	3.34
vatandaşımızın	3.34
vee	3.34
vereceğin	3.34
veremeyen	3.34
verenlere	3.34
vergiden	3.34
vergiyi	3.34
verilmemesi	3.34
vermeyeceksin	3.34
vermeyelim	3.34
village	3.34
vitra	3.34
vururlar	3.34
webster	3.34
wilhelm	3.34
yaaa	3.34
yaklaştığında	3.34
yanıtlar	3.34
yapmamı	3.34
yaptigi	3.34
yaptıklarınız	3.34
yapımda	3.34
yaran	3.34
yarımada	3.34
yarışlarda	3.34
yarışmalara	3.34
yaslanın	3.34
yattığım	3.34
yatırdım	3.34
yatırmak	3.34
yazabilirim	3.34
yazmadan	3.34
yazıyorsunuz	3.34
yaşadınız	3.34
yaşardı	3.34
yelpazede	3.34
yemekhane	3.34
yetişmeye	3.34
yolculukları	3.34
yurduna	3.34
yönetiliyor	3.34
yönlere	3.34
yöntemlerine	3.34
yönündedir	3.34
yü	3.34
yıkarken	3.34
yıkma	3.34
zevkleri	3.34
ziyafeti	3.34
çadırda	3.34
çalıkuşu	3.34
çalışacağını	3.34
çalışmadım	3.34
çalışmakla	3.34
çalıştığın	3.34
çarkı	3.34
çekmenin	3.34
çektiğimi	3.34
çenesi	3.34
ço	3.34
çocuğunuzun	3.34
çözelti	3.34
çıkacaksın	3.34
çıktıklarını	3.34
çıktığından	3.34
çıraklık	3.34
ödülünün	3.34
öldürülüyor	3.34
ölümlere	3.34
ölüyü	3.34
ömürleri	3.34
önceydi	3.34
öneride	3.34
örgütlenmesi	3.34
örneklerin	3.34
özgen	3.34
ücretler	3.34
üniteleri	3.34
ünvan	3.34
üyeye	3.34
ıllinois	3.34
ırmağı	3.34
ıspanak	3.34
ısınmak	3.34
şablon	3.34
şalgam	3.34
şapkalı	3.34
şarapları	3.34
şekillerini	3.34
şerh	3.34
şirketidir	3.34
şişlik	3.34
adaylara	3.33
adliyesi	3.33
ahbap	3.33
akademide	3.33
aklımızı	3.33
alnına	3.33
als	3.33
alsana	3.33
altınova	3.33
alımını	3.33
alınabilecek	3.33
alınmadığı	3.33
ambarı	3.33
ameliyatla	3.33
amonyum	3.33
analist	3.33
anketinde	3.33
anlamamız	3.33
anlattığını	3.33
anlaştığı	3.33
antony	3.33
apollon	3.33
aradığında	3.33
aralıkları	3.33
araplara	3.33
arasi	3.33
archer	3.33
arkadaşımdan	3.33
arkalarından	3.33
armani	3.33
artmasını	3.33
arzularını	3.33
asm	3.33
atari	3.33
ateşinde	3.33
atlayış	3.33
atmanız	3.33
atmıyor	3.33
atomik	3.33
avokado	3.33
avını	3.33
ayrıldığında	3.33
ayrılığın	3.33
ayrıntılarıyla	3.33
azerice	3.33
açlığı	3.33
açıklamasının	3.33
ağabeyin	3.33
ağlarını	3.33
ağzınızı	3.33
bach	3.33
bakıyordum	3.33
base	3.33
basin	3.33
basketbolu	3.33
baskısına	3.33
bastırmaya	3.33
basıncının	3.33
bayazıt	3.33
bağlanabilir	3.33
bağlıyorum	3.33
beau	3.33
belgeye	3.33
bianca	3.33
bilmekte	3.33
bilmiyormuş	3.33
biriminden	3.33
birimlerinden	3.33
birleşim	3.33
biçimsel	3.33
blokta	3.33
bonservisi	3.33
bop	3.33
boxer	3.33
bozulacak	3.33
boğaza	3.33
boşaltmak	3.33
brothers	3.33
bulunduğunda	3.33
burcunun	3.33
bursada	3.33
button	3.33
böle	3.33
büyücüler	3.33
bıraktığında	3.33
bırakılıyor	3.33
chili	3.33
cinsiyetçi	3.33
clash	3.33
copy	3.33
coğrafyaya	3.33
cut	3.33
cüz	3.33
dak	3.33
dakikalarında	3.33
dalan	3.33
dalmış	3.33
dalının	3.33
dansa	3.33
dayanmak	3.33
dağıtılır	3.33
dediğinin	3.33
demesine	3.33
denizle	3.33
derinliğe	3.33
desenleri	3.33
dewey	3.33
değişkenleri	3.33
değnek	3.33
dibindeki	3.33
dikme	3.33
dileklerimi	3.33
dileyecek	3.33
dilidir	3.33
dindir	3.33
dinlemiş	3.33
dinozorlar	3.33
direnişini	3.33
diyalogları	3.33
dizine	3.33
dizleri	3.33
dolabın	3.33
dolarına	3.33
dosyalara	3.33
doymak	3.33
dualarını	3.33
dudaklarım	3.33
duruşuyla	3.33
dusunuyorum	3.33
duyacağız	3.33
duymam	3.33
döl	3.33
dönemsel	3.33
dükkanında	3.33
dünü	3.33
düşmanlara	3.33
düşmanıdır	3.33
düşünebiliyor	3.33
düşünürdüm	3.33
ekmeleddin	3.33
ekranlı	3.33
eleştirilerin	3.33
eleştirmen	3.33
elhamdülillah	3.33
elijah	3.33
ellerimizi	3.33
elon	3.33
emeğe	3.33
emperyal	3.33
enişte	3.33
entrika	3.33
entry	3.33
erden	3.33
erimesi	3.33
ermenek	3.33
ersöz	3.33
etler	3.33
etmeyeceği	3.33
etmeyenler	3.33
eşyanın	3.33
fake	3.33
falcı	3.33
farkının	3.33
fasıl	3.33
feel	3.33
files	3.33
filmdir	3.33
fonları	3.33
found	3.33
function	3.33
galaktik	3.33
gang	3.33
gariban	3.33
gelebileceğini	3.33
gelenlerden	3.33
geliştiğini	3.33
genk	3.33
gerçekleştirilebilir	3.33
getireyim	3.33
getirmedi	3.33
geçilmez	3.33
gireceği	3.33
girmesinin	3.33
gitmiştik	3.33
gizleme	3.33
gogh	3.33
golüne	3.33
gunu	3.33
gustav	3.33
gökçeada	3.33
görevimi	3.33
görevlilerine	3.33
görücüye	3.33
görüntülemek	3.33
görüşlerin	3.33
görüşlerinin	3.33
göstermekten	3.33
gülümsemeyi	3.33
günahın	3.33
gündemin	3.33
güneyli	3.33
güvenliğinden	3.33
güzele	3.33
hacet	3.33
hakaretler	3.33
halimle	3.33
halinle	3.33
hanedan	3.33
hansen	3.33
harbor	3.33
harcamayın	3.33
hareketlerle	3.33
hasankeyf	3.33
haseki	3.33
hastalandı	3.33
hatuna	3.33
hatırlama	3.33
hatırlatırım	3.33
hatırlayamadım	3.33
hatırlayan	3.33
hediyesini	3.33
heinrich	3.33
heybetli	3.33
hikâyeye	3.33
hissedin	3.33
hissedip	3.33
hissettirmek	3.33
horizon	3.33
hubert	3.33
hücuma	3.33
hükmünü	3.33
idarenin	3.33
ifadelerin	3.33
ifadesidir	3.33
iflah	3.33
ihtiyatlı	3.33
ihvan	3.33
ikincisinde	3.33
ikonu	3.33
iletiyorum	3.33
inanamadım	3.33
indirimler	3.33
insanlarsınız	3.33
insansınız	3.33
iradeyi	3.33
ispanyollar	3.33
istemedikleri	3.33
istemiyle	3.33
istemişler	3.33
ithalatı	3.33
iyileştirir	3.33
içince	3.33
içmiyorum	3.33
işaretlenmiş	3.33
işlemden	3.33
işlemdir	3.33
işlendi	3.33
jeneratörü	3.33
jigolo	3.33
justice	3.33
kadromuz	3.33
kahta	3.33
kahvemi	3.33
kalbiniz	3.33
kalırsanız	3.33
kanserin	3.33
kanserli	3.33
kaplaması	3.33
karakterlerini	3.33
karardan	3.33
karayılan	3.33
karikatürü	3.33
kartepe	3.33
karşılamaktadır	3.33
karşılarına	3.33
karşındaki	3.33
kategorilerde	3.33
katran	3.33
katrina	3.33
katılırken	3.33
katındaki	3.33
kavgadan	3.33
kaybettikleri	3.33
kaybettiğinde	3.33
kaydın	3.33
kaymaya	3.33
kaynağında	3.33
kazanalım	3.33
kaçışı	3.33
kağıdına	3.33
kekler	3.33
kelimelerden	3.33
kesinleşti	3.33
keşfet	3.33
kimseleri	3.33
kiri	3.33
kitabındaki	3.33
kişilerce	3.33
kokusuyla	3.33
komedisi	3.33
konseyinin	3.33
konusmak	3.33
koruyacağız	3.33
kovalamaca	3.33
koçyiğit	3.33
koşullu	3.33
kr	3.33
kullandıklarını	3.33
kullanımlar	3.33
kulübesinde	3.33
kupalarında	3.33
kuruyorlar	3.33
kuzusu	3.33
kösem	3.33
küfürler	3.33
kürkçü	3.33
küçüğüm	3.33
kıdem	3.33
kısaltma	3.33
kısas	3.33
kızılcık	3.33
kızıyor	3.33
lal	3.33
latte	3.33
limandan	3.33
limanında	3.33
lime	3.33
liranın	3.33
lizbon	3.33
local	3.33
lucifer	3.33
lukas	3.33
maceralar	3.33
makamlara	3.33
manastırda	3.33
mankenlik	3.33
maryland	3.33
masadaki	3.33
maço	3.33
mba	3.33
melikgazi	3.33
memleketim	3.33
memnunuz	3.33
memory	3.33
mercer	3.33
merkezler	3.33
metinlerin	3.33
milliyetçiler	3.33
milliyetçiliğin	3.33
minimal	3.33
moleküller	3.33
moody	3.33
morton	3.33
muaviye	3.33
muhabirleri	3.33
muhyiddin	3.33
mussolini	3.33
müezzin	3.33
müfredatı	3.33
müftüoğlu	3.33
münazara	3.33
mıydım	3.33
nedenin	3.33
neredeydiniz	3.33
noktasındaki	3.33
ofisini	3.33
okullarını	3.33
okuyucuya	3.33
olaylı	3.33
olmamasının	3.33
oluşumlar	3.33
oluşuna	3.33
oluşundan	3.33
operasyonlarına	3.33
oranlarına	3.33
ortaca	3.33
ortalamaları	3.33
ortalamanın	3.33
ortalığa	3.33
oturanlar	3.33
oturması	3.33
oturumunda	3.33
panelleri	3.33
paranoya	3.33
parmağım	3.33
partimize	3.33
paylaşmaktan	3.33
pekte	3.33
petra	3.33
pia	3.33
pivot	3.33
piyasanın	3.33
plakaları	3.33
platonik	3.33
postal	3.33
probleminiz	3.33
programlanmış	3.33
programlarından	3.33
projeden	3.33
provokasyon	3.33
psg	3.33
psikolojisini	3.33
queens	3.33
rabbimizin	3.33
rahatladı	3.33
rasgele	3.33
reaktörü	3.33
reddettiği	3.33
reji	3.33
reset	3.33
resimlerle	3.33
romen	3.33
saglam	3.33
sahasını	3.33
sahnelerini	3.33
saldıracak	3.33
saldırması	3.33
saldırılardan	3.33
sanattır	3.33
sandalyede	3.33
sarmak	3.33
sarpa	3.33
sarılma	3.33
sarıçam	3.33
satıcılar	3.33
sayılacak	3.33
sağlamanın	3.33
sağlayacağını	3.33
sağlayıcı	3.33
sağlayıcıları	3.33
scooter	3.33
seker	3.33
servisler	3.33
sevdiklerine	3.33
sevgisine	3.33
sezonki	3.33
sinemasında	3.33
sirius	3.33
sirkeci	3.33
siyasetinin	3.33
sonar	3.33
sonlandırdı	3.33
sonuc	3.33
sopası	3.33
sosyalistler	3.33
spagetti	3.33
sr	3.33
starbucks	3.33
subaru	3.33
sunset	3.33
suzuki	3.33
suçluyu	3.33
süleymanpaşa	3.33
süperdi	3.33
sırtımdan	3.33
sıvıyı	3.33
sızı	3.33
table	3.33
taburu	3.33
tadın	3.33
taktikler	3.33
tamamla	3.33
tamirat	3.33
tandoğan	3.33
tarımla	3.33
tavukları	3.33
taşınacak	3.33
teknikeri	3.33
temsilcilerini	3.33
tex	3.33
thing	3.33
tipinin	3.33
toplaması	3.33
toygar	3.33
trenleri	3.33
trinity	3.33
tsi	3.33
turnuvayı	3.33
tutarsa	3.33
tutmam	3.33
tutmuştur	3.33
tutunmaya	3.33
tutuş	3.33
tuvaletin	3.33
tuzaklar	3.33
tüketiciler	3.33
tümünde	3.33
ufuklar	3.33
uganda	3.33
ulaşamaz	3.33
ulaşılması	3.33
umduğunu	3.33
unutan	3.33
upuzun	3.33
utanmıyor	3.33
uzaklaştırır	3.33
uzuyor	3.33
uçaklara	3.33
uğrayarak	3.33
vaktidir	3.33
vals	3.33
vance	3.33
varlığımızı	3.33
verde	3.33
vergilerin	3.33
verilmekte	3.33
verilmesinin	3.33
vermişlerdi	3.33
vitrin	3.33
vuslat	3.33
vücudundan	3.33
webcam	3.33
winchester	3.33
yabanci	3.33
yakasındaki	3.33
yakılır	3.33
yalanlarla	3.33
yalıtım	3.33
yansımaları	3.33
yanılıyorsunuz	3.33
yapabildiği	3.33
yapamadık	3.33
yaptığımızda	3.33
yapılabilmesi	3.33
yapıldığına	3.33
yapılmadığı	3.33
yapımcılar	3.33
yapıyla	3.33
yapıyorsan	3.33
yaralayan	3.33
yaratırken	3.33
yarışır	3.33
yasayan	3.33
yavruların	3.33
yayınlanmamış	3.33
yazarlardan	3.33
yazarının	3.33
yazıdan	3.33
yağları	3.33
yaşamamış	3.33
yaşattığı	3.33
yaşlıların	3.33
yeraltına	3.33
yerleştiği	3.33
yeteneğim	3.33
yettiği	3.33
yitip	3.33
yönelmiş	3.33
yönlerden	3.33
yörüngede	3.33
yürüdüğü	3.33
yüzyıllık	3.33
yıkarak	3.33
yıldızının	3.33
zalimler	3.33
zamanlaması	3.33
zamanımızda	3.33
zarafet	3.33
zavallılar	3.33
zayi	3.33
zihnini	3.33
zip	3.33
zola	3.33
zombiler	3.33
âlemi	3.33
çaldıkları	3.33
çalışmalıyız	3.33
çebi	3.33
çekimlerine	3.33
çine	3.33
çizip	3.33
çocuklarımı	3.33
çolakoğlu	3.33
çomak	3.33
çubuklar	3.33
çözüp	3.33
çıkamadı	3.33
çıkamayan	3.33
çıkartarak	3.33
çıkarırım	3.33
öfkenin	3.33
öper	3.33
öpüp	3.33
örgütlerini	3.33
örneklerinin	3.33
özlediğimi	3.33
öç	3.33
öğretmenine	3.33
öğretmenlerle	3.33
ülser	3.33
ümidiyle	3.33
ümmeti	3.33
üzülür	3.33
ıyı	3.33
şablonu	3.33
şafii	3.33
şampanya	3.33
şaşırıyorum	3.33
şehidi	3.33
şeritli	3.33
şia	3.33
şovunu	3.33
şutu	3.33
şüphelisi	3.33
с	3.33
abdülkerim	3.32
ablan	3.32
adasının	3.32
adlarına	3.32
adler	3.32
afşin	3.32
agatha	3.32
ailenizle	3.32
akını	3.32
akşamında	3.32
alabilirmiyim	3.32
alacakları	3.32
albümünden	3.32
alerjim	3.32
alkolü	3.32
almaması	3.32
alucra	3.32
alışılmışın	3.32
amaçlanmıştır	3.32
amk	3.32
anatomisi	3.32
andromeda	3.32
anlarında	3.32
anlarını	3.32
anlatmıştır	3.32
anlayabilirsiniz	3.32
anlayışınız	3.32
ansiklopedisi	3.32
anısını	3.32
apı	3.32
araçlardan	3.32
araştırır	3.32
arc	3.32
aria	3.32
arık	3.32
arıları	3.32
arınmış	3.32
asalak	3.32
asansörde	3.32
asansörün	3.32
asimilasyon	3.32
askeriye	3.32
astra	3.32
ateşim	3.32
atladım	3.32
atman	3.32
atmasına	3.32
atmıştım	3.32
atıldığını	3.32
avery	3.32
avluya	3.32
avukatlara	3.32
ayrılıklar	3.32
ayrışma	3.32
açacağı	3.32
açmasını	3.32
açıklanmadı	3.32
açıklayarak	3.32
ağaçlandırma	3.32
ağaçta	3.32
ağrısını	3.32
aştım	3.32
bacaklarımı	3.32
bahsediliyor	3.32
bahsedip	3.32
bahsetmedi	3.32
bakterileri	3.32
bankasına	3.32
banknot	3.32
bantları	3.32
barın	3.32
basmaya	3.32
bazılarınız	3.32
bağlantısının	3.32
bağlarbaşı	3.32
başlamanın	3.32
başlarsınız	3.32
başvurarak	3.32
belirtmişti	3.32
benimse	3.32
bertolt	3.32
besle	3.32
beteri	3.32
birbirimizle	3.32
birkaçını	3.32
bitirmeyi	3.32
biyomedikal	3.32
bla	3.32
botaş	3.32
boynunun	3.32
bozdun	3.32
boğazım	3.32
bulabiliriz	3.32
bulunmalı	3.32
büyücülük	3.32
caddeler	3.32
camiasının	3.32
canlıya	3.32
cary	3.32
ceketi	3.32
cephesine	3.32
cihazının	3.32
daireyi	3.32
dalma	3.32
dansın	3.32
darı	3.32
davetiyesi	3.32
dağılıyor	3.32
dedektifler	3.32
defterin	3.32
delme	3.32
demeç	3.32
demirer	3.32
denemiş	3.32
derdinde	3.32
derileri	3.32
derisini	3.32
deriyi	3.32
devleri	3.32
değişimlere	3.32
değişmeli	3.32
değiştirdik	3.32
dilber	3.32
dilemesi	3.32
dinlere	3.32
dinliyorsunuz	3.32
dinsiz	3.32
diyalektik	3.32
diyebilirsin	3.32
dokuları	3.32
dokunaklı	3.32
dokümanlar	3.32
donnie	3.32
dopamin	3.32
doğmuştu	3.32
dt	3.32
duralım	3.32
durduracak	3.32
dururum	3.32
duygulandım	3.32
duygularımızı	3.32
duygunun	3.32
döküyor	3.32
dövmeye	3.32
düzeyinin	3.32
düzinelerce	3.32
düşene	3.32
düşüncesinden	3.32
düşünmüştür	3.32
dışarıyı	3.32
edebiyatına	3.32
edemedik	3.32
elele	3.32
elementi	3.32
emer	3.32
emirle	3.32
emiyor	3.32
endokrin	3.32
enflasyonu	3.32
engellenmiş	3.32
engelleyerek	3.32
engelleyici	3.32
etkinliklerle	3.32
etmemektedir	3.32
etmişimdir	3.32
eyfel	3.32
eşitsizliği	3.32
eşyaya	3.32
fadime	3.32
fareleri	3.32
farka	3.32
fasulyesi	3.32
faturalar	3.32
feyzullah	3.32
field	3.32
firmasından	3.32
folk	3.32
fonksiyonlarının	3.32
formunun	3.32
fun	3.32
fön	3.32
fırsata	3.32
gabrielle	3.32
garry	3.32
gate	3.32
gavur	3.32
gazların	3.32
gelinler	3.32
geliştirmeleri	3.32
geliştirmiştir	3.32
genco	3.32
genelev	3.32
genişleten	3.32
gerçekleşmeyecek	3.32
gezginler	3.32
geçmeleri	3.32
geçtiğine	3.32
gidilen	3.32
gigi	3.32
girmesin	3.32
girmişler	3.32
gitmiyoruz	3.32
goodman	3.32
grammy	3.32
gömülen	3.32
gönderdiğim	3.32
göndermiştir	3.32
gördüklerinde	3.32
görmediğimiz	3.32
görüşeceğiz	3.32
götürerek	3.32
götürürken	3.32
gözcü	3.32
gü	3.32
gülümsemesi	3.32
günlerimiz	3.32
güzelleri	3.32
güzelyalı	3.32
habib	3.32
hagi	3.32
hakikate	3.32
half	3.32
halisdemir	3.32
halter	3.32
hammer	3.32
hand	3.32
handikap	3.32
hatırlamıyorsam	3.32
hatırlayıp	3.32
hayallerimi	3.32
hazzı	3.32
hedefiniz	3.32
herr	3.32
hesabınıza	3.32
hesaplanmıştır	3.32
hicks	3.32
hocasının	3.32
horon	3.32
hortumu	3.32
hoşlanmıyorum	3.32
hub	3.32
hwa	3.32
hüsrev	3.32
hüznü	3.32
hızlandı	3.32
hızlandırıcı	3.32
hızın	3.32
ihtiyaca	3.32
ilaçla	3.32
ilerisi	3.32
ileten	3.32
ilgiden	3.32
illallah	3.32
imzalanması	3.32
imzasıyla	3.32
inisiyatif	3.32
insanlarından	3.32
internetteki	3.32
iradesinin	3.32
irtibatı	3.32
isterdin	3.32
istermisiniz	3.32
iter	3.32
ittifakının	3.32
iyisidir	3.32
izliyorsun	3.32
içte	3.32
işaretidir	3.32
jeton	3.32
jolly	3.32
kademede	3.32
kafi	3.32
kalabalıkta	3.32
kalbinizi	3.32
kalitesine	3.32
kandırıyor	3.32
kapımız	3.32
karaburun	3.32
karagümrük	3.32
karim	3.32
karta	3.32
kartalı	3.32
kartların	3.32
kartopu	3.32
kartınız	3.32
kartıyla	3.32
kastım	3.32
kategorize	3.32
katılanların	3.32
kaydedilir	3.32
kaynağım	3.32
kayıtlardan	3.32
kayış	3.32
kazanılması	3.32
kazanırsınız	3.32
kaçınılmazdır	3.32
keep	3.32
kemiğin	3.32
kentten	3.32
keselim	3.32
keske	3.32
ketçap	3.32
keşfetmeye	3.32
kibarca	3.32
kirmizi	3.32
kirsten	3.32
kitabımız	3.32
kiti	3.32
klarnet	3.32
klavyede	3.32
klinikte	3.32
kocasıyla	3.32
kolombiyalı	3.32
kolçak	3.32
komiksin	3.32
konuşamıyorum	3.32
konyalı	3.32
koordinatörlüğü	3.32
koparan	3.32
korkulacak	3.32
korner	3.32
korumasına	3.32
kostümleri	3.32
koğuş	3.32
koşacak	3.32
kris	3.32
kuklası	3.32
kullanmaz	3.32
kullanılacaktır	3.32
kumru	3.32
kuruluşudur	3.32
kurumunda	3.32
kuyunun	3.32
kuzum	3.32
kuşaklar	3.32
kötülükler	3.32
kötünün	3.32
köşedeki	3.32
küllerinden	3.32
küvet	3.32
kıldığı	3.32
kılındı	3.32
kırılıyor	3.32
kızlarından	3.32
lastikleri	3.32
lefter	3.32
lehçe	3.32
lem	3.32
leylek	3.32
lgbti	3.32
lili	3.32
limanın	3.32
limitsiz	3.32
lizzie	3.32
logosunu	3.32
lucescu	3.32
mackenzie	3.32
maddesini	3.32
makalesinde	3.32
makinesinde	3.32
malzemeye	3.32
margot	3.32
mari	3.32
marketlerde	3.32
marko	3.32
materyalist	3.32
matiz	3.32
mektupların	3.32
menzile	3.32
mesajımı	3.32
meslekte	3.32
metali	3.32
mezhepler	3.32
missy	3.32
montreal	3.32
mâl	3.32
mücadelemizi	3.32
müdürlüğünün	3.32
mükemmeldir	3.32
müsünüz	3.32
müydü	3.32
mısırlılar	3.32
nallıhan	3.32
nehirde	3.32
neptün	3.32
nesini	3.32
neyiz	3.32
november	3.32
okumaları	3.32
okumuyor	3.32
okurlar	3.32
okuyorsunuz	3.32
okyanuslar	3.32
olmasada	3.32
olmuşsunuz	3.32
oluşunun	3.32
omzuma	3.32
onaylanması	3.32
onurlandırmak	3.32
operasyondan	3.32
operasyonlara	3.32
operasyonlarında	3.32
ordusundan	3.32
organizasyonlarda	3.32
organın	3.32
ortadadır	3.32
oryantal	3.32
otogar	3.32
oturmayı	3.32
oynamadan	3.32
oyunlarla	3.32
oyunumuz	3.32
paketlenmiş	3.32
parametreler	3.32
paraşütü	3.32
partikül	3.32
parçalayıp	3.32
paylaştığınız	3.32
peruk	3.32
pietro	3.32
pilotların	3.32
plansız	3.32
platformun	3.32
prensesin	3.32
programlarda	3.32
provası	3.32
puslu	3.32
qualcomm	3.32
radyoyu	3.32
rakibimiz	3.32
rami	3.32
rating	3.32
reddederek	3.32
rem	3.32
riayet	3.32
ritchie	3.32
robotun	3.32
rocco	3.32
rory	3.32
ruhundan	3.32
rüzgârın	3.32
rıhtım	3.32
saatliğine	3.32
sabahlara	3.32
saglikli	3.32
sahiplerinden	3.32
sahnelenen	3.32
saliha	3.32
sanattan	3.32
sandalyeler	3.32
sarkan	3.32
saunders	3.32
saymazsak	3.32
sayılmaktadır	3.32
sağlayabilmek	3.32
schneider	3.32
screen	3.32
script	3.32
sekonder	3.32
serdivan	3.32
sevmesini	3.32
sezgi	3.32
shake	3.32
shelby	3.32
sigaradan	3.32
silahlardan	3.32
silinecek	3.32
simülasyonu	3.32
sinirini	3.32
six	3.32
sloan	3.32
sofrasında	3.32
soktuğu	3.32
sonlandırmak	3.32
sordunuz	3.32
spekülatif	3.32
striptiz	3.32
sundular	3.32
sunulacak	3.32
surekli	3.32
suçlarla	3.32
söndürmek	3.32
söylemenin	3.32
sümük	3.32
sürünerek	3.32
sıcaktır	3.32
sıkar	3.32
sıkıntının	3.32
sınavlarına	3.32
sıyrılıp	3.32
sığınacak	3.32
tabanının	3.32
talebesi	3.32
tamara	3.32
tanışması	3.32
tape	3.32
taraflarında	3.32
tartışıldı	3.32
tatiline	3.32
tatlıyı	3.32
tavus	3.32
taşlara	3.32
taşınmaya	3.32
taşıyacağız	3.32
taşıyorlar	3.32
tcp	3.32
tekerlekler	3.32
telefondaki	3.32
telefonlarına	3.32
televizyonunda	3.32
temizleyici	3.32
ticaretle	3.32
tolgay	3.32
tonda	3.32
toplayıcı	3.32
trey	3.32
trombosit	3.32
tugayı	3.32
turne	3.32
turşusu	3.32
tutkunu	3.32
twin	3.32
törenlerinde	3.32
türdeki	3.32
unutursun	3.32
usulsüz	3.32
uyanacak	3.32
uyandıracak	3.32
uzaklaşıyor	3.32
vadeden	3.32
varlıklarına	3.32
vatandaşlarını	3.32
verebileceğini	3.32
vicdanım	3.32
vision	3.32
weber	3.32
wolfgang	3.32
xıx	3.32
yakışıklısın	3.32
yalanını	3.32
yalnızlığa	3.32
yansıttığı	3.32
yapabileceğin	3.32
yapabilmektedir	3.32
yapmasından	3.32
yapsanız	3.32
yarabbi	3.32
yarasalar	3.32
yarışlara	3.32
yarışmadan	3.32
yasaklama	3.32
yaygınlık	3.32
yazdır	3.32
yazdıran	3.32
yazılanları	3.32
yazılmıştı	3.32
yazılımların	3.32
yağını	3.32
yaşadığımızı	3.32
yaşasaydı	3.32
yaşayanlara	3.32
yerlilerin	3.32
yetersizliğinden	3.32
yetkisiz	3.32
yitirdiği	3.32
youtuber	3.32
yurtiçi	3.32
yönetimle	3.32
yönlendiriyor	3.32
yükleyip	3.32
yükseklikten	3.32
yükselip	3.32
yükseltir	3.32
yüzdendir	3.32
yüzeyden	3.32
yüzyıllarda	3.32
yüzyılı	3.32
yılmazer	3.32
zaafı	3.32
zeliha	3.32
zenginliğin	3.32
zeytinli	3.32
zincirin	3.32
zürafa	3.32
âlemde	3.32
çaldınız	3.32
çalışınca	3.32
çalışırsın	3.32
çekerse	3.32
çekiciliği	3.32
çevrenizde	3.32
çocukluğum	3.32
çözümleme	3.32
çıkarmıştı	3.32
çıktıklarında	3.32
öle	3.32
östrojen	3.32
ötekine	3.32
özgeçmiş	3.32
ülkücüler	3.32
üniversitesini	3.32
ürpertici	3.32
üslupla	3.32
üstlük	3.32
üzer	3.32
üşüyor	3.32
ıc	3.32
ılıca	3.32
ında	3.32
ırkını	3.32
ışıkların	3.32
ışığıyla	3.32
şampiyonluğun	3.32
şartını	3.32
şekerin	3.32
şeklinden	3.32
şengül	3.32
şifreler	3.32
şinasi	3.32
şişeleri	3.32
şubesini	3.32
absorbe	3.31
adamıydı	3.31
adayımız	3.31
adreslerini	3.31
adult	3.31
aerobik	3.31
affetmem	3.31
agir	3.31
agora	3.31
ahlaka	3.31
akyaka	3.31
album	3.31
alejandro	3.31
algılanan	3.31
alone	3.31
alışma	3.31
alışverişinde	3.31
amasra	3.31
amaçlanan	3.31
ami	3.31
anladığında	3.31
anlamayı	3.31
anlamlara	3.31
anlayacağın	3.31
anlayışında	3.31
anlaşmalı	3.31
anlaşmış	3.31
annecim	3.31
aralığına	3.31
aramaz	3.31
araştırmalarında	3.31
arttırarak	3.31
arıyordum	3.31
asl	3.31
aslıhan	3.31
atabilirim	3.31
atadığı	3.31
atlamış	3.31
atomun	3.31
ayarını	3.31
aynısından	3.31
ayırıyor	3.31
açacaktır	3.31
açlığa	3.31
açtıkları	3.31
açtınız	3.31
açıklanmayan	3.31
açılışa	3.31
ağırlığa	3.31
aşacak	3.31
aşağılamak	3.31
aşktır	3.31
babalarına	3.31
bacaklarım	3.31
bag	3.31
bahçesinin	3.31
bakılacak	3.31
bardağa	3.31
barlarda	3.31
basarili	3.31
basladim	3.31
bastırdı	3.31
baydar	3.31
bayrama	3.31
bağışlasın	3.31
başlamalı	3.31
başlangıçtan	3.31
bedenden	3.31
bekledin	3.31
bekleyeceksin	3.31
belasını	3.31
belirtirken	3.31
benzemeye	3.31
beğendiğini	3.31
beşar	3.31
bilgiden	3.31
bilgidir	3.31
bilmece	3.31
bilseniz	3.31
bilseydin	3.31
birikir	3.31
birleşiyor	3.31
birleştirmeye	3.31
birşeyleri	3.31
bitirilmesi	3.31
bittiyse	3.31
bokun	3.31
bologna	3.31
bozup	3.31
boşaltın	3.31
boşum	3.31
bula	3.31
bulabilecek	3.31
bulacaklar	3.31
bulacağını	3.31
bulunmayı	3.31
buluyorsun	3.31
bölmesi	3.31
bütünleşik	3.31
bütünlüğüne	3.31
büyükbabası	3.31
büyüklere	3.31
büyüt	3.31
bırakacağını	3.31
cadillac	3.31
castillo	3.31
cebindeki	3.31
cesetler	3.31
cevapladı	3.31
ciltte	3.31
content	3.31
crack	3.31
cream	3.31
dalgın	3.31
dallarından	3.31
dağılması	3.31
dekolte	3.31
denetimini	3.31
departmanında	3.31
derede	3.31
derlerse	3.31
desinler	3.31
devredildi	3.31
değerlendirilebilir	3.31
değerlendirilmiştir	3.31
değirmeni	3.31
değişikliğiyle	3.31
değiştirmiştir	3.31
dinlemem	3.31
dinlemiyorum	3.31
disi	3.31
divane	3.31
diyaloglar	3.31
dizilerinden	3.31
donarak	3.31
dostlara	3.31
doğukan	3.31
durduramaz	3.31
durumdayken	3.31
duyanlar	3.31
döker	3.31
döndürür	3.31
döneceksin	3.31
düzeyindeki	3.31
düşüncelerinin	3.31
düşünmektedir	3.31
düşünmeli	3.31
düşünmenin	3.31
düşünmeyen	3.31
dışıdır	3.31
ebedî	3.31
edwin	3.31
elementleri	3.31
elmanın	3.31
elçileri	3.31
emeklilikte	3.31
emret	3.31
encümen	3.31
enerjiden	3.31
enfeksiyonları	3.31
engellemiş	3.31
enlem	3.31
enternasyonal	3.31
epeydir	3.31
erkal	3.31
etmezseniz	3.31
etrafımdaki	3.31
etseler	3.31
ettiğimizde	3.31
eşli	3.31
fatoş	3.31
fazlalığı	3.31
fetiş	3.31
fikirli	3.31
filonun	3.31
fine	3.31
firdevs	3.31
flint	3.31
formalar	3.31
fortune	3.31
fotoğrafçılar	3.31
ftp	3.31
ful	3.31
führer	3.31
fırıncı	3.31
gazali	3.31
gazdan	3.31
geleceğimi	3.31
gelirlerini	3.31
gelmelerini	3.31
gemisinden	3.31
gemisiyle	3.31
genişleterek	3.31
gençliğinde	3.31
geoff	3.31
gerry	3.31
gerçekleşmişti	3.31
gerçekleştiğinde	3.31
geveze	3.31
gez	3.31
gezdiği	3.31
geçtiğim	3.31
gidenlerin	3.31
gidişatını	3.31
ginger	3.31
girdap	3.31
girişimciler	3.31
gitmemesi	3.31
gittiğinden	3.31
giyerim	3.31
giymesi	3.31
gizliden	3.31
gnu	3.31
gollerini	3.31
goo	3.31
gotham	3.31
grande	3.31
gönderi	3.31
görmediğiniz	3.31
görüşmelerinde	3.31
görüşür	3.31
göstermeli	3.31
gülüş	3.31
günlerimi	3.31
günümüzden	3.31
hakime	3.31
hakimlik	3.31
haklarımızı	3.31
hanımların	3.31
harabeye	3.31
harcıyoruz	3.31
hareketinde	3.31
harfin	3.31
hastalıkla	3.31
hastaneyi	3.31
hatadan	3.31
hatunum	3.31
hatırlamam	3.31
havuzunda	3.31
hayretler	3.31
hayâl	3.31
hazırlandığı	3.31
haşmet	3.31
hedefinde	3.31
hemingway	3.31
herifi	3.31
hesabımı	3.31
hisseler	3.31
hizmetli	3.31
hmmm	3.31
hollow	3.31
hücreden	3.31
hım	3.31
icine	3.31
ilerleyip	3.31
imzalayarak	3.31
incili	3.31
inisiyatifi	3.31
inmeden	3.31
insanlari	3.31
iris	3.31
islamcılar	3.31
islamî	3.31
isler	3.31
isteyeceği	3.31
istinye	3.31
izlemenizi	3.31
içtiğin	3.31
işlemesi	3.31
işleminden	3.31
johan	3.31
kaddafi	3.31
kafiye	3.31
kahvesini	3.31
kahya	3.31
kaldırdığı	3.31
kamçı	3.31
kanadını	3.31
kanalların	3.31
kantin	3.31
kanıtlamaya	3.31
kanıtlıyor	3.31
kapanmasına	3.31
kapanı	3.31
kapatırım	3.31
kaplumbağalar	3.31
kapsadığı	3.31
kaptırdı	3.31
kapıldım	3.31
karakterde	3.31
karakterlerinin	3.31
kardeşinden	3.31
karikatürler	3.31
kartpostal	3.31
karısından	3.31
karıştırılarak	3.31
karıştırır	3.31
karşımdaki	3.31
karşısı	3.31
katleden	3.31
katsayı	3.31
katılmadan	3.31
kavacık	3.31
kaydetme	3.31
kayıpların	3.31
kazalarında	3.31
kaçının	3.31
kaçırmadan	3.31
kekik	3.31
kemençe	3.31
kentlerinde	3.31
kentlerinden	3.31
kesildiği	3.31
kesimine	3.31
kesiyoruz	3.31
kevser	3.31
keşfettiği	3.31
kişisin	3.31
klozet	3.31
kobe	3.31
kodun	3.31
kontu	3.31
konuştular	3.31
konuştuğunuz	3.31
koordinatör	3.31
kopacak	3.31
koştuğu	3.31
kremlin	3.31
kulağın	3.31
kuleler	3.31
kurarlar	3.31
kurbanlarını	3.31
kurmasını	3.31
kuruluştur	3.31
kurşunlar	3.31
kuşağında	3.31
küs	3.31
kılmaktadır	3.31
kırbaç	3.31
kırdar	3.31
kıyametin	3.31
kızıyım	3.31
laboratuvarları	3.31
lansman	3.31
liderini	3.31
lpg	3.31
macron	3.31
mahveden	3.31
makası	3.31
malî	3.31
mantığıyla	3.31
masasının	3.31
masraflı	3.31
matem	3.31
mavinin	3.31
mayası	3.31
mağaralar	3.31
mağazadan	3.31
mağazanın	3.31
memuriyet	3.31
memurluk	3.31
mermileri	3.31
mesa	3.31
meslektaşları	3.31
metredir	3.31
molekülleri	3.31
mucidi	3.31
muhakeme	3.31
muhtesem	3.31
münasip	3.31
müsabakasında	3.31
müşterilerinin	3.31
namlu	3.31
neyini	3.31
neşeyle	3.31
niyetiniz	3.31
nötron	3.31
odalara	3.31
odamı	3.31
olabiliyorsunuz	3.31
olmayayım	3.31
oluşabilecek	3.31
oluşturdular	3.31
oluşumun	3.31
onurdur	3.31
oradadır	3.31
ormanlarında	3.31
ortaçgil	3.31
otoriteye	3.31
oturumda	3.31
oynanması	3.31
oynarlar	3.31
oyulmuş	3.31
oyuncuyla	3.31
oğur	3.31
padişaha	3.31
parlaklığını	3.31
parlar	3.31
parçalanan	3.31
pazarlarda	3.31
penn	3.31
planladı	3.31
planlamak	3.31
planlandı	3.31
pompalar	3.31
postacı	3.31
pozlar	3.31
problemlere	3.31
profilli	3.31
radyasyona	3.31
radyonun	3.31
rana	3.31
randevusu	3.31
rastlanmaktadır	3.31
raw	3.31
reddediyor	3.31
regresyon	3.31
resimden	3.31
rezerve	3.31
rezidans	3.31
rollerini	3.31
röportajları	3.31
rütbesi	3.31
sak	3.31
sallayan	3.31
salmış	3.31
salın	3.31
saniyeden	3.31
saracak	3.31
sarımsaklı	3.31
savaştır	3.31
sayfalarını	3.31
sayılık	3.31
sağla	3.31
sağolasın	3.31
scout	3.31
semptom	3.31
seninleyken	3.31
sertifikalar	3.31
sevdiklerinizi	3.31
sevinecek	3.31
seyleri	3.31
seyreder	3.31
seçtiğini	3.31
sharma	3.31
sicilya	3.31
sigortacılık	3.31
silindirli	3.31
sitelerini	3.31
ski	3.31
slater	3.31
solmaz	3.31
sorsan	3.31
soyunu	3.31
soğudu	3.31
spinal	3.31
stein	3.31
steril	3.31
stratejisini	3.31
strauss	3.31
sunucunun	3.31
sunulduğu	3.31
support	3.31
söylenenler	3.31
sürdürecek	3.31
sürmeli	3.31
sıklet	3.31
sıkıntıyı	3.31
sıralamaları	3.31
tableti	3.31
tahminlere	3.31
takacak	3.31
takmaya	3.31
takmayı	3.31
takılıyoruz	3.31
tamircisi	3.31
tanesinde	3.31
tanner	3.31
taraftara	3.31
tarzından	3.31
tasarlayan	3.31
tasavvur	3.31
tasma	3.31
tatilinin	3.31
tatlar	3.31
tatlıya	3.31
taşımalı	3.31
taşıtları	3.31
tecrübesiz	3.31
tedavisinin	3.31
tekno	3.31
teknolojiden	3.31
tennessee	3.31
teoriyi	3.31
tereddütsüz	3.31
tesislerde	3.31
teyp	3.31
teşkilatına	3.31
teşviki	3.31
tohumlarını	3.31
toplandık	3.31
toplanmıştır	3.31
travması	3.31
tuzakları	3.31
twain	3.31
tükenmekte	3.31
tünelleri	3.31
tırmanan	3.31
tırmandı	3.31
ulaşamadığı	3.31
ulrich	3.31
umuda	3.31
unutacak	3.31
uyuması	3.31
uzaklaşmaya	3.31
uzaklaştırıldı	3.31
uzaydaki	3.31
uzayı	3.31
uğraştığı	3.31
vasfı	3.31
vel	3.31
verileridir	3.31
vinil	3.31
weiss	3.31
weston	3.31
yaktığı	3.31
yakub	3.31
yansıtmaktadır	3.31
yanımız	3.31
yapabilmesi	3.31
yapmazdı	3.31
yapmazsa	3.31
yaptıkların	3.31
yapıyordur	3.31
yapışan	3.31
yararlanın	3.31
yasada	3.31
yavrusunu	3.31
yayınlarda	3.31
yazacağız	3.31
yazdıktan	3.31
yazılarına	3.31
yaşadıktan	3.31
yaşlanmış	3.31
ydi	3.31
yeniledi	3.31
yenilemek	3.31
yetkililerine	3.31
yolcunun	3.31
yunuslar	3.31
yönteme	3.31
yükseköğrenim	3.31
yükseldikçe	3.31
yürütülmesi	3.31
yüzümüzü	3.31
zahir	3.31
zararlarını	3.31
zayıflar	3.31
zühtü	3.31
âdem	3.31
çakıroğlu	3.31
çalsın	3.31
çalınır	3.31
çalışanlarını	3.31
çalışmaktadırlar	3.31
çalışmasıdır	3.31
çalışılmaktadır	3.31
çalışılmış	3.31
çalışıyormuş	3.31
çarpımı	3.31
çekilsin	3.31
çiftlikleri	3.31
çocuktu	3.31
çöle	3.31
çürüme	3.31
çıkacağına	3.31
çıkartılır	3.31
çıkılır	3.31
çıkışının	3.31
öldürmesini	3.31
öldürülmesiyle	3.31
ölçülmesi	3.31
önemle	3.31
öngörü	3.31
ötüken	3.31
övgüyle	3.31
öze	3.31
özelikle	3.31
özrü	3.31
öğesi	3.31
ününü	3.31
üzecek	3.31
ıbrahim	3.31
ırina	3.31
ırklar	3.31
ırktan	3.31
şafakta	3.31
şahsa	3.31
şansıma	3.31
şarkılarından	3.31
şehitliği	3.31
şenel	3.31
şerefsizi	3.31
şikago	3.31
şirketlerden	3.31
abant	3.3
ablasının	3.3
adina	3.3
adsız	3.3
aişe	3.3
alamamış	3.3
alı	3.3
ambulansa	3.3
analar	3.3
anayasasının	3.3
anketleri	3.3
anlamadığı	3.3
anlayamadığım	3.3
anya	3.3
anıtlar	3.3
anıtsal	3.3
aort	3.3
aradığımda	3.3
aralığındaki	3.3
aranın	3.3
araştırmacıları	3.3
araştırmacısı	3.3
arkadaşlardan	3.3
arkadaşlarınla	3.3
arkadaşlarınıza	3.3
arkadaşımıza	3.3
arts	3.3
artışına	3.3
aski	3.3
atanacak	3.3
atarsanız	3.3
atmışlar	3.3
avenue	3.3
ayrılacağını	3.3
ayrılmayın	3.3
ayıdır	3.3
ayırdık	3.3
azalacak	3.3
açtığın	3.3
açıklamadan	3.3
açılın	3.3
ağar	3.3
ağzımda	3.3
ağzındaki	3.3
ağzınıza	3.3
ağırladı	3.3
ağızları	3.3
aşkından	3.3
babacım	3.3
babamda	3.3
bacaklarının	3.3
bakmalı	3.3
bakışın	3.3
balerin	3.3
barajlar	3.3
barışçı	3.3
basamağı	3.3
baskında	3.3
batması	3.3
batırdı	3.3
bayılıyor	3.3
bağımsızlığının	3.3
bean	3.3
because	3.3
beklediğimi	3.3
belgin	3.3
belirle	3.3
beslenmeye	3.3
bilgilerden	3.3
biliyordur	3.3
biliyorlardı	3.3
bilmiyorsanız	3.3
binalarının	3.3
bitireceğiz	3.3
bitkilerle	3.3
bourne	3.3
boynum	3.3
boyutlarına	3.3
bozmadan	3.3
boğazda	3.3
bucağı	3.3
bulunmasından	3.3
bundy	3.3
bura	3.3
butch	3.3
böler	3.3
büründü	3.3
büyükannesi	3.3
büyütmeye	3.3
bırakılarak	3.3
bırakınca	3.3
camını	3.3
cara	3.3
cecil	3.3
cezalandırılması	3.3
church	3.3
cinsini	3.3
cullen	3.3
cumhurbaşkanımıza	3.3
dalak	3.3
dalgalarını	3.3
dalın	3.3
damian	3.3
dansçılar	3.3
darbecilerin	3.3
darius	3.3
darth	3.3
davetlisiniz	3.3
davranışlara	3.3
davranışlarda	3.3
dağıtılmış	3.3
dediklerinde	3.3
dediysem	3.3
demedin	3.3
denemedim	3.3
denemeyi	3.3
denetimleri	3.3
denilmiştir	3.3
derdimi	3.3
derecenin	3.3
dergilerinde	3.3
desteklenir	3.3
destekten	3.3
desteğiniz	3.3
devirdi	3.3
devletinden	3.3
devrilen	3.3
değişkeni	3.3
değiştirilemez	3.3
didi	3.3
diferansiyel	3.3
dikte	3.3
dilerse	3.3
dilersen	3.3
dilimin	3.3
dillerinden	3.3
dinlemedi	3.3
dinlemedim	3.3
dinleyebilir	3.3
direkleri	3.3
diyabetik	3.3
diyarbekir	3.3
dizilerinin	3.3
doktordan	3.3
dolarlar	3.3
dominik	3.3
donuyor	3.3
dostlarıma	3.3
dow	3.3
doğruymuş	3.3
doğusuna	3.3
drakula	3.3
durabilir	3.3
duymuştur	3.3
döllenme	3.3
dövüşü	3.3
dünyamızın	3.3
düzeltir	3.3
düzenle	3.3
düğünler	3.3
düşecektir	3.3
düşmanımız	3.3
düşünmeniz	3.3
düşünülemez	3.3
düşür	3.3
düşürerek	3.3
edebileceğiniz	3.3
edilebileceği	3.3
edilebilmesi	3.3
edilmemektedir	3.3
ediz	3.3
edna	3.3
eeee	3.3
ekleyelim	3.3
ekvator	3.3
eliza	3.3
elliott	3.3
elçiler	3.3
emeğinize	3.3
emrediyor	3.3
endülüs	3.3
engellilere	3.3
erir	3.3
erişimini	3.3
ermenice	3.3
esinti	3.3
esirleri	3.3
etiketini	3.3
etinden	3.3
etmiyordu	3.3
etrafınızda	3.3
every	3.3
evlilikte	3.3
extreme	3.3
eylemciler	3.3
eyüboğlu	3.3
eğitimsiz	3.3
eğlenirken	3.3
eşarp	3.3
faize	3.3
farenin	3.3
faturalarını	3.3
faydasını	3.3
fidanı	3.3
fiiller	3.3
filim	3.3
filosuna	3.3
fişleri	3.3
forest	3.3
fotoğraftan	3.3
freedom	3.3
frengi	3.3
galaksiler	3.3
gazel	3.3
gazeteciliği	3.3
gazları	3.3
gazının	3.3
geceyarısı	3.3
gele	3.3
geleceğimize	3.3
gelemedi	3.3
geleneğine	3.3
gereklilik	3.3
germany	3.3
gestapo	3.3
getirmiyor	3.3
gezinin	3.3
geçişte	3.3
geçmişimi	3.3
gibisini	3.3
giremiyorum	3.3
girersin	3.3
girildi	3.3
gitarist	3.3
giyilen	3.3
guinness	3.3
gurme	3.3
göbekli	3.3
göreviniz	3.3
görünüyorlar	3.3
görüşlerinizi	3.3
görüştüğü	3.3
gösterisine	3.3
gözlenmiştir	3.3
güldürme	3.3
güllük	3.3
güvenceye	3.3
güvendim	3.3
güvenilirliğini	3.3
güzellikle	3.3
güzelliklere	3.3
güçlendiren	3.3
hainlerin	3.3
halinize	3.3
halıları	3.3
hama	3.3
hapishanesinde	3.3
hare	3.3
harfiyen	3.3
hasköy	3.3
hataydı	3.3
hatır	3.3
hatırlamaya	3.3
hayrına	3.3
haysiyet	3.3
hazretlerinin	3.3
hikmetse	3.3
hissederim	3.3
hissetmedim	3.3
hoon	3.3
hormonları	3.3
hr	3.3
hung	3.3
hutchinson	3.3
huy	3.3
hydra	3.3
ihanetin	3.3
ihtiyaçlarının	3.3
ikonik	3.3
iletilir	3.3
illüstrasyon	3.3
imiz	3.3
incitmek	3.3
indirebilirsiniz	3.3
indiği	3.3
inişe	3.3
inmesi	3.3
inorganik	3.3
inşaata	3.3
istendiğinde	3.3
isterdiniz	3.3
istiyorduk	3.3
isyanın	3.3
iyilerini	3.3
iyileşmek	3.3
içmesi	3.3
iğneler	3.3
kadarına	3.3
kadirli	3.3
kaldıralım	3.3
kanserinden	3.3
kanıtlamış	3.3
kanıtlara	3.3
karakoluna	3.3
kararlılığı	3.3
kartla	3.3
karıştırdım	3.3
karışıp	3.3
kasabadan	3.3
katedral	3.3
katliamının	3.3
kaybedersen	3.3
kaybolma	3.3
kaynama	3.3
kazasına	3.3
kazasız	3.3
kazığa	3.3
kaçaklar	3.3
kefaret	3.3
keyfinize	3.3
keşfeder	3.3
keşfedin	3.3
koalisyonun	3.3
kokteyli	3.3
kolaylaştıracak	3.3
kolsuz	3.3
konfor	3.3
konuşmalı	3.3
konuşmasının	3.3
korelasyon	3.3
korkaklık	3.3
korktukları	3.3
korkulan	3.3
korkularını	3.3
korumasız	3.3
koruyucuları	3.3
koyacağım	3.3
koymayın	3.3
koşmayı	3.3
kralını	3.3
krizden	3.3
krizinin	3.3
kullanılmadan	3.3
kullanılmamış	3.3
kumaşlar	3.3
kurmanın	3.3
kurslar	3.3
kurtulamadı	3.3
kusmak	3.3
kuşağının	3.3
kültürlerini	3.3
kütüphanesinde	3.3
kırıldığını	3.3
kızartılmış	3.3
kızdın	3.3
kıçına	3.3
leave	3.3
leblebi	3.3
limanları	3.3
ling	3.3
lobisi	3.3
maddî	3.3
mahallesinin	3.3
mancini	3.3
manevî	3.3
meal	3.3
meni	3.3
meraba	3.3
meselâ	3.3
meslektaşım	3.3
metalin	3.3
mevzusu	3.3
meydanlarında	3.3
mezunlarını	3.3
milletvekilimiz	3.3
mind	3.3
mirror	3.3
mitinginde	3.3
mitoloji	3.3
modellerine	3.3
modernize	3.3
moran	3.3
motorola	3.3
moğollar	3.3
mursi	3.3
museum	3.3
mutfağına	3.3
mühlet	3.3
müşterilerle	3.3
nazilerin	3.3
nelerle	3.3
niko	3.3
nitelikler	3.3
nolur	3.3
normalin	3.3
ns	3.3
oba	3.3
odaklanın	3.3
ofsayt	3.3
olabilirdim	3.3
olamamış	3.3
olarakta	3.3
olmasak	3.3
oluşturulabilir	3.3
omurgasız	3.3
onaylamak	3.3
onayıyla	3.3
operatörleri	3.3
ordularını	3.3
organizmanın	3.3
ormanlarda	3.3
ortopedik	3.3
oynasın	3.3
pakistanlı	3.3
palandöken	3.3
paletli	3.3
pamir	3.3
paslı	3.3
personelleri	3.3
pick	3.3
pigment	3.3
pisliğin	3.3
pistin	3.3
pitbull	3.3
pixel	3.3
piçleri	3.3
pişirilmiş	3.3
plajlar	3.3
plakalar	3.3
planlıyoruz	3.3
planınız	3.3
polly	3.3
portekizce	3.3
prensipler	3.3
pres	3.3
princeton	3.3
psikoterapi	3.3
raif	3.3
ramos	3.3
rapçi	3.3
reaksiyonlar	3.3
reese	3.3
referandumunda	3.3
reggie	3.3
reklama	3.3
reklamda	3.3
reklamın	3.3
rezervasyonu	3.3
ritüel	3.3
riyad	3.3
saatinin	3.3
sahalardan	3.3
sahilleri	3.3
sahnesinden	3.3
saklanmak	3.3
sakıp	3.3
saldı	3.3
saldırma	3.3
sallaya	3.3
sanada	3.3
saniyenin	3.3
sanılıyor	3.3
sanırdım	3.3
sarın	3.3
sayılması	3.3
sağlayalım	3.3
scarlet	3.3
sebat	3.3
seferin	3.3
sempozyum	3.3
senaryonun	3.3
sevgilinize	3.3
sevgisiyle	3.3
seviniriz	3.3
seviyelerinin	3.3
seyrediyorum	3.3
shift	3.3
should	3.3
simdiden	3.3
simulator	3.3
sinirden	3.3
siyasilerin	3.3
sl	3.3
somun	3.3
sonuçlanması	3.3
sorgular	3.3
sorudan	3.3
sow	3.3
stick	3.3
suyunda	3.3
sönen	3.3
söylemekte	3.3
söylememe	3.3
sürecektir	3.3
sürümüne	3.3
sütunlar	3.3
sütunu	3.3
sütçü	3.3
sıkıntım	3.3
sıkıntısını	3.3
sınama	3.3
sınırdışı	3.3
sırtındaki	3.3
sıçtım	3.3
sığınarak	3.3
tahliyesi	3.3
talebinin	3.3
tama	3.3
tanrıyı	3.3
tanımadığınız	3.3
tapan	3.3
tarayıcılar	3.3
tarifsiz	3.3
tarihimizde	3.3
tasarlamak	3.3
taşdemir	3.3
taşıdım	3.3
tepelerde	3.3
tetikleyen	3.3
titanik	3.3
toka	3.3
toplamından	3.3
toplanmasını	3.3
topçular	3.3
toza	3.3
tribünde	3.3
tutunma	3.3
ulaşmaktadır	3.3
ulaşılamıyor	3.3
ulema	3.3
ulusa	3.3
uluç	3.3
umar	3.3
umudumu	3.3
unutalım	3.3
uyuyorsun	3.3
uyuşturucuya	3.3
uyuşturucuyla	3.3
uzaklaşan	3.3
uzaklaşmış	3.3
uğra	3.3
vasıta	3.3
vatanımız	3.3
vazgeçmem	3.3
veraset	3.3
verilsin	3.3
vermelidir	3.3
videosunda	3.3
vine	3.3
voleybolu	3.3
voltaire	3.3
vurgular	3.3
waters	3.3
webb	3.3
wen	3.3
yakılması	3.3
yalandı	3.3
yalandır	3.3
yalnızdım	3.3
yalvaç	3.3
yandığı	3.3
yapanlardan	3.3
yapmışlardı	3.3
yapıcaz	3.3
yapılanları	3.3
yapılanmaya	3.3
yapıyorsanız	3.3
yaralanmalar	3.3
yasında	3.3
yatıştırıcı	3.3
yaylada	3.3
yayılmıştır	3.3
yazdığımı	3.3
yazılarının	3.3
yazılırken	3.3
yazıyorlar	3.3
yaşanmadı	3.3
yaşanırken	3.3
yaşlardan	3.3
yaşça	3.3
yenmeyi	3.3
yerleştiren	3.3
yeşillik	3.3
yillik	3.3
yorulmuş	3.3
yoruyor	3.3
yum	3.3
yvonne	3.3
yüklenir	3.3
yüklenme	3.3
yürürüm	3.3
yıldızlarla	3.3
zamanımda	3.3
zehiri	3.3
zeminin	3.3
zencefil	3.3
zhou	3.3
zincire	3.3
zirveyi	3.3
ziyaretini	3.3
zorlayacak	3.3
çabalarıyla	3.3
çaktı	3.3
çalınması	3.3
çalışanlardan	3.3
çalışsam	3.3
çalıştırır	3.3
çarpı	3.3
çatıda	3.3
çatısında	3.3
çekeceğim	3.3
çekenler	3.3
çekilmişti	3.3
çekler	3.3
çelişen	3.3
çeltik	3.3
çipi	3.3
çiz	3.3
çizgilerle	3.3
çıkamıyor	3.3
çıkardıktan	3.3
çıkarmadı	3.3
ödenmiş	3.3
ölmekte	3.3
ölüyoruz	3.3
ömre	3.3
öperim	3.3
özetliyor	3.3
özgürlüklerin	3.3
öğrencimiz	3.3
öğretmenliğe	3.3
ümidini	3.3
üyelikleri	3.3
ısıtıcı	3.3
ışınlar	3.3
ışığından	3.3
şahsım	3.3
şahı	3.3
şar	3.3
şarkım	3.3
şaşırır	3.3
şöför	3.3
şüpheler	3.3
acelesi	3.29
acer	3.29
acıtır	3.29
adalı	3.29
ads	3.29
adımızı	3.29
ahenk	3.29
aj	3.29
akrabalarının	3.29
akseki	3.29
aksesuarları	3.29
akıllarını	3.29
akıma	3.29
akımlar	3.29
alamayacağı	3.29
alba	3.29
aldıysa	3.29
aletlerini	3.29
alin	3.29
alkole	3.29
altaylı	3.29
alımlı	3.29
alımında	3.29
alışmaya	3.29
anlatabilirim	3.29
anlatımıyla	3.29
anlayabilecek	3.29
anlaşılmıyor	3.29
arabî	3.29
aramaktadır	3.29
ararız	3.29
arkadaşınıza	3.29
asiri	3.29
askerliği	3.29
aston	3.29
asus	3.29
asılmış	3.29
atarsa	3.29
atasözleri	3.29
atlattı	3.29
atlattım	3.29
atmadı	3.29
atıkların	3.29
atılıp	3.29
atına	3.29
atınız	3.29
avare	3.29
avlanan	3.29
ayrıcalığı	3.29
ayrılığa	3.29
ayrıntılara	3.29
ayy	3.29
azalmaktadır	3.29
azaltılmış	3.29
azerbaycanlı	3.29
aziziye	3.29
azmış	3.29
açabilecek	3.29
açıklamalarında	3.29
açıklamasından	3.29
açıkları	3.29
açıklayabilir	3.29
açıklıyorum	3.29
açısının	3.29
açığız	3.29
ağaçlarda	3.29
ağbal	3.29
ağırlığına	3.29
aşamasından	3.29
aşağısı	3.29
bahçelerde	3.29
bahçelerinde	3.29
bakardım	3.29
bardaktan	3.29
basarım	3.29
baxter	3.29
bayanlarda	3.29
başlatmıştır	3.29
başvurmak	3.29
becker	3.29
beklentilerin	3.29
beraberdir	3.29
berger	3.29
bilebilir	3.29
bileşenlerin	3.29
biliyormusunuz	3.29
bilmeni	3.29
bilmesini	3.29
bilmezdim	3.29
binalardan	3.29
birinizi	3.29
biriymiş	3.29
birkan	3.29
bismillah	3.29
biyokimyasal	3.29
biçimiyle	3.29
boca	3.29
bong	3.29
boynuzu	3.29
boyutlarını	3.29
bozdum	3.29
boğazından	3.29
brick	3.29
bridget	3.29
bulamazlar	3.29
bulurdum	3.29
bunuda	3.29
bölünmeye	3.29
bırakmalı	3.29
caine	3.29
camiden	3.29
camiinde	3.29
canavarları	3.29
canavarın	3.29
cemevi	3.29
cihazlara	3.29
cim	3.29
cinayetinde	3.29
ck	3.29
compact	3.29
cık	3.29
davete	3.29
davranıyorsun	3.29
dedenin	3.29
dengelemek	3.29
dengeleri	3.29
denildiği	3.29
deposuna	3.29
derlenen	3.29
destekleyerek	3.29
destici	3.29
dezenfekte	3.29
dikine	3.29
dileyerek	3.29
dillon	3.29
dinledikten	3.29
diskler	3.29
dizilerden	3.29
dizilerini	3.29
dişiler	3.29
dokuların	3.29
dolardı	3.29
dolsun	3.29
donmadan	3.29
door	3.29
doruğa	3.29
dosyalarına	3.29
doğubayazıt	3.29
dre	3.29
drift	3.29
dunn	3.29
durağımız	3.29
durmayacak	3.29
durumdu	3.29
durumunuzu	3.29
duygusuna	3.29
dökülecek	3.29
dönemlerin	3.29
döverek	3.29
düzenledikleri	3.29
düğmeler	3.29
düşmanlığa	3.29
düşündüler	3.29
düşünebilir	3.29
düşünürsünüz	3.29
dışsal	3.29
eagle	3.29
edilmezse	3.29
edindiğim	3.29
editor	3.29
egzersizi	3.29
eileen	3.29
ekli	3.29
ekliyor	3.29
ekol	3.29
ekstrem	3.29
elektrostatik	3.29
elem	3.29
elmayı	3.29
embriyo	3.29
emen	3.29
engellenir	3.29
erişebilir	3.29
erkeğini	3.29
erozyon	3.29
eskilerin	3.29
estetiği	3.29
etiketleri	3.29
etiketli	3.29
etmeyerek	3.29
eur	3.29
eyaletindeki	3.29
eyeliner	3.29
eyleminin	3.29
eşleşti	3.29
faaliyetlerinden	3.29
fanlar	3.29
feyzi	3.29
fields	3.29
fikirlerinin	3.29
finaller	3.29
folyo	3.29
foton	3.29
fotoğraflardan	3.29
fowler	3.29
français	3.29
freeman	3.29
frekanslı	3.29
fuji	3.29
füzesi	3.29
fırsattan	3.29
gamma	3.29
geldiğimi	3.29
gelecekmiş	3.29
gelirini	3.29
gelmemiştir	3.29
gelmesinde	3.29
gelmişse	3.29
gemini	3.29
generalin	3.29
gerçekleştirdikleri	3.29
gerçekleştirecek	3.29
getirilecek	3.29
getiriliyor	3.29
gezelim	3.29
geçeyim	3.29
gidişat	3.29
girişe	3.29
gitmemek	3.29
gitmese	3.29
gittiklerinde	3.29
gut	3.29
gökteki	3.29
gönderildiğini	3.29
gönderilmişti	3.29
görebilen	3.29
görülüyordu	3.29
gözetliyor	3.29
gözündeki	3.29
göğsüme	3.29
günle	3.29
güntekin	3.29
güveç	3.29
güçlenmesi	3.29
güçlüyüm	3.29
güçlüyüz	3.29
hakemlerin	3.29
haldeyken	3.29
halkta	3.29
halktır	3.29
hancock	3.29
hanımları	3.29
hanın	3.29
hari	3.29
harıl	3.29
havaalanının	3.29
hayaletler	3.29
hayvancılığı	3.29
hazırlanıyoruz	3.29
hell	3.29
hipofiz	3.29
hissetmiş	3.29
hissettiğiniz	3.29
hizmetlerinde	3.29
hologram	3.29
hürmetine	3.29
ibadetleri	3.29
icazet	3.29
ihtiras	3.29
iklimin	3.29
iksiri	3.29
iltihap	3.29
inançlarına	3.29
indirerek	3.29
inzivaya	3.29
isek	3.29
islahiye	3.29
istediklerimi	3.29
istekler	3.29
istemeyerek	3.29
istemezse	3.29
itimat	3.29
izleyebilirsin	3.29
izleyicisi	3.29
işaretlerini	3.29
işlenmiştir	3.29
işleyişini	3.29
johns	3.29
jude	3.29
kaderinde	3.29
kadınlarına	3.29
kalabilirler	3.29
kalktığımda	3.29
kalkıyorum	3.29
kam	3.29
kamplarına	3.29
kanallarını	3.29
kanattan	3.29
kanunlarını	3.29
kanıtların	3.29
kapalıyken	3.29
kapanıp	3.29
kapılan	3.29
kararlıdır	3.29
kararsızlık	3.29
kardeşlerimin	3.29
kardiyak	3.29
karmakarışık	3.29
karnındaki	3.29
kasın	3.29
katlar	3.29
kavmi	3.29
kaybet	3.29
kaydedilmiştir	3.29
kaymaklı	3.29
kazasının	3.29
kaçmıyor	3.29
kaçıranlar	3.29
kedicik	3.29
kimberly	3.29
kimliğinizi	3.29
kimyasalları	3.29
kimyası	3.29
kitabıdır	3.29
kitapçık	3.29
kitlelerin	3.29
kitleyi	3.29
kizim	3.29
kişiliğine	3.29
klasikleri	3.29
klavyenin	3.29
koah	3.29
koduna	3.29
kolaj	3.29
koleksiyonun	3.29
kollarımı	3.29
kolonisi	3.29
kompulsif	3.29
komşuluk	3.29
konar	3.29
konik	3.29
konuşacaksın	3.29
konuştuktan	3.29
konuşunca	3.29
kopması	3.29
korsanların	3.29
koyduğumun	3.29
kubbeli	3.29
kulübünü	3.29
kulüplere	3.29
kumaştan	3.29
kurmuştu	3.29
kurtaramaz	3.29
kutlarız	3.29
kuyruğuna	3.29
kuyruğunu	3.29
kuzeydoğusunda	3.29
köftesi	3.29
kölelerin	3.29
kürdan	3.29
kılıcın	3.29
kırılmaz	3.29
kısmıyla	3.29
kıtalar	3.29
kıyım	3.29
kışları	3.29
lacivertliler	3.29
langley	3.29
lavanta	3.29
legend	3.29
leroy	3.29
lindsey	3.29
mahalleler	3.29
mahallinde	3.29
mahkemece	3.29
mahkumların	3.29
mahsustur	3.29
makinede	3.29
makyajını	3.29
maliyetle	3.29
manny	3.29
masaları	3.29
maskara	3.29
maçtı	3.29
mekansal	3.29
melankolik	3.29
memurluğu	3.29
mesane	3.29
mevsime	3.29
mezarlıklar	3.29
mimarlığı	3.29
minimalist	3.29
mn	3.29
mourinho	3.29
mozilla	3.29
mucit	3.29
muhallebi	3.29
muhatabı	3.29
musluğu	3.29
muzlu	3.29
müdürünü	3.29
müezzinoğlu	3.29
mürsel	3.29
mısra	3.29
nabzı	3.29
namazdan	3.29
namazında	3.29
nami	3.29
nemo	3.29
nette	3.29
nie	3.29
nizami	3.29
nuran	3.29
oak	3.29
ocağa	3.29
offline	3.29
okudukça	3.29
olamadığım	3.29
olmamızın	3.29
olmayanı	3.29
olmazsınız	3.29
omzunda	3.29
ondokuz	3.29
oralı	3.29
organlara	3.29
orion	3.29
ortaokulda	3.29
otostop	3.29
oturalım	3.29
oynamasını	3.29
oynamıştı	3.29
oynarız	3.29
paige	3.29
pano	3.29
pars	3.29
parçada	3.29
pasa	3.29
pasaportlar	3.29
patatesi	3.29
patenti	3.29
patronları	3.29
pavel	3.29
penisini	3.29
persie	3.29
peşindeler	3.29
pit	3.29
print	3.29
prison	3.29
programcı	3.29
programımıza	3.29
projedir	3.29
propagandasını	3.29
rabbinin	3.29
rakamlarla	3.29
rampa	3.29
raphael	3.29
reddetmiş	3.29
reformları	3.29
regal	3.29
renkle	3.29
resimle	3.29
ressamın	3.29
rezonans	3.29
rohan	3.29
rue	3.29
sabıka	3.29
sahalarında	3.29
sahildeki	3.29
sanarak	3.29
sancı	3.29
sansasyonel	3.29
saraydaki	3.29
savaşlarında	3.29
savaşmış	3.29
sayıdır	3.29
sayılara	3.29
sayılarına	3.29
sağlayabiliriz	3.29
sağlıcakla	3.29
sc	3.29
sergileniyor	3.29
serginin	3.29
sesleriyle	3.29
sevgini	3.29
sevişen	3.29
seyahatler	3.29
seyin	3.29
short	3.29
sikici	3.29
siyahlı	3.29
siyasetçilerin	3.29
snap	3.29
snape	3.29
sniper	3.29
soruma	3.29
soruşturmalar	3.29
soruşturmasını	3.29
sosyolojisi	3.29
soyad	3.29
soz	3.29
spartacus	3.29
sporla	3.29
standı	3.29
sub	3.29
suikastçı	3.29
suçluyum	3.29
söyleyemedim	3.29
sözdür	3.29
sürmesini	3.29
sürülmesi	3.29
sıcaklıklarda	3.29
sıkılmaya	3.29
sın	3.29
sıva	3.29
tabakasının	3.29
tabancayla	3.29
tabu	3.29
tacını	3.29
tadım	3.29
takılacak	3.29
talebin	3.29
tanışıyor	3.29
tarihçe	3.29
tarlalarda	3.29
taşköprü	3.29
taşlama	3.29
taşlarını	3.29
tck	3.29
tekneye	3.29
tekniğiyle	3.29
temeller	3.29
temizledi	3.29
temizledim	3.29
tepesindeki	3.29
terli	3.29
terörden	3.29
tesisine	3.29
tesislere	3.29
tessa	3.29
ticaretinde	3.29
tor	3.29
torbaya	3.29
transferin	3.29
trek	3.29
troll	3.29
tutarı	3.29
tutmakta	3.29
tuvaletler	3.29
törenler	3.29
türküm	3.29
ulaşacağız	3.29
unutuldu	3.29
uyluk	3.29
uyuyamam	3.29
uzerinde	3.29
uğradık	3.29
uğraşmaktan	3.29
uğraşmayı	3.29
vakıfları	3.29
veled	3.29
verecekti	3.29
verilmediği	3.29
verilmemiş	3.29
verimliliğini	3.29
verirsek	3.29
vermeyecektir	3.29
verseler	3.29
videoların	3.29
welt	3.29
while	3.29
yakalandığını	3.29
yanarken	3.29
yanina	3.29
yanmalı	3.29
yaptin	3.29
yaptıklarımız	3.29
yapıdadır	3.29
yapılış	3.29
yapımının	3.29
yapısındaki	3.29
yaralandığını	3.29
yasli	3.29
yatağan	3.29
yemeğinin	3.29
yerimizde	3.29
yerleştirilmiştir	3.29
yeteneksiz	3.29
yg	3.29
yht	3.29
yildir	3.29
yokuşu	3.29
yolculuğumuz	3.29
yoldaşı	3.29
yorumuna	3.29
yumruğunu	3.29
yumurtaların	3.29
yumurtaya	3.29
yöneticilerine	3.29
yöntemlerden	3.29
yörüngesinde	3.29
yürüyüşün	3.29
yıkılmasına	3.29
zayiat	3.29
zazaca	3.29
zülfikar	3.29
çaldın	3.29
çalıştığında	3.29
çareyi	3.29
çaykara	3.29
çekimine	3.29
çekişmeli	3.29
çekmesine	3.29
çevrilir	3.29
çiçeğe	3.29
çoğalan	3.29
çölün	3.29
çıkabilirsiniz	3.29
çıkarmasını	3.29
çıkarmışlar	3.29
çıkartmış	3.29
çıkartılması	3.29
çıkarılıp	3.29
çığlıklarını	3.29
î	3.29
ödenmez	3.29
ödülle	3.29
ölse	3.29
ömrüne	3.29
öncekinden	3.29
öneminin	3.29
önemsiyorum	3.29
öpüyor	3.29
övgüye	3.29
özalp	3.29
özgürsün	3.29
özlediğim	3.29
öğrencilerimizi	3.29
öğrenmeli	3.29
û	3.29
ücrete	3.29
üniversitelerinden	3.29
üretmiş	3.29
üstlenmek	3.29
üstüste	3.29
üzereydi	3.29
üzme	3.29
ından	3.29
ıstırap	3.29
şahısların	3.29
şekildeki	3.29
şemsettin	3.29
şerbeti	3.29
şüpheleri	3.29
abartmış	3.28
abbott	3.28
abide	3.28
ablanın	3.28
adalara	3.28
adaların	3.28
adlandırılmaktadır	3.28
adlarının	3.28
adliyede	3.28
adresimi	3.28
affediyorum	3.28
affettim	3.28
agit	3.28
aitsin	3.28
akıldan	3.28
akıntıya	3.28
alaplı	3.28
alasya	3.28
algınlığı	3.28
algısını	3.28
altina	3.28
alvarez	3.28
alıcam	3.28
alınız	3.28
ameliyatın	3.28
amfi	3.28
analizinde	3.28
anayasasına	3.28
anladılar	3.28
anlamlarına	3.28
anlamıştır	3.28
anlatıldı	3.28
anlatıyorlar	3.28
anlayabiliyorum	3.28
anlaşılmasın	3.28
anılmaya	3.28
application	3.28
aradığınızı	3.28
aramakla	3.28
arazilerin	3.28
araştırırken	3.28
artınca	3.28
artığı	3.28
arıyordu	3.28
atakent	3.28
atardı	3.28
att	3.28
atıldım	3.28
atını	3.28
avaz	3.28
avlamak	3.28
ayarla	3.28
aybaba	3.28
aylardan	3.28
aylıkken	3.28
aym	3.28
ayırmayın	3.28
ayırmış	3.28
azaltabilir	3.28
azınlıklar	3.28
açıklamaktadır	3.28
açıklamalara	3.28
açıklamıştı	3.28
açıklanamayan	3.28
açıklarken	3.28
ağrıyı	3.28
ağırlamak	3.28
ağırlıyor	3.28
bakanlıktan	3.28
banada	3.28
bankta	3.28
barmen	3.28
baston	3.28
basıyorum	3.28
battlefield	3.28
bayramının	3.28
bağladığı	3.28
başarıların	3.28
başarılarından	3.28
başbakanlığı	3.28
başlangıcıdır	3.28
bd	3.28
bekliyordur	3.28
bekâr	3.28
belayı	3.28
belirlenebilir	3.28
bernardo	3.28
beyliği	3.28
beynimde	3.28
beğenip	3.28
biberi	3.28
bilemedin	3.28
bilince	3.28
binalarına	3.28
birası	3.28
birleştirin	3.28
bisey	3.28
bitişi	3.28
bitkiyi	3.28
bizimkilerin	3.28
bluz	3.28
borsalar	3.28
boğucu	3.28
boşluktan	3.28
brandt	3.28
brifing	3.28
brighton	3.28
brittany	3.28
bryce	3.28
bulunmasının	3.28
bus	3.28
buster	3.28
buzz	3.28
böke	3.28
böylesini	3.28
bükreş	3.28
bütündür	3.28
bıkmadan	3.28
bırakırsan	3.28
cell	3.28
cenazesini	3.28
cesaretim	3.28
change	3.28
cihazlarının	3.28
cik	3.28
clean	3.28
click	3.28
collection	3.28
constance	3.28
corey	3.28
crazy	3.28
cumhuriyetini	3.28
dadı	3.28
dairemde	3.28
dalganın	3.28
dallarda	3.28
dayayıp	3.28
deck	3.28
denirdi	3.28
denizleri	3.28
deodorant	3.28
depolanması	3.28
dereceler	3.28
dersinin	3.28
devlerin	3.28
dikiz	3.28
dikkatlerini	3.28
dilekçesi	3.28
dilerseniz	3.28
diyordunuz	3.28
dizim	3.28
doktorla	3.28
dolayıdır	3.28
donu	3.28
dostuna	3.28
doğadan	3.28
doğmaz	3.28
dublör	3.28
dumana	3.28
duraklama	3.28
duyarak	3.28
duygusallık	3.28
duygusuyla	3.28
duyguya	3.28
duymadığım	3.28
duyulması	3.28
dökerek	3.28
dökmeden	3.28
dönemlerinden	3.28
dönümünü	3.28
dönüşün	3.28
dürtü	3.28
düzenlenerek	3.28
düzenlenmesine	3.28
düşeceğini	3.28
düşersin	3.28
düşey	3.28
düşse	3.28
düşsün	3.28
düşünüyorlardı	3.28
düşürdün	3.28
düşürdüğü	3.28
edilebileceğini	3.28
edinir	3.28
ekilen	3.28
eklemeler	3.28
eklenince	3.28
ekranların	3.28
eksiktir	3.28
eleştirdiği	3.28
elmer	3.28
emrullah	3.28
enfeksiyonlar	3.28
enka	3.28
erçetin	3.28
etmediğin	3.28
etrafın	3.28
ettirip	3.28
ettiyseniz	3.28
euroya	3.28
even	3.28
evlenirim	3.28
eylemlerinde	3.28
eyler	3.28
eğilme	3.28
eşiği	3.28
fanı	3.28
felaketler	3.28
felsefesine	3.28
ferdinand	3.28
filmlerindeki	3.28
fincanı	3.28
firmaya	3.28
fleming	3.28
fondöten	3.28
formüller	3.28
forveti	3.28
fran	3.28
futbolcularla	3.28
fırsatçı	3.28
galası	3.28
gareth	3.28
geleneklerini	3.28
gelmişiz	3.28
gemideki	3.28
genleri	3.28
gerekliliğini	3.28
getirebilmek	3.28
getireceğim	3.28
gezinen	3.28
geziyoruz	3.28
geçersin	3.28
geçilen	3.28
geçmenin	3.28
gidecekleri	3.28
girdiklerinde	3.28
girmeleri	3.28
giyimi	3.28
giyiyorum	3.28
gossip	3.28
granada	3.28
greyfurt	3.28
göktaşı	3.28
gönderirken	3.28
göreli	3.28
görselleri	3.28
görünümüne	3.28
görünüşünü	3.28
görüşmelerini	3.28
gösterdiğinde	3.28
gösteriyi	3.28
götürülen	3.28
gülümsemeye	3.28
güvenimi	3.28
güzergahı	3.28
gıpta	3.28
hacminde	3.28
hacmini	3.28
hadid	3.28
haftasonları	3.28
hainleri	3.28
harflerini	3.28
havuzuna	3.28
hayalindeki	3.28
hayalinizdeki	3.28
hazineyi	3.28
hazırlayarak	3.28
haçı	3.28
heat	3.28
hedefinin	3.28
hedefliyor	3.28
hera	3.28
heyetin	3.28
hezimete	3.28
hicaz	3.28
hissetmiyor	3.28
huang	3.28
hud	3.28
hukukî	3.28
huxley	3.28
hücrelerden	3.28
hükümlerine	3.28
icap	3.28
idareye	3.28
ifadelerinde	3.28
ikincisini	3.28
ikinizi	3.28
ilerlemesine	3.28
ilgisinin	3.28
imkânsızdır	3.28
imtihanı	3.28
inalcık	3.28
inançların	3.28
indirecek	3.28
infazı	3.28
istanbuldan	3.28
istenmiştir	3.28
işimizin	3.28
işlemciler	3.28
işlenmemiş	3.28
işleyiş	3.28
jeofizik	3.28
kadınlarını	3.28
kafatasının	3.28
kaldığına	3.28
kaldığından	3.28
kamboçya	3.28
kameradan	3.28
kamuran	3.28
kamış	3.28
kanepede	3.28
kapatılarak	3.28
kapatılıyor	3.28
kaplanı	3.28
kardeşlerimi	3.28
karıştır	3.28
karşılaşmalar	3.28
kasiyer	3.28
katkılarda	3.28
katletti	3.28
kaynakta	3.28
kayserili	3.28
kazananların	3.28
kaçmasını	3.28
kaçırılması	3.28
kaşıkla	3.28
kaşıntı	3.28
kelimesiyle	3.28
kerpiç	3.28
kesmeyi	3.28
kezban	3.28
kiliseleri	3.28
kilometreye	3.28
kitaplarla	3.28
kokunu	3.28
konferansın	3.28
konuşmayalım	3.28
konuştukları	3.28
koordineli	3.28
koreliler	3.28
korkutmaya	3.28
kostümlü	3.28
kovanı	3.28
kraker	3.28
krallığının	3.28
kralına	3.28
krater	3.28
kucaklayan	3.28
kulaklarına	3.28
kullanmamız	3.28
kullar	3.28
kurtuluşun	3.28
kurulduğundan	3.28
kus	3.28
kutudan	3.28
kuzeybatısında	3.28
kuşatması	3.28
köpeğine	3.28
kördüğüm	3.28
köylülere	3.28
kılarken	3.28
kırıldığı	3.28
kısımlarda	3.28
kızlarımız	3.28
kızıyorum	3.28
lapa	3.28
lerle	3.28
likör	3.28
liza	3.28
loki	3.28
lowell	3.28
mahkûmlar	3.28
mahçup	3.28
malt	3.28
malzemelerinin	3.28
mandy	3.28
maneviyat	3.28
manidar	3.28
manipülasyon	3.28
mann	3.28
march	3.28
masör	3.28
maureen	3.28
maçlarından	3.28
maçtır	3.28
maçındaki	3.28
mecazi	3.28
mekanizmalar	3.28
memuruna	3.28
mercy	3.28
merkezlerini	3.28
merminin	3.28
mesafenin	3.28
mesajlara	3.28
metotlar	3.28
metropolis	3.28
mimariye	3.28
minibüse	3.28
minnesota	3.28
mondros	3.28
morfin	3.28
morse	3.28
moussa	3.28
mukayese	3.28
myung	3.28
müminlerin	3.28
müsabakalarda	3.28
müsamaha	3.28
nahl	3.28
napoleon	3.28
narlıdere	3.28
nefer	3.28
neresine	3.28
noksan	3.28
notların	3.28
okuduğunuz	3.28
olabileceğiniz	3.28
olamadık	3.28
olasılıklar	3.28
olmayacaksa	3.28
oluşturmakta	3.28
orduspor	3.28
otelinde	3.28
oybirliğiyle	3.28
oylarının	3.28
oynadın	3.28
oynatıcı	3.28
oyuncudan	3.28
oyuncularına	3.28
pal	3.28
pandemi	3.28
parmaklarının	3.28
parçam	3.28
patlat	3.28
patty	3.28
paylaşımda	3.28
petrolü	3.28
piazza	3.28
pinokyo	3.28
pizzayı	3.28
planladığımız	3.28
polemik	3.28
pozantı	3.28
primi	3.28
protokolünü	3.28
püresi	3.28
püsküllü	3.28
qin	3.28
rabbani	3.28
rahatla	3.28
rahatsiz	3.28
rehineler	3.28
riko	3.28
ringo	3.28
ruhla	3.28
sabahki	3.28
sahiline	3.28
sahillerinde	3.28
saklanıyor	3.28
salat	3.28
sansa	3.28
savun	3.28
sayisi	3.28
sağlanacak	3.28
seen	3.28
sekme	3.28
semi	3.28
sertel	3.28
sevabı	3.28
sevdalı	3.28
seçelim	3.28
seçimlerle	3.28
seçtiğiniz	3.28
sheila	3.28
simav	3.28
sinirlerin	3.28
sitelerinin	3.28
sloganını	3.28
solisti	3.28
soluksuz	3.28
sorduğunuz	3.28
sorunudur	3.28
source	3.28
soyan	3.28
statüsünü	3.28
steiner	3.28
sual	3.28
sualsiz	3.28
sussun	3.28
suşi	3.28
sykes	3.28
söylentiye	3.28
sözlükte	3.28
sürekliliği	3.28
sürükler	3.28
sürükleyici	3.28
sürüşü	3.28
sıkılır	3.28
sınıfındaki	3.28
sıvılar	3.28
tablosuna	3.28
tahrif	3.28
takim	3.28
takipsizlik	3.28
talebeleri	3.28
tamamlayacak	3.28
tanıdıkları	3.28
tanıkların	3.28
tanınmıştır	3.28
tarikatlar	3.28
tartışmada	3.28
tavsiyelerde	3.28
taşımayan	3.28
taşımaz	3.28
taşınmasına	3.28
tcg	3.28
teaser	3.28
tehlikesine	3.28
tekerrür	3.28
tektir	3.28
telefonlarda	3.28
telin	3.28
temele	3.28
tenisçi	3.28
teoriye	3.28
tezgahın	3.28
tiki	3.28
timuçin	3.28
tirebolu	3.28
topladıkları	3.28
toplantılarında	3.28
transferde	3.28
tupac	3.28
turunu	3.28
tutkal	3.28
tutuklanma	3.28
tutuklular	3.28
tıkanmış	3.28
ucuzdur	3.28
ud	3.28
ufaklık	3.28
umarak	3.28
unuttuğunu	3.28
uyuyalım	3.28
uzaklaşın	3.28
uzunköprü	3.28
uğraşıyorlar	3.28
vadiye	3.28
vapuru	3.28
varki	3.28
varlar	3.28
vatandaşımız	3.28
vazifesini	3.28
verecekleri	3.28
verileceği	3.28
verileceğini	3.28
veriye	3.28
veriyormuş	3.28
vermezsen	3.28
versiyonunda	3.28
veterinerlik	3.28
voice	3.28
volume	3.28
vuruşta	3.28
vıcık	3.28
weaver	3.28
webber	3.28
yaklaşması	3.28
yakınsın	3.28
yanlarından	3.28
yanıldım	3.28
yapacakmış	3.28
yapiyorsun	3.28
yapmalıdır	3.28
yapmamıştır	3.28
yaptıklarımı	3.28
yapılarına	3.28
yapılarından	3.28
yasaktı	3.28
yastığa	3.28
yatırımların	3.28
yayılarak	3.28
yazman	3.28
yaşamanız	3.28
yaşayabilmek	3.28
yaşlandıkça	3.28
yaşlılara	3.28
yaşındadır	3.28
yaşıyormuş	3.28
yeleği	3.28
yemeğimizi	3.28
yenebilir	3.28
yenmez	3.28
yerlisi	3.28
yesil	3.28
yitirmiştir	3.28
yiğitler	3.28
yoksullara	3.28
yutmuş	3.28
yuvasını	3.28
yöneticilere	3.28
yükselmesini	3.28
yüzeyindeki	3.28
yıkıldığı	3.28
yılmadan	3.28
zayıflamış	3.28
zihnimde	3.28
zorlanır	3.28
zorlayarak	3.28
zorlaştırır	3.28
zu	3.28
zulmünden	3.28
çabalayan	3.28
çalarlar	3.28
çalmasını	3.28
çatışmalara	3.28
çekilmesine	3.28
çekiyorsunuz	3.28
çiziyorum	3.28
çoğaldı	3.28
çözümünü	3.28
çıkabiliyor	3.28
çıkacaksınız	3.28
çıkanları	3.28
çıkarmaktadır	3.28
çıkıyorsunuz	3.28
çırağan	3.28
ödeyin	3.28
öneriyi	3.28
örgütlere	3.28
özelliklede	3.28
öznesi	3.28
öğrenciyim	3.28
öğrenerek	3.28
öğrettiler	3.28
ünvanını	3.28
üretecek	3.28
üstündedir	3.28
üzülmüş	3.28
ıslahı	3.28
şahsıma	3.28
şampiyonasına	3.28
şap	3.28
şapkalar	3.28
şaşırmam	3.28
şehrimiz	3.28
şerrinden	3.28
şirketlerde	3.28
şişeler	3.28
şokta	3.28
şınav	3.28
abdulaziz	3.27
abigail	3.27
adalarına	3.27
adeti	3.27
adla	3.27
adlandırdığı	3.27
adımız	3.27
ahkam	3.27
aksama	3.27
aksesuarlar	3.27
alacaklı	3.27
alanlarla	3.27
aleni	3.27
allak	3.27
almaktadırlar	3.27
alternatifler	3.27
altısı	3.27
alınmaması	3.27
ameli	3.27
ameliyathane	3.27
ameller	3.27
amerikanın	3.27
amigo	3.27
anafartalar	3.27
anlamamış	3.27
anlayarak	3.27
anneannem	3.27
annelerini	3.27
anomali	3.27
aramam	3.27
aranmaktadır	3.27
ararsanız	3.27
arasının	3.27
ariyorum	3.27
arkeologlar	3.27
artıracak	3.27
asalet	3.27
asidik	3.27
atandığı	3.27
ateşinin	3.27
atımı	3.27
avi	3.27
ayaklarınızı	3.27
ayrıl	3.27
ayıplı	3.27
ayıptır	3.27
açıkca	3.27
ağzımın	3.27
background	3.27
bahçeden	3.27
balkanlarda	3.27
bazende	3.27
bağlan	3.27
bağışlamak	3.27
bağışlayan	3.27
başkentin	3.27
başlarının	3.27
başlatılması	3.27
başlayalı	3.27
başlıyorsunuz	3.27
behlül	3.27
bej	3.27
belirlemiştir	3.27
benzediği	3.27
beraberliğimizi	3.27
bernstein	3.27
beyine	3.27
beşşar	3.27
biftek	3.27
biliniz	3.27
bknz	3.27
bobin	3.27
books	3.27
border	3.27
bowie	3.27
boğmak	3.27
buckingham	3.27
buhara	3.27
bulgulara	3.27
bulmaktan	3.27
bulunmadan	3.27
buluşun	3.27
burma	3.27
burnumun	3.27
butonuna	3.27
büyüklerinden	3.27
bırakıyorlar	3.27
cahiliye	3.27
camianın	3.27
canlanıyor	3.27
caretta	3.27
cemaatleri	3.27
cheng	3.27
chin	3.27
civarlarında	3.27
concept	3.27
connie	3.27
cumali	3.27
cumhuriyetimizin	3.27
damlaları	3.27
darbeciler	3.27
davetlidir	3.27
davetsiz	3.27
davranışlarından	3.27
dayanmış	3.27
dağdaki	3.27
dağılma	3.27
dağıtarak	3.27
dedikoduları	3.27
dedirten	3.27
deklare	3.27
delirdim	3.27
denizine	3.27
depreme	3.27
derlediği	3.27
devrenin	3.27
deyiş	3.27
değerden	3.27
değerlendirin	3.27
değerlendirmeleri	3.27
değiştirelim	3.27
dileme	3.27
dinamikleri	3.27
dininde	3.27
dinlediğiniz	3.27
directory	3.27
direkten	3.27
direnmek	3.27
dizilerinde	3.27
django	3.27
dokunup	3.27
dokunuşu	3.27
dola	3.27
dolmadan	3.27
domine	3.27
dorian	3.27
durağına	3.27
durdun	3.27
duyurmuş	3.27
duyurulan	3.27
dövmeler	3.27
düzeltmeler	3.27
düzeltmesi	3.27
düzenleyecek	3.27
düzlem	3.27
düğünün	3.27
düşeriz	3.27
düşüncesinde	3.27
düşürdüm	3.27
edicem	3.27
efendileri	3.27
ekiplerinin	3.27
eklentiler	3.27
elbiseye	3.27
eleştirmeni	3.27
enfeksiyonun	3.27
engellilerin	3.27
ercüment	3.27
esti	3.27
etmezdim	3.27
evrimin	3.27
fall	3.27
fame	3.27
fedakarlığı	3.27
feyyaz	3.27
figüran	3.27
filmleriyle	3.27
fo	3.27
fresh	3.27
gana	3.27
gazeteden	3.27
gazilerimizi	3.27
gelişerek	3.27
gelmeniz	3.27
gelmeyince	3.27
gem	3.27
genişler	3.27
gerekecektir	3.27
gerçekleşme	3.27
gerçekse	3.27
getirilmesine	3.27
getirilmişti	3.27
getiririz	3.27
geçiniz	3.27
geçirmekten	3.27
geçmişler	3.27
gibiydiler	3.27
girenlerin	3.27
girmeli	3.27
girmeyecek	3.27
gitmene	3.27
gitmeni	3.27
gittiyse	3.27
giyerken	3.27
giymişti	3.27
gizleyen	3.27
gölleri	3.27
göremeyen	3.27
görüşünün	3.27
götümü	3.27
götürdük	3.27
gözbebeği	3.27
gözükmektedir	3.27
göçe	3.27
göçün	3.27
gücüdür	3.27
güden	3.27
gülümser	3.27
güncellemeler	3.27
gündüzün	3.27
güneydoğuda	3.27
güneydoğusunda	3.27
güreşleri	3.27
gürsu	3.27
gürün	3.27
güzelliklerin	3.27
güzelliklerini	3.27
güçlerinden	3.27
gıybet	3.27
habire	3.27
habur	3.27
hainlik	3.27
hastalıklarının	3.27
hattat	3.27
hatunları	3.27
hayranlar	3.27
hayretle	3.27
hazırlanmaya	3.27
helsinki	3.27
henrik	3.27
herşeyini	3.27
hevesi	3.27
hg	3.27
hiçbirşeyi	3.27
hoop	3.27
hoover	3.27
hoşlanmam	3.27
hububat	3.27
hyuk	3.27
hıh	3.27
hızlarda	3.27
ihanetten	3.27
ihsanoğlu	3.27
ihtilaf	3.27
iibf	3.27
ikramı	3.27
ilaçtır	3.27
ilgilendiğini	3.27
ilgilenmesi	3.27
ilimizde	3.27
ilindeki	3.27
ilknur	3.27
ilm	3.27
ilçeden	3.27
ilçelerin	3.27
ingilizceyi	3.27
insanî	3.27
inşaatta	3.27
ipliği	3.27
isimlendirilen	3.27
islama	3.27
isminiz	3.27
ispatlamak	3.27
istismara	3.27
ittifaklar	3.27
iyileşti	3.27
içkiyi	3.27
içtiğimiz	3.27
işlemlerde	3.27
işletmek	3.27
işlevler	3.27
joanne	3.27
jöle	3.27
kabuğunun	3.27
kademesi	3.27
kafile	3.27
kahvede	3.27
kaldıramam	3.27
kaleden	3.27
kalkmasını	3.27
kalmalarını	3.27
kalçaları	3.27
kamplarında	3.27
kanyonu	3.27
kaosun	3.27
kapandığını	3.27
kapılardan	3.27
kapım	3.27
karakterlerden	3.27
kardashian	3.27
karmaşıktır	3.27
karıştırarak	3.27
karıştırmayın	3.27
katalan	3.27
katile	3.27
katli	3.27
kavaklı	3.27
kaval	3.27
kaybederler	3.27
kaymış	3.27
kazınmış	3.27
kelebeği	3.27
kesintiler	3.27
keşfetmiş	3.27
kirası	3.27
kocama	3.27
kocamı	3.27
kokuya	3.27
koltuktan	3.27
komisyona	3.27
komutanların	3.27
konulardaki	3.27
konutu	3.27
konuşsan	3.27
konuşursa	3.27
koyarsan	3.27
kullandığın	3.27
kullansın	3.27
kumandası	3.27
kurabiyeleri	3.27
kuralın	3.27
kurtaralım	3.27
kurtarması	3.27
kurulmasının	3.27
kuvvetlerinde	3.27
kuşçu	3.27
köpekle	3.27
köyümüz	3.27
küsür	3.27
kütüphaneleri	3.27
küçüktü	3.27
küçükyalı	3.27
kıkırdak	3.27
kıllar	3.27
kım	3.27
kırıntıları	3.27
kısımlarının	3.27
kıtası	3.27
langdon	3.27
lavrov	3.27
linkini	3.27
linkler	3.27
linkleri	3.27
literatüre	3.27
lm	3.27
lounge	3.27
lr	3.27
lut	3.27
lösemili	3.27
madende	3.27
mahkemelerin	3.27
maki	3.27
makinelerinin	3.27
malikanesi	3.27
mallara	3.27
mallarının	3.27
marian	3.27
mağlubiyeti	3.27
mekanizmasının	3.27
melodisi	3.27
memleketinde	3.27
menfaatlerini	3.27
merci	3.27
merter	3.27
mes	3.27
mesaiye	3.27
metalden	3.27
mevzilerini	3.27
miktarları	3.27
milletvekillerine	3.27
minibüsün	3.27
mirasına	3.27
modellerinden	3.27
molotof	3.27
monk	3.27
motifler	3.27
muafiyet	3.27
münferit	3.27
müsabakalar	3.27
mızrağı	3.27
nemi	3.27
neredeydin	3.27
nero	3.27
nesillerin	3.27
neslinin	3.27
neyseki	3.27
nilay	3.27
nitro	3.27
nurgül	3.27
odana	3.27
ohhh	3.27
okulumuza	3.27
okunmuş	3.27
okuyucular	3.27
olacaksan	3.27
olgunluğa	3.27
oluyordum	3.27
omuzlar	3.27
onaylayan	3.27
oradayız	3.27
organizmalar	3.27
orospusu	3.27
otizmli	3.27
oturduğumuz	3.27
owens	3.27
oyumu	3.27
papaya	3.27
paradise	3.27
partilerinin	3.27
parçalanması	3.27
parçasıyla	3.27
pastadan	3.27
paya	3.27
paylaşayım	3.27
paylaştılar	3.27
pazartesiye	3.27
paşalar	3.27
paşam	3.27
pediatri	3.27
penaltıdan	3.27
perdede	3.27
periler	3.27
peşimden	3.27
pipo	3.27
pisa	3.27
piyasalarda	3.27
pl	3.27
platformlarında	3.27
popülerlik	3.27
popülist	3.27
postane	3.27
production	3.27
qing	3.27
quincy	3.27
rahatlatıyor	3.27
rakamına	3.27
rakiplerinin	3.27
reaksiyona	3.27
reeves	3.27
ref	3.27
reno	3.27
reytingleri	3.27
rip	3.27
rockefeller	3.27
ruiz	3.27
ruslarla	3.27
ryder	3.27
saatlerine	3.27
saklayıp	3.27
saksafon	3.27
saldırılarından	3.27
saldırısıyla	3.27
sallanıyor	3.27
samandağ	3.27
sattık	3.27
savage	3.27
savcıları	3.27
sayaç	3.27
saçıma	3.27
selamün	3.27
semtine	3.27
senegal	3.27
sersem	3.27
servisinin	3.27
sevgidir	3.27
sevgin	3.27
sevinir	3.27
sezonundan	3.27
seçilebilir	3.27
sigaralar	3.27
siklet	3.27
sizinkiler	3.27
skip	3.27
skora	3.27
sohbetin	3.27
sokabilir	3.27
solid	3.27
sonuçlanacak	3.27
sorumluluklar	3.27
soruyorsunuz	3.27
soğukluk	3.27
sparta	3.27
sss	3.27
stuttgart	3.27
sultanları	3.27
sunması	3.27
syd	3.27
söylediğimde	3.27
söylemen	3.27
süslemeleri	3.27
sınavlardan	3.27
sınavım	3.27
sınırlamalar	3.27
sıralamasına	3.27
sığınırım	3.27
tahriş	3.27
talbot	3.27
tamamlaması	3.27
tanga	3.27
tanıştırdı	3.27
tanıştığın	3.27
taraftarlara	3.27
tarlasında	3.27
tartıştı	3.27
tartıştığı	3.27
tasarımcıları	3.27
tasnif	3.27
taşınmıştır	3.27
taşırım	3.27
taşıyanlar	3.27
tecrübeler	3.27
tehditle	3.27
tekerlekleri	3.27
telaşa	3.27
tepetaklak	3.27
tercihin	3.27
terimini	3.27
tes	3.27
tezat	3.27
tomurcuk	3.27
topuna	3.27
tutarlılık	3.27
tuttuğumuz	3.27
tutuklamalar	3.27
tutuklanmasına	3.27
tutulduğunu	3.27
töreninden	3.27
tüketiyor	3.27
tüpler	3.27
ufaktan	3.27
ulusalcı	3.27
ulusunun	3.27
unutulmaya	3.27
uygulanarak	3.27
uğramadan	3.27
vakaların	3.27
varmıdır	3.27
vektörel	3.27
verdiğinizi	3.27
vesselam	3.27
viola	3.27
viraj	3.27
vurduğun	3.27
vururken	3.27
vuruşla	3.27
wolfsburg	3.27
wolverine	3.27
xv	3.27
xvı	3.27
xııı	3.27
yakasından	3.27
yaklaşınca	3.27
yalancılar	3.27
yamyam	3.27
yanılmıyorsam	3.27
yapacaktım	3.27
yapboz	3.27
yapiyorum	3.27
yapmadığın	3.27
yapmışız	3.27
yapsaydı	3.27
yapışır	3.27
yaralanmasına	3.27
yasalarla	3.27
yavaşlar	3.27
yayınlanma	3.27
yazdıklarımı	3.27
yazıkki	3.27
yazılarda	3.27
yazılarıyla	3.27
yazılımını	3.27
yazınız	3.27
yaşamamız	3.27
yaşamıştı	3.27
yaşatır	3.27
yaşlara	3.27
yaşlarındaki	3.27
yelpaze	3.27
yerleşip	3.27
yerleştirerek	3.27
yetimler	3.27
yiyorsunuz	3.27
yorumcular	3.27
yorumlanması	3.27
yunanlı	3.27
yurtları	3.27
yurttaşlar	3.27
yönet	3.27
yöntemlere	3.27
yüklemeye	3.27
yükünün	3.27
yürekler	3.27
yürütmeyi	3.27
yüzünüzde	3.27
yıkamaya	3.27
zaim	3.27
zamandaki	3.27
zannediyorsun	3.27
zap	3.27
züleyha	3.27
zümre	3.27
çabasında	3.27
çakı	3.27
çaldığını	3.27
çalmadan	3.27
çalışacaklar	3.27
çalışmadır	3.27
çalışırsan	3.27
çantasında	3.27
çayan	3.27
çayeli	3.27
çağındaki	3.27
çekilebilir	3.27
çekimde	3.27
çekmece	3.27
çentik	3.27
çevirisini	3.27
çizilir	3.27
çocuktum	3.27
çocuğunuza	3.27
çocuğunuzu	3.27
çöpten	3.27
çözmesi	3.27
çıkardığımız	3.27
çıkartılmış	3.27
çıkmadım	3.27
çıkmaları	3.27
çıktığınız	3.27
çıkıntı	3.27
ölçüler	3.27
ölçüsünde	3.27
ölürsünüz	3.27
öpüşmek	3.27
örneklem	3.27
özelliklerden	3.27
özgecan	3.27
özil	3.27
öğrencim	3.27
üniforması	3.27
üniversitelerden	3.27
ünlenen	3.27
üsse	3.27
üstümü	3.27
üyesine	3.27
üzerindeydi	3.27
üzüldük	3.27
üçlük	3.27
ınsan	3.27
ırkçılığa	3.27
ısıtır	3.27
ıçin	3.27
şahıslara	3.27
şarkıcının	3.27
şarkılarına	3.27
şereftir	3.27
şizofren	3.27
şovları	3.27
şövalyesi	3.27
şüpheyle	3.27
acısına	3.26
adımıza	3.26
agent	3.26
ahlakını	3.26
ailenizi	3.26
akrabam	3.26
aksın	3.26
akçe	3.26
alanım	3.26
alaturka	3.26
alaşım	3.26
albümden	3.26
albümüyle	3.26
aldattı	3.26
aldırmadan	3.26
aldırmak	3.26
alir	3.26
altyapısına	3.26
altıntop	3.26
alışırsın	3.26
anavatanı	3.26
andré	3.26
anladim	3.26
anlatmanın	3.26
anlaşmazlığı	3.26
annelerimiz	3.26
annelerine	3.26
antarktika	3.26
anılmaktadır	3.26
aranızdan	3.26
araştırmadan	3.26
aristo	3.26
aristoteles	3.26
arkadaşlarınızın	3.26
arkan	3.26
artırılmış	3.26
artışla	3.26
astral	3.26
asur	3.26
atacaklar	3.26
ataerkil	3.26
atamazsın	3.26
atının	3.26
augustus	3.26
avam	3.26
avantajlar	3.26
avantajını	3.26
ayaklarında	3.26
aynayı	3.26
açacağım	3.26
açarsın	3.26
açıklamalı	3.26
açıl	3.26
ağızlarına	3.26
aşımı	3.26
babaannesi	3.26
bahçedeki	3.26
baktıkça	3.26
bakımsız	3.26
baslar	3.26
bastıran	3.26
bası	3.26
batacak	3.26
bataklığa	3.26
batıkent	3.26
bayramları	3.26
bayrağımızı	3.26
bağların	3.26
başlamam	3.26
başlangıcına	3.26
bebekken	3.26
bebeklerde	3.26
bebeğiniz	3.26
bedelle	3.26
bedenime	3.26
beklemiyor	3.26
bekliyormuş	3.26
belalı	3.26
belhanda	3.26
belirlenmektedir	3.26
bengi	3.26
benliğini	3.26
benmişim	3.26
beril	3.26
bermuda	3.26
bildirimler	3.26
bileşim	3.26
bilgini	3.26
birliklere	3.26
birçoğunu	3.26
biseksüel	3.26
bitenleri	3.26
bitkisinin	3.26
bittik	3.26
bizimkisi	3.26
boydak	3.26
boyuttaki	3.26
bozulduğu	3.26
brain	3.26
bts	3.26
buchanan	3.26
bugündür	3.26
bulacağınız	3.26
bulanan	3.26
bulunabilirler	3.26
bulutlara	3.26
buyurmuştur	3.26
buyurur	3.26
buzlar	3.26
böylesin	3.26
bütünüdür	3.26
bırakırken	3.26
camda	3.26
canikli	3.26
cansel	3.26
cassandra	3.26
cayman	3.26
cemaatine	3.26
cerrahlar	3.26
cetvel	3.26
cnbc	3.26
cumhuriyetine	3.26
damarların	3.26
davan	3.26
davranmaktan	3.26
davranmasını	3.26
davranışının	3.26
dayanması	3.26
dehşeti	3.26
denetleyen	3.26
deneyde	3.26
deneye	3.26
deneyime	3.26
deneyimsiz	3.26
denklemler	3.26
dergisini	3.26
derinlerde	3.26
derisinden	3.26
dezavantajı	3.26
değerlendirmelerde	3.26
değiştirilmesini	3.26
dilimiz	3.26
dillerine	3.26
diplomasını	3.26
direndi	3.26
diyaliz	3.26
diziyle	3.26
does	3.26
dokunarak	3.26
dolaşıyorum	3.26
doruklarına	3.26
dosyalarının	3.26
doğranmış	3.26
duaya	3.26
durdurması	3.26
dursunbey	3.26
durumundayız	3.26
duruşun	3.26
duyabilir	3.26
duysa	3.26
duştan	3.26
dökmüş	3.26
dönek	3.26
dönemidir	3.26
dönmemek	3.26
dönmeyecek	3.26
dönüştürücü	3.26
dönüştürülen	3.26
dönüşümler	3.26
dünyama	3.26
düzenbaz	3.26
düştüğüm	3.26
düşündürüyor	3.26
düşünebiliriz	3.26
ebeveynlerinin	3.26
effect	3.26
efkan	3.26
ekspresi	3.26
elbisesini	3.26
elektrikçi	3.26
emeğini	3.26
erdirmek	3.26
ergül	3.26
erkeğinin	3.26
esteban	3.26
etekli	3.26
etfal	3.26
etkilenmez	3.26
etkileşimde	3.26
etkinliklerinin	3.26
etmemişti	3.26
etmişsiniz	3.26
ettirin	3.26
eyaletine	3.26
eyaletler	3.26
eyer	3.26
eyl	3.26
eyyubi	3.26
eğilimler	3.26
eğlenelim	3.26
eşleştirme	3.26
facebookta	3.26
fadıl	3.26
fakültesinin	3.26
faraday	3.26
fermanı	3.26
fes	3.26
fetheden	3.26
feyzioğlu	3.26
filistinlilerin	3.26
filmlerle	3.26
fonksiyonların	3.26
fotoğrafınızı	3.26
fps	3.26
framework	3.26
futbolcudur	3.26
fırından	3.26
fıstıklı	3.26
gallagher	3.26
gastronomi	3.26
gayrimüslim	3.26
gd	3.26
gecesinin	3.26
geleneğe	3.26
gelişinin	3.26
geliştirdikleri	3.26
geographic	3.26
gereç	3.26
gerçeğinden	3.26
geçicidir	3.26
geçidin	3.26
geçiririm	3.26
girişinden	3.26
gitmişken	3.26
giuseppe	3.26
giyinmiş	3.26
gizemini	3.26
golsüz	3.26
gucci	3.26
gönüller	3.26
göredir	3.26
göremediği	3.26
görevlendirilmiş	3.26
görmelerini	3.26
görmüyorsun	3.26
görseniz	3.26
görseydi	3.26
görülse	3.26
görünüşlü	3.26
götürmeyi	3.26
gözükse	3.26
gülüyordu	3.26
güm	3.26
günahkâr	3.26
günahsız	3.26
güve	3.26
güvenliğiniz	3.26
güvercinler	3.26
güçlüsün	3.26
gıf	3.26
haddimi	3.26
haftasını	3.26
halimden	3.26
hallere	3.26
halsizlik	3.26
hami	3.26
hatadır	3.26
hattındaki	3.26
hatıralarını	3.26
hatırlarsın	3.26
hayallerimin	3.26
hayatınızdan	3.26
hazan	3.26
hazineleri	3.26
hazineye	3.26
hegel	3.26
herb	3.26
herpes	3.26
heryere	3.26
heyetini	3.26
hilâl	3.26
hissedersiniz	3.26
hizmetidir	3.26
hocamın	3.26
horn	3.26
hâkimiyeti	3.26
hükumet	3.26
hükümetinden	3.26
hıristiyanlar	3.26
icloud	3.26
ihtimalim	3.26
ikinizde	3.26
ikizlerin	3.26
ilanını	3.26
ilkokuldan	3.26
illüzyon	3.26
ilâhi	3.26
inişi	3.26
ir	3.26
iradesiyle	3.26
istediğinize	3.26
istemese	3.26
istemezsiniz	3.26
isteğinin	3.26
iyilerinden	3.26
izledin	3.26
izlerdim	3.26
izlerin	3.26
izleyicilere	3.26
içeyim	3.26
içimiz	3.26
içkiye	3.26
içmedim	3.26
iğneyi	3.26
işaretle	3.26
işlerimi	3.26
işlettiği	3.26
jamal	3.26
jericho	3.26
jürisi	3.26
kabuslar	3.26
kafamdan	3.26
kalbiyle	3.26
kaldırıyoruz	3.26
kaltak	3.26
kamerayla	3.26
kapaklarını	3.26
kapattığı	3.26
kapatılmıştır	3.26
kapağın	3.26
kapi	3.26
kapiyi	3.26
kapladı	3.26
karabiber	3.26
kargı	3.26
karşılaması	3.26
karşılaştılar	3.26
kasanın	3.26
kasma	3.26
kavaklıdere	3.26
kavuşma	3.26
kayarak	3.26
kaybedersek	3.26
kazaklar	3.26
kazanacağı	3.26
kazanamadı	3.26
kaşlarını	3.26
kedilere	3.26
kemikli	3.26
kemikten	3.26
kemirgen	3.26
kesişen	3.26
kimsedir	3.26
kitabi	3.26
kitapçı	3.26
kişilikleri	3.26
klipleri	3.26
kolaylaştırıyor	3.26
komutlar	3.26
konmuştur	3.26
konumlarını	3.26
konuşabiliyor	3.26
konuşacağım	3.26
konuşanların	3.26
korkmayan	3.26
koruyoruz	3.26
kraft	3.26
krizini	3.26
kullanılmasıyla	3.26
kullanılıp	3.26
kullanılırsa	3.26
kumdan	3.26
kunduz	3.26
kurmadan	3.26
kurulabilir	3.26
kuruluşlarda	3.26
kv	3.26
körlük	3.26
kötülüklerin	3.26
kültürüyle	3.26
kütüphaneci	3.26
kırılmıştır	3.26
kısaltmalar	3.26
kıvama	3.26
kıyafetin	3.26
kıyafetlerle	3.26
lamar	3.26
larva	3.26
lazio	3.26
lev	3.26
levrek	3.26
ligleri	3.26
lillian	3.26
limanlar	3.26
lisesinden	3.26
lol	3.26
lsd	3.26
lyrics	3.26
macit	3.26
mademki	3.26
mag	3.26
mahallelerinde	3.26
maide	3.26
makinesiyle	3.26
masonlar	3.26
mağfiret	3.26
meblağ	3.26
mei	3.26
mertebesine	3.26
meselesinde	3.26
minas	3.26
minibüsü	3.26
minör	3.26
miroslav	3.26
mirza	3.26
mora	3.26
motosikleti	3.26
motta	3.26
muhabirine	3.26
mungan	3.26
mustafakemalpaşa	3.26
mutfağından	3.26
müşavir	3.26
nal	3.26
nankörlük	3.26
nasılım	3.26
nefsine	3.26
netlik	3.26
nicola	3.26
nintendo	3.26
norveçli	3.26
nurdan	3.26
ofisin	3.26
ofisinden	3.26
okulum	3.26
okulumuzda	3.26
okumalı	3.26
okunduğu	3.26
olabilecekleri	3.26
olabilirmi	3.26
olabilirmiş	3.26
olasılığının	3.26
olduğumuza	3.26
olgularda	3.26
oluşma	3.26
oluşumunun	3.26
onaylanmıştır	3.26
onaylar	3.26
optimizasyon	3.26
oracıkta	3.26
oynardık	3.26
oynarsın	3.26
oğlanın	3.26
oğlunuz	3.26
pacific	3.26
parazitler	3.26
parsons	3.26
passolig	3.26
patnos	3.26
performansından	3.26
periferik	3.26
peters	3.26
pisagor	3.26
piyasaları	3.26
piçin	3.26
planla	3.26
planımız	3.26
plc	3.26
polislerden	3.26
potansiyele	3.26
pozisyonun	3.26
pozu	3.26
programımızı	3.26
programındaki	3.26
proxy	3.26
puanlık	3.26
pıhtılaşma	3.26
reina	3.26
resimlerinin	3.26
riskin	3.26
ritmini	3.26
rivers	3.26
robertson	3.26
robotların	3.26
rolün	3.26
ruhuma	3.26
ruhumuzu	3.26
rüyam	3.26
sabunu	3.26
sahipliğini	3.26
sahipse	3.26
saklandı	3.26
sallamak	3.26
salonlar	3.26
saniyeye	3.26
sansar	3.26
santrafor	3.26
sanılmaktadır	3.26
sanırlar	3.26
sarsıldı	3.26
sarıya	3.26
satışlarını	3.26
saçıyor	3.26
sağlayabilecek	3.26
sağlıyorum	3.26
sağlıyoruz	3.26
sağlığında	3.26
schopenhauer	3.26
schultz	3.26
sdg	3.26
seller	3.26
serenay	3.26
seslerinden	3.26
setler	3.26
sevinçli	3.26
seye	3.26
seçil	3.26
shanghai	3.26
sia	3.26
simgesidir	3.26
siyaseten	3.26
small	3.26
snake	3.26
sokuldu	3.26
sort	3.26
sorulması	3.26
sorundur	3.26
study	3.26
suicide	3.26
susmak	3.26
suçlunun	3.26
suçumuz	3.26
sylvester	3.26
söylediklerimi	3.26
söyleniyordu	3.26
sükunet	3.26
sürgünde	3.26
sürücüyü	3.26
sürümde	3.26
sıkılıp	3.26
tac	3.26
taciri	3.26
tahminlerini	3.26
tahvil	3.26
takası	3.26
talebimiz	3.26
tamamlanmasının	3.26
tanklara	3.26
tanımladı	3.26
tanımlayıcı	3.26
taraflarına	3.26
taraftarlarına	3.26
tartışılıyor	3.26
tavsiyeleri	3.26
taşkent	3.26
tecavüzden	3.26
tecrübem	3.26
tehdidine	3.26
tehlikesini	3.26
tekniklerin	3.26
tekrarlama	3.26
televizyondaki	3.26
televizyonlarında	3.26
testinden	3.26
testlerini	3.26
tezler	3.26
teşkilatında	3.26
tiplerden	3.26
tonya	3.26
tool	3.26
toprağına	3.26
torununun	3.26
tunca	3.26
turneye	3.26
tümörler	3.26
tırmanışı	3.26
ucunun	3.26
uhud	3.26
ulaşırken	3.26
umur	3.26
unsurlardan	3.26
unuttuğun	3.26
unutulmamalıdır	3.26
unutulur	3.26
usame	3.26
usanmadan	3.26
utanılacak	3.26
uyandır	3.26
uyarıları	3.26
uyma	3.26
uzandı	3.26
uçağıyla	3.26
vaay	3.26
vahap	3.26
vakfının	3.26
varya	3.26
vekillerin	3.26
verdigi	3.26
verebilen	3.26
veremeyecek	3.26
vergilerini	3.26
verilse	3.26
videos	3.26
vurulması	3.26
wedding	3.26
winnie	3.26
yakalaması	3.26
yakalamayı	3.26
yakıtlı	3.26
yankee	3.26
yanlışa	3.26
yaptıklarım	3.26
yargılanmak	3.26
yatmayı	3.26
yavan	3.26
yayar	3.26
yayımlanır	3.26
yazmakta	3.26
yazır	3.26
yaşamım	3.26
yaşantı	3.26
yaşlandım	3.26
yaşıyorlardı	3.26
yemişler	3.26
yerleşmeye	3.26
yetiştirilir	3.26
yokuz	3.26
yorgunluğunu	3.26
yurdakul	3.26
yönetsel	3.26
yönlendirilen	3.26
yüklenmesi	3.26
yüreğinin	3.26
yüzeyinden	3.26
yığınları	3.26
zambak	3.26
zanneder	3.26
çalkantılı	3.26
çaresine	3.26
çatının	3.26
çekimlerinde	3.26
çeliği	3.26
çernobil	3.26
çeviriler	3.26
çevirmenler	3.26
çevremdeki	3.26
çiftliğin	3.26
çilingir	3.26
çizildi	3.26
çıkabilen	3.26
çıkarcı	3.26
çıkarsam	3.26
çıkmışlar	3.26
çıkılan	3.26
ödeneği	3.26
öldürdük	3.26
öldürülmesinden	3.26
ölçüsünü	3.26
ölümüm	3.26
örgütleriyle	3.26
örter	3.26
özbay	3.26
özlemiş	3.26
öznur	3.26
öğrencileriyle	3.26
öğrendiler	3.26
öğretmeninin	3.26
öğrettin	3.26
öğütler	3.26
ünlüsü	3.26
üstlenir	3.26
üyelerimize	3.26
ıec	3.26
ınsanlar	3.26
şahsına	3.26
şarapnel	3.26
şarkılarında	3.26
şefleri	3.26
şeyda	3.26
şikayetler	3.26
şişti	3.26
şubesine	3.26
şunların	3.26
addır	3.25
adımdır	3.25
aerodinamik	3.25
ailedir	3.25
alanımız	3.25
aleme	3.25
alevli	3.25
almalıdır	3.25
alnında	3.25
amg	3.25
anadil	3.25
anlamadınız	3.25
annemizin	3.25
anımsatan	3.25
arabalarını	3.25
aramıyor	3.25
aranız	3.25
arazilerinin	3.25
arefe	3.25
arkadaştır	3.25
arkadaşınla	3.25
arttırıcı	3.25
asırdır	3.25
atacağı	3.25
atardım	3.25
ataç	3.25
ateizm	3.25
atölyeleri	3.25
atışını	3.25
avengers	3.25
ayakkabıların	3.25
ayaklanması	3.25
ayazağa	3.25
aydınlatıcı	3.25
aynısınız	3.25
ayrılmasının	3.25
azalmıştır	3.25
açarız	3.25
ağlamıyorum	3.25
ağlarım	3.25
ağında	3.25
ağırdı	3.25
ağırlığındaki	3.25
bacakların	3.25
bacı	3.25
baharatlar	3.25
bahsedeceğim	3.25
bakla	3.25
barrow	3.25
basılması	3.25
bağlanacak	3.25
başarılarına	3.25
başarısından	3.25
başkanlıkları	3.25
başlattılar	3.25
başlatıyoruz	3.25
başvurdum	3.25
başvurur	3.25
bc	3.25
being	3.25
belgeli	3.25
belirtilerin	3.25
benzemektedir	3.25
benziyorum	3.25
besbelli	3.25
beğendin	3.25
beğenildi	3.25
bilincinin	3.25
bilmedi	3.25
biranın	3.25
birincilikle	3.25
birinize	3.25
birinizin	3.25
birliğimizi	3.25
birsel	3.25
birşeydir	3.25
bitirdiği	3.25
bitme	3.25
bitmesin	3.25
bizleriz	3.25
bostanlı	3.25
botan	3.25
boyacı	3.25
bozabilir	3.25
boğulmak	3.25
boğulmuş	3.25
boşaltıp	3.25
branşlarda	3.25
bulmaktır	3.25
bulunurdu	3.25
buluşturan	3.25
bölümlük	3.25
bölünen	3.25
büyüklüğe	3.25
bırakınız	3.25
bırakırsanız	3.25
caizse	3.25
camilere	3.25
canlandırmaya	3.25
caydırıcı	3.25
cesarete	3.25
cila	3.25
cinayetle	3.25
cinse	3.25
coğrafyasının	3.25
davalarında	3.25
davy	3.25
dayanın	3.25
deccal	3.25
dedektifi	3.25
deden	3.25
defterinde	3.25
dekorasyonu	3.25
demeleri	3.25
demeniz	3.25
demiyorlar	3.25
deneyimim	3.25
derecesiyle	3.25
derisinin	3.25
derneğine	3.25
derrick	3.25
dertler	3.25
devin	3.25
değindi	3.25
değişip	3.25
diaries	3.25
dikkatsiz	3.25
direksiyonu	3.25
dizimi	3.25
dobra	3.25
dokuzu	3.25
dominique	3.25
dostlarımızı	3.25
doğayla	3.25
dubois	3.25
dum	3.25
dumandan	3.25
durmasına	3.25
duyana	3.25
duyarsınız	3.25
duyum	3.25
dwayne	3.25
dönsem	3.25
dükkanlar	3.25
dünyanin	3.25
dürbün	3.25
düşerim	3.25
dırdır	3.25
dışta	3.25
edecekleri	3.25
edeceğimizi	3.25
edilenlerin	3.25
edilmekten	3.25
ekili	3.25
eklentisi	3.25
emanete	3.25
engellediği	3.25
eniştesi	3.25
enkazı	3.25
erika	3.25
eserlerde	3.25
eskimo	3.25
esprisi	3.25
ettigi	3.25
evladını	3.25
evlenelim	3.25
evlenmesini	3.25
evliydi	3.25
ezdi	3.25
ezme	3.25
eşcinseller	3.25
familya	3.25
faşizmi	3.25
fikirle	3.25
formasyonu	3.25
formlarını	3.25
fotoğrafçılığı	3.25
fuzuli	3.25
fırtınaya	3.25
fıçı	3.25
gal	3.25
garajı	3.25
gelecekle	3.25
gelemiyorum	3.25
gemilerden	3.25
gerektirmeyen	3.25
gerekçelerle	3.25
getirdiğimiz	3.25
getirildiğini	3.25
getirmeden	3.25
gezin	3.25
geziyorum	3.25
geçirdiğiniz	3.25
geçirince	3.25
geçmişinin	3.25
gibisinden	3.25
gideceğimiz	3.25
girdiğiniz	3.25
girecekler	3.25
girik	3.25
gitmezdi	3.25
golcüsü	3.25
granger	3.25
grimes	3.25
grubudur	3.25
gururun	3.25
gömleğin	3.25
gömün	3.25
göndermesini	3.25
görebilirler	3.25
görmeliyiz	3.25
görmeyeli	3.25
görmüştük	3.25
görücü	3.25
görüntülerinin	3.25
göstermekle	3.25
göstermeliyiz	3.25
gözlerimden	3.25
gözlerinizin	3.25
güldük	3.25
günahtan	3.25
güneyine	3.25
güçlendi	3.25
güçlendirdi	3.25
gıcır	3.25
halkevleri	3.25
hancı	3.25
hanedanı	3.25
hang	3.25
hangar	3.25
hasadı	3.25
hastalarına	3.25
hastalarında	3.25
hastanesinin	3.25
hatlarında	3.25
havaların	3.25
havuzdan	3.25
hayalimdeki	3.25
hayalperest	3.25
hayatim	3.25
hayattır	3.25
hayatımızdan	3.25
hayranların	3.25
hayvandır	3.25
hazırlayacak	3.25
hemşireye	3.25
hikayesidir	3.25
hissettiklerimi	3.25
hizmetlerden	3.25
hükmetti	3.25
hızlanma	3.25
iddialarının	3.25
ideali	3.25
ideolojiler	3.25
idik	3.25
ilgileniyordu	3.25
inal	3.25
inanış	3.25
incelemenin	3.25
incelendi	3.25
indirilebilir	3.25
isimlerine	3.25
iskân	3.25
istediginiz	3.25
istekte	3.25
istikrara	3.25
ittihad	3.25
ivan	3.25
iyilikle	3.25
iyilikler	3.25
izinin	3.25
içebilirsiniz	3.25
içeriyordu	3.25
işlet	3.25
işleyecek	3.25
iştahı	3.25
jiang	3.25
jp	3.25
jön	3.25
kabilenin	3.25
kabuklarını	3.25
kafilesi	3.25
kalay	3.25
kaldırması	3.25
kalkmaz	3.25
kalleş	3.25
kalmasından	3.25
kama	3.25
kameralı	3.25
kanıtlandı	3.25
kapmak	3.25
kararlardan	3.25
kareleri	3.25
kartım	3.25
karıyı	3.25
karışıklığa	3.25
karışımından	3.25
karşılıyorum	3.25
katıldığım	3.25
kaybedeceğini	3.25
kaybedilmesi	3.25
kaybetmedi	3.25
kaynaktır	3.25
kazanana	3.25
kazansa	3.25
kazanım	3.25
kazanımları	3.25
kaçırmaya	3.25
kaşif	3.25
kelimelerde	3.25
kelvin	3.25
kemalizm	3.25
kemiklerinin	3.25
kenarlarına	3.25
kiloya	3.25
kimselerdir	3.25
kimyasalların	3.25
kings	3.25
kitaplarımı	3.25
kişilikler	3.25
kişiliğinin	3.25
klanı	3.25
klübü	3.25
koleksiyonuna	3.25
komisyonuna	3.25
konsolide	3.25
kontrollerini	3.25
konuşamıyor	3.25
konuşsam	3.25
kopma	3.25
korumacı	3.25
korunmasız	3.25
koyacaksın	3.25
kozlu	3.25
kriminal	3.25
kulağının	3.25
kuleden	3.25
kulesinin	3.25
kullanabilecek	3.25
kundaklama	3.25
kurarız	3.25
kurdunuz	3.25
kurtulamaz	3.25
kurur	3.25
kusurlarını	3.25
kusuyor	3.25
kutuplu	3.25
kuvvetlerinden	3.25
kuyudan	3.25
kuşaktan	3.25
kücük	3.25
kümeye	3.25
kılını	3.25
kısmıdır	3.25
kıyafetlerimi	3.25
kıymetlidir	3.25
kızımla	3.25
kızından	3.25
lak	3.25
listemde	3.25
madenleri	3.25
maestro	3.25
maker	3.25
malkara	3.25
many	3.25
markasıyla	3.25
maymuna	3.25
maçımız	3.25
mağdurların	3.25
mağrur	3.25
mccoy	3.25
medeniyetinin	3.25
melbourne	3.25
memurlarının	3.25
menenjit	3.25
menüde	3.25
mertebe	3.25
mezitli	3.25
mezunuyum	3.25
mf	3.25
mikhail	3.25
miladi	3.25
milyarlık	3.25
mimarinin	3.25
mimik	3.25
mio	3.25
misafirlerin	3.25
misk	3.25
missouri	3.25
mol	3.25
momo	3.25
monoton	3.25
motion	3.25
muayenesi	3.25
muhabbete	3.25
muhaliflere	3.25
mumbai	3.25
mutluyduk	3.25
müjdeli	3.25
müsabakada	3.25
müzikali	3.25
müşterilerimiz	3.25
nara	3.25
nesle	3.25
nicelik	3.25
niş	3.25
ny	3.25
nükhet	3.25
nüsha	3.25
objeleri	3.25
odaklanarak	3.25
odessa	3.25
oksijenin	3.25
olmazsam	3.25
olundu	3.25
olurdunuz	3.25
onarmak	3.25
onbir	3.25
onlardır	3.25
opsiyon	3.25
orak	3.25
ordularının	3.25
ordumuzun	3.25
organının	3.25
orijinali	3.25
ork	3.25
ortamlara	3.25
oynanmış	3.25
paco	3.25
paketinde	3.25
palamut	3.25
papalık	3.25
paradır	3.25
pardus	3.25
parlama	3.25
parmakların	3.25
parmağın	3.25
partideki	3.25
partisidir	3.25
parçalanma	3.25
parçalarla	3.25
patatesli	3.25
patlamaları	3.25
patlayıcılar	3.25
payne	3.25
pazarlarında	3.25
person	3.25
peygamberlik	3.25
policy	3.25
pratiği	3.25
probleme	3.25
probleminin	3.25
proletarya	3.25
prototipi	3.25
push	3.25
quality	3.25
radyodan	3.25
rahatlatan	3.25
ravi	3.25
rehberimiz	3.25
renkteki	3.25
report	3.25
ressamlar	3.25
resûlullah	3.25
ritm	3.25
rolde	3.25
rosie	3.25
round	3.25
ryo	3.25
sabrımı	3.25
sahnelerinde	3.25
saklanacak	3.25
sallallahu	3.25
salınan	3.25
sanmış	3.25
sanıldığı	3.25
sanıyorduk	3.25
saruhan	3.25
satıcının	3.25
satışlarının	3.25
sauron	3.25
savcılığın	3.25
saydığı	3.25
sayfasının	3.25
saygınlığını	3.25
sayi	3.25
saçmalıyor	3.25
seninim	3.25
sergileme	3.25
sergilemektedir	3.25
serotonin	3.25
sesinde	3.25
sevdiklerinizin	3.25
sevdiğimden	3.25
sevebilir	3.25
shore	3.25
silindirik	3.25
simgesel	3.25
siparişleri	3.25
sizindir	3.25
skywalker	3.25
sokaklarını	3.25
soktular	3.25
sormayı	3.25
sormuştu	3.25
steele	3.25
sultanlık	3.25
summers	3.25
sunday	3.25
sunduk	3.25
sunshine	3.25
sunun	3.25
sustu	3.25
sönmüş	3.25
söylemesine	3.25
söylesek	3.25
süit	3.25
süpermarket	3.25
sürüklenen	3.25
süslemeler	3.25
süvariler	3.25
sıkıntıların	3.25
sıkıntılarını	3.25
sıkıntımız	3.25
sına	3.25
sırra	3.25
tadından	3.25
tahtın	3.25
tahtını	3.25
takmıyorum	3.25
takviminde	3.25
takvimler	3.25
takılmadan	3.25
takımım	3.25
talebiniz	3.25
tanedir	3.25
tanıklar	3.25
tanışmadan	3.25
tapınakta	3.25
tarihimizi	3.25
tarzıdır	3.25
tavanda	3.25
taşımakta	3.25
taşıyın	3.25
tbf	3.25
tee	3.25
teknolojiyle	3.25
tektaş	3.25
tekvando	3.25
terbiyesizlik	3.25
tersiyle	3.25
tesisatı	3.25
thatcher	3.25
thunder	3.25
tiyatrosunda	3.25
toma	3.25
toplumcu	3.25
totaliter	3.25
tribünleri	3.25
truck	3.25
tutukla	3.25
tutulup	3.25
tutuşan	3.25
tüketimini	3.25
türemiş	3.25
uh	3.25
uma	3.25
umum	3.25
umuyor	3.25
uyandırmaya	3.25
uyduları	3.25
uygulamalarla	3.25
uygulamayla	3.25
uyuduğu	3.25
uza	3.25
uzakdoğu	3.25
uzattım	3.25
uçlarında	3.25
valf	3.25
vasıf	3.25
vazgeçmeye	3.25
vefalı	3.25
veremezsin	3.25
verginin	3.25
verilirdi	3.25
veritabanına	3.25
vermesinden	3.25
vermezdi	3.25
vermezseniz	3.25
virüsleri	3.25
voldemort	3.25
volga	3.25
vurunca	3.25
workshop	3.25
yakılmış	3.25
yalanların	3.25
yalanlarını	3.25
yalnızlığın	3.25
yansımış	3.25
yapmayacağız	3.25
yaptıklarıyla	3.25
yararlanma	3.25
yarıdan	3.25
yarışlarında	3.25
yatağım	3.25
yayarak	3.25
yaylalar	3.25
yayımlanması	3.25
yazmanın	3.25
yazsam	3.25
yazını	3.25
yağların	3.25
yaşamıyoruz	3.25
yaşlanmak	3.25
yenilikleri	3.25
yenipazar	3.25
yerleştirir	3.25
yetmiyormuş	3.25
yeşilova	3.25
yim	3.25
yiyenler	3.25
yorumunuz	3.25
yoğurdu	3.25
yukardan	3.25
yumru	3.25
yurdumuzda	3.25
yurttaşlık	3.25
yâd	3.25
yönetilmesi	3.25
yükseklikteki	3.25
yükseltildi	3.25
yüreğimde	3.25
yıllarımı	3.25
yılım	3.25
zalimlerin	3.25
zatın	3.25
zayıflamaya	3.25
zikri	3.25
zirveden	3.25
çalın	3.25
çalışmalarımıza	3.25
çalışmama	3.25
çalışırsanız	3.25
çamaşırhane	3.25
çektirdi	3.25
çeşmenin	3.25
çilesi	3.25
çingeneler	3.25
çizgisinden	3.25
çobanlık	3.25
çözeceğiz	3.25
çözümünde	3.25
çıkabilmek	3.25
çıkalı	3.25
çıkaracağını	3.25
çıkmalıyız	3.25
çıkmıyorum	3.25
ödeyeceksiniz	3.25
ödp	3.25
öldürdükleri	3.25
önlük	3.25
ördeği	3.25
örneklerine	3.25
özetleri	3.25
özgürüm	3.25
özkul	3.25
öğrenilen	3.25
öğrensin	3.25
öğreti	3.25
ülkene	3.25
üniformalı	3.25
üreticilerinin	3.25
üstünlüğüne	3.25
üzereyiz	3.25
üzüntüden	3.25
üzüntüyle	3.25
ındia	3.25
ırzına	3.25
ısırmak	3.25
şarköy	3.25
şarkımız	3.25
şaşılacak	3.25
şaşırma	3.25
şehidimiz	3.25
şehitlerini	3.25
şikayetim	3.25
şoföre	3.25
β	3.25
abimi	3.24
acık	3.24
acımı	3.24
adalarında	3.24
akması	3.24
aksan	3.24
aktivasyon	3.24
algılayıcı	3.24
almalıyım	3.24
alves	3.24
alınmasında	3.24
alınmıyor	3.24
alışamadım	3.24
alışverişte	3.24
amele	3.24
andrey	3.24
anlatmıştım	3.24
anlatımla	3.24
anlayalım	3.24
anılarla	3.24
arkasındayım	3.24
arıların	3.24
asia	3.24
asp	3.24
atamam	3.24
atamaz	3.24
atılmasını	3.24
ayağınızı	3.24
ayetullah	3.24
aygıtları	3.24
azaldığını	3.24
azer	3.24
azez	3.24
açtığınız	3.24
açıkgöz	3.24
ağrısına	3.24
aşağıdakilerden	3.24
aşklarını	3.24
babe	3.24
bakanlıkta	3.24
baklagiller	3.24
barıştan	3.24
baskan	3.24
baskısının	3.24
basıncın	3.24
başbakana	3.24
başkomiser	3.24
başladığına	3.24
başlamışken	3.24
başvurduğu	3.24
başınızdan	3.24
bddk	3.24
beklemiyoruz	3.24
belen	3.24
belgeselde	3.24
belirlemiş	3.24
belâ	3.24
benide	3.24
beyinler	3.24
bilgeliği	3.24
bilgilerim	3.24
bilimine	3.24
bilmektir	3.24
birleşir	3.24
biçimlerinin	3.24
bolluğu	3.24
bombasını	3.24
borcumu	3.24
boyayı	3.24
braun	3.24
bremen	3.24
bristol	3.24
browser	3.24
bulamadınız	3.24
bulguların	3.24
bulmamız	3.24
bulmuştum	3.24
bulunacaktır	3.24
bulunuz	3.24
büyükdere	3.24
büyüklerimiz	3.24
bırakmadılar	3.24
bıraksam	3.24
bıçakladı	3.24
bıçağın	3.24
caddebostan	3.24
cahide	3.24
casuslar	3.24
cebimden	3.24
celaleddin	3.24
celle	3.24
cephenin	3.24
cerablus	3.24
chavez	3.24
cihazlarında	3.24
cimrilik	3.24
cinayetini	3.24
cj	3.24
cocu	3.24
colt	3.24
contact	3.24
cordelia	3.24
cümleden	3.24
dai	3.24
dalgalarının	3.24
dalgasının	3.24
dalyan	3.24
damarlı	3.24
dany	3.24
davalara	3.24
davaların	3.24
davies	3.24
dayanabilir	3.24
dayanamayan	3.24
dayanmaz	3.24
dağıtıp	3.24
dehşetli	3.24
delillerin	3.24
dengeye	3.24
derslerinin	3.24
devrimini	3.24
devrimleri	3.24
değiştirmedi	3.24
dia	3.24
dickens	3.24
dinlediniz	3.24
dioksit	3.24
direniyor	3.24
diyemedim	3.24
dol	3.24
doğasının	3.24
doğruca	3.24
dress	3.24
dudley	3.24
dumanlar	3.24
durdular	3.24
durdurmayı	3.24
durumlarının	3.24
duruşunda	3.24
döndün	3.24
dönmeli	3.24
dürüstlüğü	3.24
düzeltmeleri	3.24
düzenlemenin	3.24
düzenleniyor	3.24
düşmanının	3.24
düşündürücü	3.24
ebola	3.24
edasıyla	3.24
edinilmiş	3.24
edinin	3.24
ediyordur	3.24
eklemeyi	3.24
ekmekler	3.24
ekmeğine	3.24
ekrandaki	3.24
eksiklikleri	3.24
elektirik	3.24
eleştirmenler	3.24
elindeydi	3.24
ellerle	3.24
emeklilere	3.24
emeğinin	3.24
emirates	3.24
emirlere	3.24
emredildi	3.24
enerjileri	3.24
enfeksiyona	3.24
erbaa	3.24
erikli	3.24
escortlar	3.24
eserdir	3.24
eskileri	3.24
everton	3.24
evlendirme	3.24
evliliğinden	3.24
ezilenlerin	3.24
eşinize	3.24
eşlerine	3.24
fabrikayı	3.24
faizler	3.24
faktörlerden	3.24
false	3.24
farmakoloji	3.24
faydalanan	3.24
faşistler	3.24
feriha	3.24
fersah	3.24
fikirlerimi	3.24
fikirlerinizi	3.24
firmalarının	3.24
firmasını	3.24
fiyatının	3.24
fotoğraflarımı	3.24
frene	3.24
gail	3.24
gazilerimize	3.24
gelişebilir	3.24
geliştirilmesinde	3.24
getirdiğim	3.24
getirilebilir	3.24
getirmekle	3.24
gezegenden	3.24
geçemedi	3.24
geçenlerin	3.24
geçerlilik	3.24
gibidirler	3.24
girilmez	3.24
girişler	3.24
giriştiği	3.24
gitmediğini	3.24
gitmemiz	3.24
giyinme	3.24
gollü	3.24
gpu	3.24
grafikte	3.24
greta	3.24
guguk	3.24
gönüllülerin	3.24
gösterilecek	3.24
gösterimleri	3.24
götlü	3.24
götürmesi	3.24
gözlenir	3.24
gözlerimizin	3.24
gözlükler	3.24
göğsünden	3.24
gülsün	3.24
gülüşün	3.24
güvendiğin	3.24
haberlerinde	3.24
hadii	3.24
hanesi	3.24
hanımefendiye	3.24
hanımlara	3.24
harding	3.24
hareketlerden	3.24
hareketlerinde	3.24
hassa	3.24
hatalara	3.24
havasız	3.24
haven	3.24
hayrat	3.24
hayırlar	3.24
hedefte	3.24
helikopterleri	3.24
hemşiresi	3.24
herkeze	3.24
hilary	3.24
hissetmem	3.24
hold	3.24
hormonal	3.24
hubbard	3.24
hücresinin	3.24
ihtimale	3.24
ilerlediği	3.24
ilerlediğini	3.24
iletişimini	3.24
ilgilenmiyor	3.24
ilgileri	3.24
ilkyardım	3.24
inancımızı	3.24
inanmıştım	3.24
incelemeyi	3.24
ingilizcede	3.24
insansı	3.24
inşasında	3.24
istasyonlarında	3.24
istisnası	3.24
isyankar	3.24
itirafçı	3.24
iyilerin	3.24
izahı	3.24
içiyorlar	3.24
işaretleme	3.24
işlemde	3.24
jam	3.24
jasmine	3.24
jens	3.24
kabileler	3.24
kabuğundan	3.24
kademelerinde	3.24
kafamıza	3.24
kalabalıktı	3.24
kaldıklarını	3.24
kaleler	3.24
kalmışsın	3.24
kalıntıların	3.24
kamyona	3.24
kanallarına	3.24
kanunda	3.24
kanununu	3.24
kanından	3.24
kapali	3.24
kapalıydı	3.24
kapatılmasını	3.24
kapsayıcı	3.24
kapılarında	3.24
kapılmış	3.24
karamanoğlu	3.24
karaosmanoğlu	3.24
karaçay	3.24
kardeşimizi	3.24
kartlarına	3.24
karınızı	3.24
karıştırılmış	3.24
karşılanan	3.24
karşılaştırmak	3.24
karşıtları	3.24
katlanabilir	3.24
katliamdan	3.24
katıdır	3.24
katılmaları	3.24
kavuşturan	3.24
kaybetmez	3.24
kayışı	3.24
kazandırmıştır	3.24
kazığı	3.24
kaçırmışım	3.24
kendilerinde	3.24
keramet	3.24
kervansaray	3.24
kesiciler	3.24
kesmeyin	3.24
kili	3.24
kilitleme	3.24
kiminin	3.24
kist	3.24
kitaplarım	3.24
klorür	3.24
klüp	3.24
koklamak	3.24
komada	3.24
kombin	3.24
kompresör	3.24
komutasında	3.24
komşuya	3.24
konfüçyüs	3.24
konserden	3.24
konulduğu	3.24
konuşursam	3.24
korel	3.24
kork	3.24
korktuğunu	3.24
korumaktır	3.24
korunduğu	3.24
kovulan	3.24
koyduğunuz	3.24
koşturan	3.24
koşucu	3.24
krediyi	3.24
kreş	3.24
kulağında	3.24
kullanabilen	3.24
kullanabilmek	3.24
kulüplerinden	3.24
kurallarla	3.24
kurulmasıyla	3.24
kuruluşlarından	3.24
kuruçeşme	3.24
kuruşu	3.24
köylerinden	3.24
külotlu	3.24
kürklü	3.24
kıyafetini	3.24
kızamık	3.24
lala	3.24
lazımmış	3.24
leah	3.24
learning	3.24
leopold	3.24
lerini	3.24
leğen	3.24
linkte	3.24
lisedeki	3.24
listelerinin	3.24
lonca	3.24
maaşlar	3.24
maceralarını	3.24
madalyasını	3.24
madenin	3.24
makinalar	3.24
makinelere	3.24
maksatlı	3.24
maksim	3.24
maliyetler	3.24
matbaacılık	3.24
mazi	3.24
melvin	3.24
merkezimizi	3.24
mesajım	3.24
mesajınız	3.24
metropolitan	3.24
meyvelerin	3.24
mezunudur	3.24
meşgulüm	3.24
meşrubat	3.24
michaels	3.24
micheal	3.24
miktarın	3.24
mile	3.24
minnacık	3.24
misafirlere	3.24
misyonunu	3.24
mom	3.24
motifi	3.24
münafık	3.24
mütercim	3.24
müzayede	3.24
mıydınız	3.24
nc	3.24
necmeddin	3.24
nedene	3.24
nehrine	3.24
nerdeydin	3.24
nerededir	3.24
nesiniz	3.24
neyimiz	3.24
nijeryalı	3.24
nikahı	3.24
nsa	3.24
nöbetleri	3.24
nüfuzlu	3.24
okumanız	3.24
olacagini	3.24
olayıyla	3.24
olgunlaşma	3.24
olive	3.24
olivier	3.24
olmadigi	3.24
olmasanız	3.24
oluşmaz	3.24
oluşturularak	3.24
oluşturulduğu	3.24
oluşturuyordu	3.24
operasyonlarının	3.24
operatörler	3.24
organlarına	3.24
ortaklığında	3.24
osmanlıların	3.24
otomobillerin	3.24
oyuk	3.24
oğula	3.24
palto	3.24
pandora	3.24
papazın	3.24
parçalarıyla	3.24
paylaştığın	3.24
peşindedir	3.24
plandadır	3.24
platformunun	3.24
polisini	3.24
politikacıların	3.24
pontus	3.24
pornografik	3.24
portakallı	3.24
portu	3.24
puanın	3.24
pulitzer	3.24
pıhtı	3.24
rahatlamaya	3.24
rakipsiz	3.24
realist	3.24
reklamlara	3.24
resimlerden	3.24
restoranında	3.24
review	3.24
revir	3.24
reytingler	3.24
rolex	3.24
romalıların	3.24
romana	3.24
rotterdam	3.24
saatli	3.24
safir	3.24
sair	3.24
salah	3.24
salma	3.24
sansüre	3.24
sarkık	3.24
satışında	3.24
savaşçıların	3.24
savrulan	3.24
saydı	3.24
saçlara	3.24
saçmalığa	3.24
sağlamdır	3.24
sağım	3.24
sebebiniz	3.24
secdeye	3.24
seferden	3.24
seferine	3.24
sele	3.24
selüloz	3.24
semavi	3.24
seninleyim	3.24
sepete	3.24
serhan	3.24
serttir	3.24
seslenir	3.24
sevgiliyi	3.24
seyyah	3.24
sidik	3.24
silahlanma	3.24
silik	3.24
simidi	3.24
siparişler	3.24
sirket	3.24
skorer	3.24
soccer	3.24
sonuçtan	3.24
sorularınız	3.24
soymaya	3.24
soyulmuş	3.24
soğuyor	3.24
standartlarında	3.24
status	3.24
stokes	3.24
stresini	3.24
süfyan	3.24
sünnete	3.24
süpersin	3.24
sürdüler	3.24
sürdürme	3.24
süreye	3.24
sürümünün	3.24
sürüyorum	3.24
sıkıntılara	3.24
sınavlarını	3.24
sınırlaması	3.24
sırat	3.24
sırma	3.24
sırtın	3.24
sığındığı	3.24
tabaklar	3.24
tacikistan	3.24
takriben	3.24
talisca	3.24
tamamlanarak	3.24
tanımadığını	3.24
tanımlamaya	3.24
tartışalım	3.24
tasfiyesi	3.24
tatillerde	3.24
tebeşir	3.24
teklife	3.24
temizlenecek	3.24
teorinin	3.24
tepelere	3.24
tepelerin	3.24
terketmek	3.24
terra	3.24
tetikler	3.24
tezleri	3.24
teçhizatı	3.24
titrek	3.24
toplanın	3.24
torbaları	3.24
trust	3.24
turn	3.24
tutuklanıp	3.24
tutunmak	3.24
tutuyorsunuz	3.24
tuşla	3.24
twist	3.24
türklerine	3.24
tüzün	3.24
ua	3.24
uluğ	3.24
uygunluğu	3.24
uyumaz	3.24
uyumuyor	3.24
uzanmak	3.24
uzlaşı	3.24
vakfına	3.24
varana	3.24
varmıştır	3.24
varoş	3.24
varılmıştır	3.24
vergiye	3.24
vesikalık	3.24
videodaki	3.24
volta	3.24
vuralım	3.24
vücud	3.24
vız	3.24
willard	3.24
woolf	3.24
yaklasik	3.24
yaklaşıma	3.24
yakınlaşmak	3.24
yalaka	3.24
yangınları	3.24
yanmıyor	3.24
yansın	3.24
yansıtma	3.24
yanılma	3.24
yanıyordu	3.24
yapmadığımız	3.24
yapmamaya	3.24
yaptırılmış	3.24
yaptıysanız	3.24
yaradığı	3.24
yararlanılarak	3.24
yaratması	3.24
yaratmıştı	3.24
yardımlarda	3.24
yasağına	3.24
yatıyordu	3.24
yazmakla	3.24
yazılımdır	3.24
yazısından	3.24
yazışmaları	3.24
yağın	3.24
yeniliyor	3.24
yerindeyse	3.24
yersiniz	3.24
yetmediği	3.24
yetmeyecek	3.24
yitirdim	3.24
yogun	3.24
yoksullar	3.24
yöneticinin	3.24
yönetmenler	3.24
yöntemlerinden	3.24
yükseltilmiş	3.24
yüreğime	3.24
yürüyüşünü	3.24
yüzükler	3.24
yıllarının	3.24
zeytinyağlı	3.24
zorlamayın	3.24
zum	3.24
à	3.24
âleminin	3.24
çalındığı	3.24
çalındığını	3.24
çalışmamızı	3.24
çalışmayla	3.24
çantamı	3.24
çarlık	3.24
çatışmadan	3.24
çektiren	3.24
çevrelerde	3.24
çevrilerek	3.24
çikolatalar	3.24
çocugu	3.24
çoğundan	3.24
çıkmasında	3.24
çırağı	3.24
önerilmektedir	3.24
önlemlerin	3.24
örgülü	3.24
örgüttür	3.24
özler	3.24
öğrendiğimde	3.24
öğrendiğin	3.24
öğrenimine	3.24
öğrenmiştir	3.24
üretilebilir	3.24
üretmeyi	3.24
ütopik	3.24
üzüntüsünü	3.24
ısa	3.24
şahika	3.24
şakaları	3.24
şangay	3.24
şefaat	3.24
şefkatle	3.24
şehrimize	3.24
şempanze	3.24
şikayetleri	3.24
şirketimiz	3.24
şirketinizin	3.24
şurup	3.24
şüpheci	3.24
account	3.23
act	3.23
acını	3.23
adini	3.23
ahıra	3.23
ahşaptan	3.23
akl	3.23
aktar	3.23
alibeyköy	3.23
amirim	3.23
amon	3.23
anlamının	3.23
anlatımlar	3.23
anlayacağı	3.23
apartmana	3.23
arabalı	3.23
aracımız	3.23
arapları	3.23
arasıra	3.23
arat	3.23
araştırmasında	3.23
arzı	3.23
arındırılmış	3.23
arının	3.23
arşivler	3.23
asansöre	3.23
ass	3.23
ataş	3.23
avluda	3.23
avrupanın	3.23
ayarlanır	3.23
ayarında	3.23
ayağıyla	3.23
ayaş	3.23
aydin	3.23
azaldıkça	3.23
açmadı	3.23
ağlarına	3.23
aşmaya	3.23
aşılama	3.23
babanla	3.23
bacağım	3.23
bade	3.23
bakmadı	3.23
baktınız	3.23
balat	3.23
balığının	3.23
banker	3.23
bantlar	3.23
bantlı	3.23
baptiste	3.23
basamakları	3.23
basılır	3.23
bataryaları	3.23
battığı	3.23
bavyera	3.23
başbakanım	3.23
başlığa	3.23
başrolünü	3.23
bebeklerim	3.23
beklenilen	3.23
bekçileri	3.23
belediyemizin	3.23
belirsizliği	3.23
belkıs	3.23
benı	3.23
beyazların	3.23
beynimiz	3.23
bilançosu	3.23
bild	3.23
bildiriler	3.23
bilendir	3.23
bileşenlerinin	3.23
bilgisayarına	3.23
bilgisiz	3.23
bilinmeyenler	3.23
binler	3.23
birikmesi	3.23
biriktirmek	3.23
birimize	3.23
bisikletin	3.23
bisikletli	3.23
bloğun	3.23
bohem	3.23
boklu	3.23
bokunu	3.23
bombaların	3.23
bomonti	3.23
borunun	3.23
boynumu	3.23
bozuntusu	3.23
bulsa	3.23
bulsak	3.23
bulu	3.23
bulunacağım	3.23
bulunana	3.23
bulunmadığından	3.23
buluşmaları	3.23
burjuvazi	3.23
buzu	3.23
bıçakları	3.23
cabuk	3.23
cansever	3.23
caps	3.23
carroll	3.23
cathy	3.23
cazibesi	3.23
cenazeleri	3.23
cennetine	3.23
cephelerde	3.23
chae	3.23
chevrolet	3.23
chocolate	3.23
christophe	3.23
cihazlarını	3.23
cilalı	3.23
ciltlik	3.23
cinayetinin	3.23
cisimleri	3.23
cornell	3.23
court	3.23
cudi	3.23
cübbeli	3.23
cümlesinin	3.23
cüzdanını	3.23
dahakine	3.23
dalgalanmalar	3.23
dantelli	3.23
dedeler	3.23
degisik	3.23
dehası	3.23
delegeler	3.23
deliriyorum	3.23
deriye	3.23
dersimiz	3.23
deseler	3.23
deseydim	3.23
devletimize	3.23
devrini	3.23
değerle	3.23
değerlendirerek	3.23
diktatörlüğü	3.23
dilekleri	3.23
dilimizde	3.23
dilimize	3.23
dilinizi	3.23
dinlemeden	3.23
dinleyiciler	3.23
direnişinin	3.23
direnişçiler	3.23
direnmeye	3.23
diyemiyorum	3.23
diyin	3.23
diyo	3.23
dizeleri	3.23
dişim	3.23
dok	3.23
dokulara	3.23
dokusunun	3.23
dokuya	3.23
dolandırıcılığı	3.23
dolanıp	3.23
dolaştım	3.23
dolum	3.23
dominant	3.23
doom	3.23
dostlarınız	3.23
dozunu	3.23
doğuma	3.23
durağa	3.23
duyamıyorum	3.23
dönsek	3.23
dönüyorsun	3.23
dönüşmesini	3.23
dönüştürecek	3.23
dövdüler	3.23
döverim	3.23
dövülerek	3.23
düsseldorf	3.23
düzeltilmiş	3.23
düzenek	3.23
düzenlediğimiz	3.23
düzenlemesini	3.23
düzensizlik	3.23
düşersen	3.23
düşüncesiz	3.23
düşündüğümde	3.23
düşüneyim	3.23
düşürülmüş	3.23
edebilmektedir	3.23
edememiş	3.23
edendir	3.23
edermiş	3.23
edmond	3.23
emirlerin	3.23
emrindeki	3.23
enerjiyle	3.23
engels	3.23
eniştem	3.23
erkektir	3.23
eserinden	3.23
esp	3.23
eteğinde	3.23
etiketleme	3.23
etmeksizin	3.23
etmiyorsa	3.23
evcilik	3.23
evlerimize	3.23
evvelki	3.23
ezer	3.23
eşlerini	3.23
faiziyle	3.23
farklılıklara	3.23
farzdır	3.23
faye	3.23
federico	3.23
felsefeyi	3.23
fesh	3.23
fiesta	3.23
fikirdeyim	3.23
filtreleri	3.23
finalist	3.23
finallere	3.23
firmalara	3.23
firuze	3.23
floresan	3.23
formülleri	3.23
fotoğrafına	3.23
frozen	3.23
fırlatıp	3.23
fırının	3.23
gecikmesi	3.23
geleceğiniz	3.23
gelişinde	3.23
gelmiyordu	3.23
genişlemiş	3.23
genişlikte	3.23
gerçekmiş	3.23
getirirse	3.23
geçireceğim	3.23
geçmesinin	3.23
gideceğiniz	3.23
gillian	3.23
giremedi	3.23
giris	3.23
girişimlerine	3.23
girişimlerini	3.23
girişten	3.23
grubum	3.23
gökler	3.23
gömdü	3.23
görmüyorlar	3.23
görünürler	3.23
görüyordum	3.23
gösterdin	3.23
göstereceğini	3.23
gözlenmektedir	3.23
gözlerimde	3.23
gözlerinize	3.23
gülse	3.23
gümbür	3.23
güncellenen	3.23
güneybatısında	3.23
gürgen	3.23
güçlenir	3.23
güçlerimiz	3.23
güçlüydü	3.23
hafiftir	3.23
hagen	3.23
halklarına	3.23
halo	3.23
hanımefendinin	3.23
hararetli	3.23
hareketliliği	3.23
hasıl	3.23
hayatini	3.23
hayvancılıkla	3.23
hazımsızlık	3.23
hazırlanmaktadır	3.23
hazırlığında	3.23
haçlıların	3.23
helene	3.23
hesabınızı	3.23
hesabıyla	3.23
hijyenik	3.23
hipotez	3.23
hissesini	3.23
hiçbirisi	3.23
hocalardan	3.23
homoseksüel	3.23
hususta	3.23
hâkimler	3.23
hâliyle	3.23
hükmen	3.23
hükümetle	3.23
hümeyra	3.23
hüsn	3.23
hızlandırır	3.23
iblisi	3.23
ihtiyacına	3.23
ikmali	3.23
ilginize	3.23
ilhak	3.23
ilmini	3.23
ilâ	3.23
image	3.23
imzalaması	3.23
imzalanmıştır	3.23
imzaları	3.23
imzaya	3.23
inandırmak	3.23
inanıyorsanız	3.23
incesu	3.23
inciler	3.23
indirilmiştir	3.23
indirmeyi	3.23
inişli	3.23
inmiştir	3.23
isem	3.23
istasyonunu	3.23
istediklerinde	3.23
istediyse	3.23
istemediklerini	3.23
istemiyorsunuz	3.23
istendiği	3.23
isteyeceksiniz	3.23
istinaf	3.23
itinayla	3.23
izlenmeye	3.23
izlenmiştir	3.23
izleyeceksiniz	3.23
jandarmaya	3.23
jess	3.23
jumbo	3.23
jump	3.23
kabloyu	3.23
kadınına	3.23
kafeler	3.23
kahramanlarından	3.23
kalabilen	3.23
kalecik	3.23
kalemim	3.23
kalkmayın	3.23
kalkıyoruz	3.23
kalmakla	3.23
kalınlıkta	3.23
kampanyanın	3.23
kamptan	3.23
kanıta	3.23
kapaklar	3.23
kapalıçarşı	3.23
kapitalizmi	3.23
kapıp	3.23
karabasan	3.23
karaciğeri	3.23
kararmış	3.23
kardeşlere	3.23
kardiyoloji	3.23
karede	3.23
karelik	3.23
karıma	3.23
karına	3.23
kasabadaki	3.23
kasasında	3.23
katarakt	3.23
kategorilere	3.23
katmış	3.23
katılmasına	3.23
katılıyoruz	3.23
kavuşuyor	3.23
kayabaşı	3.23
kayağı	3.23
kaybederim	3.23
kaybedildi	3.23
kaybetmem	3.23
kazanacaksın	3.23
kazanmaktan	3.23
kaçmıştır	3.23
kaçık	3.23
kaçıyorlar	3.23
kaşları	3.23
kebir	3.23
kelkit	3.23
kem	3.23
keseli	3.23
keserler	3.23
kesinleşmiş	3.23
keşfetme	3.23
kia	3.23
kilitler	3.23
kimliğe	3.23
kimyager	3.23
kirlenme	3.23
kizlar	3.23
klasman	3.23
klipler	3.23
konacak	3.23
kongresine	3.23
konstantin	3.23
konuşabiliriz	3.23
konuşayım	3.23
konuşmanızı	3.23
konuştuklarını	3.23
konuştuğunda	3.23
kopyalarını	3.23
korumam	3.23
kovalar	3.23
koyarsın	3.23
koşullarından	3.23
kristali	3.23
kriterlere	3.23
kulesine	3.23
kullananların	3.23
kullanmakla	3.23
kullanıyordum	3.23
kulüplerinde	3.23
kumun	3.23
kurulduktan	3.23
kurumlardan	3.23
kuruyorsun	3.23
kusuruma	3.23
kâğıtları	3.23
kökenleri	3.23
köprüsünün	3.23
köşesini	3.23
kürekle	3.23
kınayan	3.23
kırıklar	3.23
kısıtlaması	3.23
kıtasının	3.23
kızınız	3.23
leeds	3.23
lisesinin	3.23
lodos	3.23
lokantada	3.23
loş	3.23
lte	3.23
luisa	3.23
lulu	3.23
lüksü	3.23
maaşla	3.23
maliki	3.23
malım	3.23
manastırın	3.23
maskenin	3.23
materyalin	3.23
mazlumların	3.23
maçtaki	3.23
melda	3.23
meredith	3.23
mersinli	3.23
mesafesinde	3.23
metne	3.23
mevzuyu	3.23
meyvenin	3.23
michele	3.23
minerallerin	3.23
minyon	3.23
misak	3.23
modacı	3.23
morales	3.23
motorsiklet	3.23
muhasebesi	3.23
münasebet	3.23
müşterilerini	3.23
nadal	3.23
nasuh	3.23
nepal	3.23
nesnelere	3.23
newcastle	3.23
nimetler	3.23
nöbetler	3.23
nüfusunu	3.23
obez	3.23
ocaklar	3.23
odaklanır	3.23
odanıza	3.23
okuldayken	3.23
olaf	3.23
olmas	3.23
olmasaydım	3.23
olmasina	3.23
olsen	3.23
olum	3.23
olumsuzluk	3.23
olurmusunuz	3.23
oluşturulmasını	3.23
onlarında	3.23
ortaklarından	3.23
ortağım	3.23
ortopedi	3.23
oruçlu	3.23
otelcilik	3.23
otların	3.23
otoritenin	3.23
oturduğunu	3.23
oynadığınız	3.23
pakette	3.23
parçalama	3.23
penisilin	3.23
pervasız	3.23
pik	3.23
planlıyordu	3.23
plastikten	3.23
polyester	3.23
pozisyonlarda	3.23
prensesler	3.23
projesinden	3.23
protokoller	3.23
puanların	3.23
puanım	3.23
pırasa	3.23
radyasyonu	3.23
radyolar	3.23
rahata	3.23
randolph	3.23
renginden	3.23
replik	3.23
roketler	3.23
romanının	3.23
rome	3.23
rosemary	3.23
rss	3.23
rumen	3.23
saatiyle	3.23
sahibe	3.23
sai	3.23
saklanarak	3.23
sala	3.23
sanatçılardan	3.23
sanatçılarından	3.23
sanatçılarının	3.23
sandalyeden	3.23
sansürsüz	3.23
sansürü	3.23
saptandı	3.23
saptanması	3.23
sarayının	3.23
savaşlarının	3.23
savunmasının	3.23
sayalım	3.23
saymayı	3.23
schwartz	3.23
seba	3.23
sebebimiz	3.23
second	3.23
sektörünü	3.23
serebral	3.23
servisin	3.23
seslerinin	3.23
sevgilime	3.23
sevmediğimi	3.23
sevmenin	3.23
sevmezsin	3.23
sexi	3.23
seçildikten	3.23
sh	3.23
sikin	3.23
silahım	3.23
sinirlenir	3.23
sitelerinden	3.23
sokmayı	3.23
sonlara	3.23
sonsuzdur	3.23
sorgula	3.23
sorgulamadan	3.23
sormam	3.23
sorumlular	3.23
sorunda	3.23
soykırıma	3.23
sunuculuk	3.23
suçlanıyor	3.23
suçlara	3.23
söylediklerim	3.23
süratli	3.23
sürmesine	3.23
sürüngenler	3.23
sıkışma	3.23
sırta	3.23
tahsili	3.23
tahsilini	3.23
takımımıza	3.23
tanrıverdi	3.23
tanımayı	3.23
tanışalım	3.23
taraftarlarını	3.23
tarihçilerin	3.23
tarihçisi	3.23
tartışırken	3.23
tarza	3.23
tasarımlarını	3.23
tasarımıyla	3.23
tasavvufi	3.23
tavşanlar	3.23
taşınıp	3.23
tedavide	3.23
tekeli	3.23
telefonumun	3.23
temizdir	3.23
terimin	3.23
terkedip	3.23
tesettürlü	3.23
testlere	3.23
teşvikiye	3.23
thornton	3.23
tirmizi	3.23
tolunay	3.23
toparlamak	3.23
tophane	3.23
topların	3.23
training	3.23
tutanlar	3.23
tutmalı	3.23
tuttun	3.23
tutumları	3.23
töreniyle	3.23
tüketilir	3.23
türkiyeye	3.23
tüylerini	3.23
ulaşabilirsin	3.23
ulaşabiliyor	3.23
ulaştıktan	3.23
underwood	3.23
uyarın	3.23
uykusundan	3.23
uzatıyor	3.23
uzmanlarının	3.23
uzunluğunu	3.23
uçaklarını	3.23
uğramıştı	3.23
uğraştık	3.23
vahşeti	3.23
vakada	3.23
vakalarının	3.23
vaktinden	3.23
vaktinizi	3.23
value	3.23
varsayarsak	3.23
varıldı	3.23
varıp	3.23
veremedi	3.23
veremeyiz	3.23
vermenize	3.23
videodan	3.23
winters	3.23
xiaomi	3.23
yakalayacak	3.23
yaklaşımdır	3.23
yalar	3.23
yandık	3.23
yanılsama	3.23
yanığı	3.23
yapmazsanız	3.23
yaptıklarında	3.23
yapıldığından	3.23
yapıtları	3.23
yaralanmıştır	3.23
yaralıları	3.23
yararlanır	3.23
yaratmaktadır	3.23
yargılar	3.23
yarınlar	3.23
yataklarında	3.23
yatalak	3.23
yatır	3.23
yatış	3.23
yavrunun	3.23
yaylaya	3.23
yayıldığını	3.23
yayımlayan	3.23
yayınlanmasını	3.23
yayınlarının	3.23
yazılmamış	3.23
yazılımının	3.23
yağmaya	3.23
yaşayacağı	3.23
yemeklere	3.23
yemeklerinden	3.23
yendik	3.23
yenildiği	3.23
yeniliğe	3.23
yeniçağ	3.23
yerleştirip	3.23
yerse	3.23
yetisi	3.23
ying	3.23
yollayan	3.23
yorumla	3.23
yuvalarını	3.23
yükümlüdür	3.23
yürümüş	3.23
yürütmenin	3.23
yıkayın	3.23
yılana	3.23
zekalılar	3.23
zenginim	3.23
zimmet	3.23
zincirinde	3.23
ziyaretin	3.23
zuhur	3.23
çalgılar	3.23
çalışacaksınız	3.23
çalışanlarından	3.23
çaydanlık	3.23
çayları	3.23
çayının	3.23
çağrıları	3.23
çeneni	3.23
çevirdik	3.23
çil	3.23
çizgiden	3.23
çiçeklerini	3.23
çocuğumuzun	3.23
çoktu	3.23
çorapları	3.23
çoğulcu	3.23
çöplüğe	3.23
çözümüne	3.23
çıkacaklar	3.23
çıkardığınız	3.23
çıkarmanız	3.23
çıkarmıyor	3.23
çıkarınca	3.23
çıkmazı	3.23
ödenir	3.23
ödevler	3.23
öldürmüştür	3.23
öldüğüm	3.23
öncekiler	3.23
önemsiyor	3.23
önerisiyle	3.23
öss	3.23
özetlenebilir	3.23
özkaya	3.23
özlüyorsun	3.23
öğrencilerim	3.23
öğretin	3.23
ülgen	3.23
ünlem	3.23
ünsüz	3.23
üyesiyim	3.23
üzüntülü	3.23
ık	3.23
ısıtacak	3.23
ısıtan	3.23
ıvır	3.23
şakacı	3.23
şaraba	3.23
şartta	3.23
şehr	3.23
şekillendiren	3.23
şema	3.23
şiddetinde	3.23
şiddette	3.23
şubesinde	3.23
şüphelilerin	3.23
affetmez	3.22
akademisyenlere	3.22
aklımızdan	3.22
aksamlar	3.22
aktarılmış	3.22
akyurt	3.22
alaeddin	3.22
albümle	3.22
aldatmaya	3.22
aldığınızı	3.22
aletinin	3.22
alexandre	3.22
aleyhisselam	3.22
almada	3.22
almanyada	3.22
almasıdır	3.22
alphonse	3.22
alınanlar	3.22
alıyormuş	3.22
amcaya	3.22
amme	3.22
anketlerde	3.22
anlamıştı	3.22
anlatırsın	3.22
anlayabiliriz	3.22
anliyorum	3.22
aracından	3.22
aradın	3.22
aralığını	3.22
aramanın	3.22
arayanlara	3.22
arazilerde	3.22
ardeşen	3.22
arkadaşlığın	3.22
arkadaşıydı	3.22
arkanızdan	3.22
arkas	3.22
arması	3.22
artrit	3.22
arttırın	3.22
artırabilir	3.22
arzusuyla	3.22
asagi	3.22
asala	3.22
ashton	3.22
askerlerimizin	3.22
astrid	3.22
ateşkesi	3.22
ati	3.22
atiye	3.22
atomlar	3.22
atılmasına	3.22
atışlar	3.22
azizler	3.22
açıklanıyor	3.22
ağırlayan	3.22
bacaklarına	3.22
bacım	3.22
bahsedilir	3.22
bai	3.22
bakmasın	3.22
baktıktan	3.22
barkod	3.22
basi	3.22
basil	3.22
batarken	3.22
bateri	3.22
batma	3.22
bayramoğlu	3.22
bazılarıdır	3.22
bağdadi	3.22
bağlamaya	3.22
başladığınız	3.22
başlamıştık	3.22
başpiskopos	3.22
beast	3.22
belirlemede	3.22
belirtilerini	3.22
bend	3.22
benzerini	3.22
berkeley	3.22
beyazın	3.22
bildiklerimi	3.22
bildirmektedir	3.22
biletin	3.22
bilgen	3.22
birleşmeye	3.22
birleştir	3.22
birseyler	3.22
bitenler	3.22
biterken	3.22
bitimi	3.22
bizanslılar	3.22
bizdik	3.22
biçme	3.22
boyaları	3.22
bozmaz	3.22
boğarak	3.22
brewster	3.22
brother	3.22
budala	3.22
bulamadılar	3.22
bulandı	3.22
bullak	3.22
buluşlar	3.22
buluşmasını	3.22
burçak	3.22
buyurdular	3.22
buçukta	3.22
böyleyse	3.22
bütçeyi	3.22
bıldırcın	3.22
bırakmışlar	3.22
bşb	3.22
caddeleri	3.22
caleb	3.22
canlıyı	3.22
celalettin	3.22
celâl	3.22
cesaretiniz	3.22
charter	3.22
child	3.22
chow	3.22
cini	3.22
clear	3.22
columbus	3.22
comic	3.22
connect	3.22
cümleyle	3.22
daireden	3.22
dairesinden	3.22
dalgalanan	3.22
damlasına	3.22
darbesinden	3.22
davam	3.22
dayanışmanın	3.22
dediklerin	3.22
demba	3.22
demedik	3.22
denemekten	3.22
desteklenmiş	3.22
destekleyenler	3.22
destekçi	3.22
detaya	3.22
devil	3.22
deviren	3.22
devletlerinde	3.22
devrimler	3.22
değerlerimizi	3.22
değiştirirken	3.22
diaspora	3.22
diktim	3.22
dilediğine	3.22
dilimine	3.22
direktörlüğü	3.22
diske	3.22
dokümantasyon	3.22
dolandırıcılar	3.22
dona	3.22
donanıma	3.22
doğruydu	3.22
drop	3.22
dsö	3.22
duracağını	3.22
duruşuna	3.22
dustin	3.22
duyduktan	3.22
duygularımla	3.22
döneceği	3.22
dönene	3.22
dünyalara	3.22
dünyamızda	3.22
düşmandan	3.22
düşmekte	3.22
düşündüğümü	3.22
düşünülmüştür	3.22
eastwood	3.22
edeb	3.22
edeceğimi	3.22
edilmemeli	3.22
efsanenin	3.22
eklentileri	3.22
ekonomideki	3.22
engelleyebilir	3.22
engineering	3.22
ense	3.22
enstitüsünde	3.22
eos	3.22
eserlerle	3.22
etinin	3.22
etmedikleri	3.22
etmemize	3.22
evreleri	3.22
eşitliğin	3.22
eşkiya	3.22
farkındaydı	3.22
farrell	3.22
fer	3.22
fethullahçı	3.22
fikrimiz	3.22
fry	3.22
fırsattır	3.22
fıtık	3.22
gazileri	3.22
gazino	3.22
geceyle	3.22
gelebiliyor	3.22
gelinliği	3.22
gelişiyle	3.22
geliştirip	3.22
gelmis	3.22
germain	3.22
germe	3.22
gerze	3.22
gerçekliğini	3.22
gerçeğiyle	3.22
getirmektir	3.22
geçebiliriz	3.22
geçirmenin	3.22
gibbons	3.22
giderildi	3.22
graves	3.22
grove	3.22
göm	3.22
gömülür	3.22
görü	3.22
görünsün	3.22
görüntüde	3.22
görüntülerde	3.22
götüme	3.22
gözyaşlarıyla	3.22
göçmeni	3.22
göçüp	3.22
gülbahar	3.22
güllerin	3.22
gülümsemek	3.22
günahlarımızı	3.22
gündüzü	3.22
günübirlik	3.22
günümün	3.22
güzelliğinin	3.22
hainin	3.22
haldedir	3.22
halletmek	3.22
hapishanenin	3.22
hastalıklarda	3.22
hatırlarsınız	3.22
hatırlayacak	3.22
hayaliyle	3.22
hayatlarımız	3.22
hayden	3.22
hayr	3.22
helenistik	3.22
hernandez	3.22
hisselerin	3.22
hissettirdi	3.22
hitman	3.22
hiçbiriniz	3.22
hocalık	3.22
holloway	3.22
hume	3.22
huşu	3.22
hücresine	3.22
hırsızlığa	3.22
hızından	3.22
ibadethane	3.22
ice	3.22
iddianamede	3.22
ikinciliği	3.22
ilişkinizi	3.22
ilkelere	3.22
imparatorluğunu	3.22
inandığınız	3.22
inanmazdım	3.22
insafsız	3.22
islamda	3.22
isleri	3.22
istasyonlar	3.22
istemesine	3.22
istenildiği	3.22
isteyeceğim	3.22
istikrarsız	3.22
ittifakına	3.22
izlemektedir	3.22
izleyenlerin	3.22
içmeyin	3.22
işleniyor	3.22
işsizliği	3.22
jetleri	3.22
jing	3.22
johanna	3.22
johannes	3.22
juno	3.22
kafada	3.22
kalbimiz	3.22
kalbimizde	3.22
kaldırılacak	3.22
kalender	3.22
kalkarken	3.22
kalkmam	3.22
kalmadık	3.22
kalıba	3.22
kanık	3.22
kapatacağız	3.22
kapılarının	3.22
karadenizli	3.22
kardeşlerden	3.22
kardeştir	3.22
karışımını	3.22
karşınızdayız	3.22
katkılardan	3.22
katliamların	3.22
katılımcının	3.22
katılımla	3.22
katılımın	3.22
kayadan	3.22
kaybetmemiş	3.22
kaydında	3.22
kaydının	3.22
kayınpederi	3.22
kazanamayan	3.22
kazandırmış	3.22
kazanırım	3.22
kendrick	3.22
kesimlere	3.22
kilisesinin	3.22
kodumun	3.22
kollarım	3.22
kollayan	3.22
kombinasyonları	3.22
konferansları	3.22
konması	3.22
konseptini	3.22
konusma	3.22
konusuydu	3.22
konuşmalarına	3.22
kopup	3.22
koyunları	3.22
kraldan	3.22
krallığını	3.22
kramp	3.22
kt	3.22
kulis	3.22
kullanırdı	3.22
kurabiyesi	3.22
kurulmasında	3.22
kurulunu	3.22
kuruluşa	3.22
kuyruğa	3.22
kuytu	3.22
kwon	3.22
köpekten	3.22
köpüğü	3.22
kötülerin	3.22
kötüleşti	3.22
kötüsün	3.22
küresi	3.22
kısıtlamaları	3.22
kıtlığı	3.22
kıtır	3.22
kıyaslama	3.22
lafına	3.22
lansmanı	3.22
lea	3.22
lekesiz	3.22
liderine	3.22
lifleri	3.22
liglerde	3.22
lim	3.22
listelere	3.22
lunapark	3.22
maine	3.22
makaleye	3.22
manzaranın	3.22
marketing	3.22
markus	3.22
merhametsiz	3.22
merkezimiz	3.22
mey	3.22
mezarından	3.22
mezhebine	3.22
miki	3.22
modayı	3.22
modelinden	3.22
modellere	3.22
modülleri	3.22
muameleyi	3.22
mucizelere	3.22
muska	3.22
mutludur	3.22
mynet	3.22
mösyö	3.22
müdahaleler	3.22
müfettişleri	3.22
müminin	3.22
müsabakası	3.22
müşfik	3.22
nazarbayev	3.22
nehirleri	3.22
neolitik	3.22
neşesi	3.22
nikolai	3.22
niteliklere	3.22
niteliklerini	3.22
notebook	3.22
ofset	3.22
okuyordum	3.22
olabileceklerini	3.22
olmasalar	3.22
oluşturulmasında	3.22
omurgalı	3.22
oralar	3.22
oralardan	3.22
ortağıdır	3.22
otomatikman	3.22
ottoman	3.22
oturmaktan	3.22
oynamanın	3.22
oynandığı	3.22
oynatan	3.22
oğlumla	3.22
oğullarına	3.22
oğullarından	3.22
paneller	3.22
paralara	3.22
paralellik	3.22
parmaklıklar	3.22
parmağında	3.22
parodi	3.22
parçalanıyor	3.22
parçalayan	3.22
parçasında	3.22
patlatma	3.22
patrik	3.22
pdr	3.22
pearce	3.22
pedagojik	3.22
pelerin	3.22
pencerelerin	3.22
perili	3.22
phelps	3.22
piyasayı	3.22
planlanmıştır	3.22
podyum	3.22
por	3.22
poseidon	3.22
potansiyelinin	3.22
problemli	3.22
prosedürler	3.22
protestosu	3.22
prusya	3.22
pusuda	3.22
putperest	3.22
püskürtme	3.22
raj	3.22
rama	3.22
raporunun	3.22
referandumla	3.22
reşadiye	3.22
rivayetler	3.22
ruben	3.22
rüyanızda	3.22
sadist	3.22
saflarına	3.22
saglık	3.22
saldırıdır	3.22
santraller	3.22
sarmaya	3.22
sarıldım	3.22
satması	3.22
savaşıp	3.22
selamlarımı	3.22
seli	3.22
seneca	3.22
servo	3.22
seslerden	3.22
sestir	3.22
sevenlere	3.22
sevgilinle	3.22
sevginizi	3.22
seyircileri	3.22
seyircisiz	3.22
seyirlik	3.22
seyrini	3.22
sezonuyla	3.22
seçiminin	3.22
sikip	3.22
silinip	3.22
silmiş	3.22
silsilesi	3.22
sokması	3.22
sonbaharın	3.22
sondaki	3.22
sonuçlardan	3.22
sorduklarında	3.22
sorundan	3.22
soruşturmaları	3.22
soyları	3.22
soyledi	3.22
soymak	3.22
squad	3.22
statta	3.22
subayın	3.22
suçlandı	3.22
söylediklerin	3.22
söyleyeceğiz	3.22
süreciyle	3.22
süreçlerinin	3.22
sürükledi	3.22
sürükleyerek	3.22
sürülmüştür	3.22
sızdırıldı	3.22
tabanından	3.22
tablodaki	3.22
takipçilerine	3.22
takılması	3.22
takımdır	3.22
taleplerine	3.22
tanri	3.22
tanımla	3.22
tanınmasını	3.22
taraflara	3.22
taraflarını	3.22
tarikatın	3.22
tarzlarını	3.22
tasarımda	3.22
tasarısını	3.22
tatlıtuğ	3.22
taşıtı	3.22
tekelci	3.22
teknolojilerini	3.22
teknolojilerinin	3.22
tepkilerini	3.22
tepkisine	3.22
tepkiye	3.22
terrence	3.22
teröristlerce	3.22
tiryaki	3.22
tis	3.22
tiyatrosunun	3.22
topyekûn	3.22
tornavida	3.22
tube	3.22
tutkum	3.22
tutukluluk	3.22
tüketicilerin	3.22
tüysüz	3.22
tırtıl	3.22
ulaşıma	3.22
umay	3.22
unutamıyorum	3.22
used	3.22
uykuyu	3.22
uymadı	3.22
uyuyacak	3.22
uçağında	3.22
uğraşmayın	3.22
vahit	3.22
vasıfsız	3.22
vatandaşlığına	3.22
veremediğim	3.22
veremezsiniz	3.22
veremiyoruz	3.22
vergilendirme	3.22
verilemez	3.22
verirsem	3.22
vivian	3.22
vlad	3.22
vogue	3.22
weir	3.22
yakinda	3.22
yaklaşmaya	3.22
yaktık	3.22
yamada	3.22
yamato	3.22
yansıtmak	3.22
yansıtıcı	3.22
yanımızdan	3.22
yapmayız	3.22
yapsalar	3.22
yaptırmayı	3.22
yapılarında	3.22
yapılaşma	3.22
yapımlar	3.22
yarda	3.22
yargılanıyor	3.22
yatırımın	3.22
yayıncılar	3.22
yayınlara	3.22
yağmurları	3.22
yaşamla	3.22
yaşantısını	3.22
yenigün	3.22
yenilmesi	3.22
yerleşkesinde	3.22
yerleştirildiği	3.22
yetersizlik	3.22
yiğitlik	3.22
yolcuya	3.22
yoğunlaşmış	3.22
yukardaki	3.22
yutar	3.22
yuvalar	3.22
yönetmesi	3.22
yönteminde	3.22
yüklem	3.22
yüklerin	3.22
yükseklerde	3.22
yüzsüz	3.22
yüzümün	3.22
yılanların	3.22
zirvesini	3.22
çabasıyla	3.22
çalıyorum	3.22
çalıştayı	3.22
çalıştınız	3.22
çantaya	3.22
çaremiz	3.22
çarpışmaya	3.22
çatlamış	3.22
çatışan	3.22
çekecektir	3.22
çekiminde	3.22
çekimini	3.22
çekimser	3.22
çekirdeğin	3.22
çekmeyin	3.22
çekmişler	3.22
çektiniz	3.22
çevremizde	3.22
çiftliğe	3.22
çizgilerin	3.22
çiçeğim	3.22
çoğalıyor	3.22
çözdük	3.22
çözeltisi	3.22
çözülebilir	3.22
çıkabileceğini	3.22
çıkanların	3.22
çıkarılmasına	3.22
çıkmaktan	3.22
ödüllerin	3.22
öldürmenin	3.22
öldürülmüştür	3.22
öncülerinden	3.22
önderliğindeki	3.22
örgütüyle	3.22
örneklerle	3.22
öylesi	3.22
özetledi	3.22
özverili	3.22
öğrendiklerini	3.22
öğrenmesini	3.22
üzeyir	3.22
üzülen	3.22
üzülmez	3.22
ıngilizce	3.22
ırmağının	3.22
ıse	3.22
ısındı	3.22
ısırık	3.22
ısıtmak	3.22
şahsında	3.22
şansınızı	3.22
şarampole	3.22
şaraplar	3.22
şehirlerine	3.22
şekerci	3.22
şekerleri	3.22
şekillenen	3.22
şeridinde	3.22
şeyhler	3.22
şifremi	3.22
şuuru	3.22
şöhretli	3.22
abimiz	3.21
ablama	3.21
acelem	3.21
adaylarından	3.21
akademiye	3.21
akrepler	3.21
aktörleri	3.21
akvaryumu	3.21
akşamına	3.21
aldatmaca	3.21
aldırmaz	3.21
aleksandr	3.21
alevileri	3.21
alf	3.21
alimlerin	3.21
alkışlarla	3.21
altin	3.21
altınla	3.21
altınoluk	3.21
altıparmak	3.21
alıkoyan	3.21
alınamadı	3.21
alıngan	3.21
alıntıdır	3.21
ambrose	3.21
amcığı	3.21
anahtarlarını	3.21
analisti	3.21
anlamazlar	3.21
anlaşmazlığa	3.21
anlıyorlar	3.21
antioksidan	3.21
aradıklarını	3.21
arayacağım	3.21
arel	3.21
aristokrat	3.21
artırımı	3.21
atabilirsin	3.21
atsan	3.21
aycan	3.21
ayrıcalıklar	3.21
ayrılanlar	3.21
ayrılıyorum	3.21
ayrıntısına	3.21
aysan	3.21
açıklamalarından	3.21
açıklanmaktadır	3.21
açıköğretim	3.21
ağlaması	3.21
aşamasının	3.21
aşikâr	3.21
aşıktım	3.21
bademli	3.21
bahçeyi	3.21
bakanımızın	3.21
bakiye	3.21
bakışlı	3.21
banknotlar	3.21
barındırma	3.21
baskıdan	3.21
bastırma	3.21
bastırıp	3.21
başarısızlığın	3.21
başbakanımızın	3.21
başkomutanı	3.21
başlığına	3.21
bebeklerini	3.21
beceriler	3.21
bedeninden	3.21
bekarlığa	3.21
beklemenin	3.21
belada	3.21
belirleneceği	3.21
belirttim	3.21
benton	3.21
ber	3.21
besteler	3.21
beyninden	3.21
bildirdiği	3.21
bildirileri	3.21
bileceksiniz	3.21
biletimi	3.21
binasından	3.21
binici	3.21
birleşiminden	3.21
birleşmek	3.21
birleştiğinde	3.21
bis	3.21
bitirici	3.21
bitiriyoruz	3.21
biyologlar	3.21
bobo	3.21
bolum	3.21
bombardımanı	3.21
boztepe	3.21
bozukluğun	3.21
boşandıktan	3.21
branşlar	3.21
bulamadın	3.21
bulaştığı	3.21
bulunduktan	3.21
bulundurularak	3.21
bulundurur	3.21
buluyordu	3.21
bunak	3.21
bunalımı	3.21
bölerek	3.21
büyüdüğünde	3.21
büyüttüm	3.21
bıkmış	3.21
cak	3.21
carolyn	3.21
carrier	3.21
cenabı	3.21
cesetlerin	3.21
cezaevleri	3.21
cheryl	3.21
chick	3.21
ciltli	3.21
cinema	3.21
clifford	3.21
coral	3.21
crash	3.21
cümleye	3.21
cüneyd	3.21
dag	3.21
dali	3.21
dalıyor	3.21
dansöz	3.21
darısı	3.21
davetine	3.21
davidson	3.21
dağıt	3.21
dediyse	3.21
deformasyon	3.21
demirbaş	3.21
demode	3.21
denemez	3.21
denerim	3.21
dengeleme	3.21
dengesinin	3.21
denktaş	3.21
deplasmanına	3.21
depolanan	3.21
dereler	3.21
derinliğine	3.21
deveci	3.21
devralan	3.21
devredilen	3.21
dezavantajlı	3.21
değ	3.21
değişiminin	3.21
dieter	3.21
diker	3.21
diksiyon	3.21
ding	3.21
dirlik	3.21
display	3.21
dizilere	3.21
dizinde	3.21
dizlerinin	3.21
diğerlerinde	3.21
dişimi	3.21
dolaylarında	3.21
dostlukları	3.21
doğuracak	3.21
dudaklarımı	3.21
duo	3.21
duramazsın	3.21
durduramıyorum	3.21
durmayan	3.21
durursa	3.21
dönüşme	3.21
dönüşmüştü	3.21
dönüşümünü	3.21
dövüyor	3.21
dünyaların	3.21
dünyan	3.21
düzeltecek	3.21
düzenlemelere	3.21
düzenlemelerin	3.21
düşüşünü	3.21
dıye	3.21
edebilirdi	3.21
edecekmiş	3.21
egemenliğin	3.21
ehil	3.21
ekmekle	3.21
elbetteki	3.21
electra	3.21
elektrolit	3.21
elemanlarını	3.21
eleştirilerini	3.21
eleştiriyor	3.21
elisabeth	3.21
endişelenmeyin	3.21
endüstride	3.21
enerjimi	3.21
engellenen	3.21
ergenç	3.21
erteledi	3.21
ertelenmesi	3.21
esrarı	3.21
etiketine	3.21
etkileyeceğini	3.21
etkinlikle	3.21
etmediğiniz	3.21
etmis	3.21
etmişse	3.21
etnografya	3.21
etrafıma	3.21
eureka	3.21
evle	3.21
evlenince	3.21
evlilikle	3.21
evolution	3.21
eylemdir	3.21
eymen	3.21
eğimi	3.21
eşitliğini	3.21
fakülteler	3.21
fakültenin	3.21
familyasından	3.21
farelerin	3.21
farklıyım	3.21
farkındadır	3.21
fesih	3.21
fikriyle	3.21
fiziğe	3.21
fiziğin	3.21
foundation	3.21
fuarına	3.21
gazetelerden	3.21
gecti	3.21
geleceğinizi	3.21
gelindi	3.21
geline	3.21
gelişmelerle	3.21
gelmese	3.21
genelge	3.21
genesis	3.21
genişletmeye	3.21
gerçekleşmesine	3.21
gerçekleşmez	3.21
gerçekleştirdiğimiz	3.21
getirdiğinde	3.21
geyikli	3.21
geçirildiği	3.21
geçirilmesini	3.21
geçiriyorlar	3.21
geçişine	3.21
geçmediğini	3.21
geçmemesi	3.21
geçtikleri	3.21
gidiliyor	3.21
girişti	3.21
girmiştim	3.21
glory	3.21
gorki	3.21
göksun	3.21
gölgeleri	3.21
gönderilerek	3.21
gönderirler	3.21
göremediğim	3.21
görünüyorum	3.21
görüşmesini	3.21
görüşmüş	3.21
görüşünde	3.21
görüşünüz	3.21
gösterebiliriz	3.21
gürültüden	3.21
güvenlikle	3.21
güvenmeyin	3.21
hacmine	3.21
hafızanın	3.21
hamleler	3.21
hanim	3.21
harb	3.21
harcamalarını	3.21
hastalıklarla	3.21
hastalıklarından	3.21
hatırasına	3.21
haya	3.21
hayallerimiz	3.21
hedeflerinin	3.21
herkesçe	3.21
hicran	3.21
hijyeni	3.21
hikayelerin	3.21
hikayesinin	3.21
hislerine	3.21
hissediyordu	3.21
hissetmesi	3.21
hiyerarşi	3.21
hiçlik	3.21
hocama	3.21
homofobik	3.21
hususlar	3.21
hybrid	3.21
hâkimi	3.21
hâkimiyet	3.21
hükûmetin	3.21
igor	3.21
ihalesini	3.21
ihtiyac	3.21
ikilisinin	3.21
iktidardaki	3.21
ilahe	3.21
ilintili	3.21
imkansızdı	3.21
imkansızı	3.21
incelemesinde	3.21
inceliyoruz	3.21
indirebilir	3.21
indirmiş	3.21
ineği	3.21
insanlarımızı	3.21
insanoğluna	3.21
islamiyeti	3.21
istedigini	3.21
istemekten	3.21
istikrarsızlık	3.21
istiyorsam	3.21
iyisindir	3.21
izdivaç	3.21
işlemlerine	3.21
işçiyi	3.21
jeti	3.21
jokey	3.21
jpeg	3.21
kabusa	3.21
kalben	3.21
kaldığımı	3.21
kaleleri	3.21
kalemde	3.21
kalemleri	3.21
kalitenin	3.21
kalkavan	3.21
kalkmadan	3.21
kalmışlar	3.21
kalsınlar	3.21
kamerasını	3.21
kamplarda	3.21
kapatıldığı	3.21
kaplamalı	3.21
kaptanın	3.21
kapın	3.21
karşılarım	3.21
karşılaşacağız	3.21
karşıyadır	3.21
kasırgası	3.21
kathleen	3.21
katya	3.21
kavgacı	3.21
kavramlarının	3.21
kayayı	3.21
kaybın	3.21
kaydettim	3.21
kaymakamımız	3.21
kayra	3.21
kazandığınız	3.21
kazanıyorlar	3.21
kaçırılmış	3.21
kaşıkçı	3.21
kenarlı	3.21
kendimizle	3.21
kesimlerine	3.21
kesişme	3.21
keyifsiz	3.21
keçe	3.21
kilitleri	3.21
kini	3.21
kirazlı	3.21
kocabaş	3.21
konuşulması	3.21
korkuyordum	3.21
korsanı	3.21
koruyalım	3.21
koyulmuş	3.21
koyunun	3.21
koşuyolu	3.21
kubbenin	3.21
kulaç	3.21
kullanacaktır	3.21
kumarda	3.21
kumsalda	3.21
kupasına	3.21
kuranlar	3.21
kurgulanmış	3.21
kurtarabilir	3.21
kurtararak	3.21
kurulları	3.21
kuşağa	3.21
kuşağın	3.21
köhne	3.21
köprücük	3.21
külçe	3.21
kürsüde	3.21
küçümseme	3.21
kıldık	3.21
kılın	3.21
kılınır	3.21
kılıçarslan	3.21
kırmayı	3.21
kısıtlayıcı	3.21
kıtasında	3.21
kıyafete	3.21
lennon	3.21
lerdeki	3.21
liderliğe	3.21
lina	3.21
linden	3.21
listem	3.21
liği	3.21
maaşına	3.21
macun	3.21
mahsul	3.21
mahzun	3.21
maketi	3.21
makinalı	3.21
maksadı	3.21
manasız	3.21
manual	3.21
marlboro	3.21
marlon	3.21
mathieu	3.21
mağaraları	3.21
meclisleri	3.21
mektuba	3.21
mekânda	3.21
memurlara	3.21
merdivenin	3.21
merhametin	3.21
mesleğinin	3.21
metafor	3.21
mevzuatı	3.21
midi	3.21
milet	3.21
militanlar	3.21
milletiz	3.21
minnie	3.21
mitolojisinde	3.21
miydik	3.21
modeliyle	3.21
monique	3.21
monkey	3.21
motivasyonu	3.21
motorlarını	3.21
mueller	3.21
muhbir	3.21
muhlis	3.21
multiplayer	3.21
mutluluğuna	3.21
mutluydu	3.21
mysql	3.21
mübârek	3.21
mücadeleci	3.21
müdahaleyi	3.21
müftülüğü	3.21
mührünü	3.21
mültecileri	3.21
mümkündü	3.21
münbiç	3.21
müslümanlarla	3.21
müzisyenlerin	3.21
natalia	3.21
nbc	3.21
nef	3.21
niagara	3.21
normlar	3.21
nude	3.21
odalardan	3.21
odanızda	3.21
oglu	3.21
okursun	3.21
okutulan	3.21
olabiliyorum	3.21
olanda	3.21
olayi	3.21
olcan	3.21
olduğumun	3.21
olguları	3.21
olimpiyatlarında	3.21
olmasini	3.21
oluşumları	3.21
onayına	3.21
ondalık	3.21
opsiyonu	3.21
oynadıktan	3.21
oynamadı	3.21
oynatmak	3.21
pancarı	3.21
panosu	3.21
paravan	3.21
parayi	3.21
parkur	3.21
parçasından	3.21
payitaht	3.21
paylaşımını	3.21
payın	3.21
pazaryeri	3.21
pençesi	3.21
petro	3.21
peşpeşe	3.21
pictures	3.21
pine	3.21
pittsburgh	3.21
pişkin	3.21
pk	3.21
politikadan	3.21
politikasında	3.21
popülerliği	3.21
prensiplerine	3.21
projelerinden	3.21
psikiyatr	3.21
pussy	3.21
pvc	3.21
radyoloji	3.21
rahatsızlıkları	3.21
rakamların	3.21
ready	3.21
reddedilmesi	3.21
reddettiğini	3.21
resimlerimi	3.21
rhode	3.21
rodrigues	3.21
saatimi	3.21
safe	3.21
sahib	3.21
sahnelerin	3.21
saito	3.21
salgılanan	3.21
sallar	3.21
salınımı	3.21
santralin	3.21
sarayları	3.21
sarsacak	3.21
sarstı	3.21
sarıca	3.21
sattılar	3.21
satışından	3.21
sava	3.21
savaşlardan	3.21
savaşmadan	3.21
savaştaki	3.21
savcısının	3.21
sayılarda	3.21
sağlığım	3.21
sergisine	3.21
sertifikaları	3.21
sevgisinden	3.21
seviyorsa	3.21
seydi	3.21
seyircilere	3.21
seçerim	3.21
seçerler	3.21
seçilmişti	3.21
seçtiğimiz	3.21
sho	3.21
siker	3.21
simgeleri	3.21
sitelere	3.21
sivrihisar	3.21
siyahlar	3.21
siyahı	3.21
siyasetçileri	3.21
slide	3.21
snowboard	3.21
soktuğum	3.21
solmuş	3.21
sorarak	3.21
sormuyor	3.21
sorumu	3.21
sosyetik	3.21
standartların	3.21
stories	3.21
sufi	3.21
sunabilir	3.21
sunmaktan	3.21
sunmayı	3.21
sömürgecilik	3.21
söylemekle	3.21
söylemesini	3.21
sözen	3.21
sürdüreceğiz	3.21
sürdürerek	3.21
sıfatlar	3.21
sıkıştırıp	3.21
sıçtın	3.21
sığmayan	3.21
tablodan	3.21
taco	3.21
tahminlerine	3.21
tamamlamaya	3.21
tamamlanacak	3.21
tanımaktadır	3.21
taraflardan	3.21
tarihimize	3.21
tarihle	3.21
tatlıydı	3.21
tedavileri	3.21
tehlikeden	3.21
teknikle	3.21
tekniğinin	3.21
teknolojide	3.21
teknolojisinde	3.21
tekrarlanır	3.21
telefonumdan	3.21
tellerin	3.21
tepecik	3.21
testlerde	3.21
testlerinde	3.21
teşkilatını	3.21
timsali	3.21
token	3.21
toksikoloji	3.21
toparlamaya	3.21
torunum	3.21
torununu	3.21
trafiğinin	3.21
tribünler	3.21
tutarız	3.21
tutmaktır	3.21
tutuklamak	3.21
tüccarları	3.21
tüketir	3.21
türbenin	3.21
türkiyedeki	3.21
türlerde	3.21
tüten	3.21
ulaşabilen	3.21
ulaşamıyorum	3.21
umutlarla	3.21
unutabilir	3.21
unutmuyor	3.21
uygulamalarından	3.21
uzaklaştırılması	3.21
uzatılmış	3.21
uzunluğa	3.21
varlıklara	3.21
vav	3.21
vazgeçmez	3.21
ven	3.21
vericisi	3.21
veriliyordu	3.21
verirlerse	3.21
vermemektedir	3.21
vermeyince	3.21
vermezdim	3.21
vermiyordu	3.21
vermişsin	3.21
virgil	3.21
virgin	3.21
virüse	3.21
virüsünün	3.21
vodka	3.21
vücuduma	3.21
wally	3.21
watts	3.21
words	3.21
www	3.21
yakışmayan	3.21
yalanla	3.21
yalayan	3.21
yalvarıyor	3.21
yangınla	3.21
yanılgı	3.21
yanılıyorsun	3.21
yapacaksan	3.21
yaralama	3.21
yaralara	3.21
yaramış	3.21
yarasını	3.21
yaratılışı	3.21
yarrağı	3.21
yarışmalarında	3.21
yasını	3.21
yatalım	3.21
yattık	3.21
yazarsanız	3.21
yazdan	3.21
yazlar	3.21
yazmadı	3.21
yağışın	3.21
yaşamalı	3.21
yaşanmasına	3.21
yaşanmaya	3.21
yaşla	3.21
yek	3.21
yelleri	3.21
yenibosna	3.21
yerleşmiştir	3.21
yeteneğiyle	3.21
yetişecek	3.21
yetişkinlerde	3.21
yetiştim	3.21
yetkililerle	3.21
yorumlanır	3.21
yukari	3.21
yumurtlama	3.21
yönelir	3.21
yöneticilerini	3.21
yönlendirilmiş	3.21
yüklemesi	3.21
yıkacak	3.21
yıkımın	3.21
zalimce	3.21
zanlının	3.21
zarardan	3.21
zararlıdır	3.21
zehirlendi	3.21
zemininde	3.21
zorlaşır	3.21
çakallar	3.21
çalkala	3.21
çalımbay	3.21
çalışmadığını	3.21
çalıştırıyor	3.21
çamlıhemşin	3.21
çağrılır	3.21
çağrıya	3.21
çağırdım	3.21
çetelerin	3.21
çevirmeni	3.21
çoğunluğa	3.21
çukuruna	3.21
çözelim	3.21
çıkarına	3.21
ödenmemiş	3.21
ödeyecekler	3.21
ölmesin	3.21
öncesinin	3.21
öncülüğündeki	3.21
örgütle	3.21
örtüsünü	3.21
örülmüş	3.21
örümceği	3.21
özellikte	3.21
özelsin	3.21
özetler	3.21
özgürüz	3.21
öğrendikleri	3.21
öğrenirsiniz	3.21
öğretilen	3.21
ümran	3.21
üreticilerin	3.21
ürünlerden	3.21
üstündağ	3.21
üzüntüye	3.21
ındex	3.21
şa	3.21
şartla	3.21
şartlarından	3.21
şaşıracaksınız	3.21
şaşıran	3.21
şeytanların	3.21
şova	3.21
şuhut	3.21
şüphesiyle	3.21
aaaa	3.2
ablamı	3.2
acısıyla	3.2
adalarda	3.2
adayım	3.2
adresinizi	3.2
ahit	3.2
akort	3.2
aletlerle	3.2
alevilere	3.2
algılayan	3.2
alina	3.2
alkolden	3.2
altımda	3.2
amaçlara	3.2
andımız	3.2
anlatmakta	3.2
anılarımı	3.2
anılması	3.2
arazisinde	3.2
archives	3.2
area	3.2
aron	3.2
aryan	3.2
asistanlık	3.2
asıp	3.2
atamak	3.2
atamıyorum	3.2
atfen	3.2
atiba	3.2
atlatmak	3.2
atlıyor	3.2
atılmıştı	3.2
aux	3.2
avanos	3.2
aydınlatacak	3.2
aydınlatır	3.2
ayrımını	3.2
ayrıntıya	3.2
açısında	3.2
aşamalar	3.2
aştığı	3.2
babasıydı	3.2
bacağına	3.2
baksınlar	3.2
baktığımı	3.2
balıklama	3.2
barajının	3.2
barışmak	3.2
baskısından	3.2
baykara	3.2
bayramdan	3.2
bağa	3.2
bağlanmasını	3.2
bağırıyordu	3.2
başardın	3.2
başarım	3.2
başladıklarında	3.2
başlangıçlar	3.2
başlatacak	3.2
başlatarak	3.2
başındayız	3.2
bebeklik	3.2
beceremiyorum	3.2
beklediğimden	3.2
belgedir	3.2
benimsediği	3.2
benito	3.2
bennet	3.2
besliyorum	3.2
beğendiğin	3.2
bilanço	3.2
bildiğimden	3.2
bilgisayarında	3.2
bilimadamları	3.2
bilimciler	3.2
bilmeliyiz	3.2
bilseler	3.2
birakin	3.2
birikimini	3.2
birisinde	3.2
bitmeli	3.2
bombalandı	3.2
bornoz	3.2
borçlanma	3.2
boşaltıldı	3.2
boşalıyor	3.2
bret	3.2
bulunamaz	3.2
bulunmasıdır	3.2
bununda	3.2
buzağı	3.2
bölümüdür	3.2
bükük	3.2
bütçesini	3.2
büyüklüğünün	3.2
bıktık	3.2
bırakmıştım	3.2
casusu	3.2
cate	3.2
cdu	3.2
chef	3.2
christoph	3.2
cicero	3.2
cinlerin	3.2
council	3.2
crowley	3.2
ctp	3.2
cömertçe	3.2
daddy	3.2
dairelerinde	3.2
dallama	3.2
darbesini	3.2
darcy	3.2
dayanamıyor	3.2
dayağı	3.2
dedektörü	3.2
demircan	3.2
demis	3.2
demişsin	3.2
denemede	3.2
depresyonu	3.2
derbide	3.2
dermatoloji	3.2
derneğe	3.2
destanlar	3.2
devamına	3.2
devrek	3.2
devrinden	3.2
değerlendirildiği	3.2
değiştiremez	3.2
değiştirmesini	3.2
diesel	3.2
diktatörü	3.2
dinlemesi	3.2
dinlerini	3.2
direnişçi	3.2
dokularda	3.2
dokusunu	3.2
donanmanın	3.2
dondurmayı	3.2
done	3.2
donetsk	3.2
dostlarımı	3.2
dostudur	3.2
doğrulaması	3.2
doğrulayan	3.2
doğrumu	3.2
doğumunu	3.2
duffy	3.2
durduğumuz	3.2
dursa	3.2
durumlarla	3.2
dâvûd	3.2
dökecek	3.2
dönemem	3.2
dönüşerek	3.2
dönüştürüldü	3.2
dövüp	3.2
düzelttim	3.2
düşmesinin	3.2
düşmeyecek	3.2
düşü	3.2
düşünceniz	3.2
düşünmemek	3.2
düşünmemiz	3.2
efsun	3.2
ekini	3.2
ekleyebilir	3.2
ekte	3.2
elektra	3.2
elektriğini	3.2
eleştirir	3.2
eleştirirken	3.2
elfler	3.2
elimizle	3.2
elinizin	3.2
elmadağ	3.2
emilia	3.2
emirdağ	3.2
emirhan	3.2
enbiya	3.2
enjeksiyonu	3.2
enzimler	3.2
erdemir	3.2
eridi	3.2
erişme	3.2
ermek	3.2
erten	3.2
esirler	3.2
ethel	3.2
etkileme	3.2
etmedikçe	3.2
etrafımızdaki	3.2
evlendiler	3.2
evlerinize	3.2
eyleminde	3.2
eğilimindedir	3.2
faizle	3.2
fakültede	3.2
fang	3.2
fanları	3.2
faysal	3.2
federasyonunun	3.2
firmalarına	3.2
flood	3.2
fonksiyonunun	3.2
fotoğraflarıyla	3.2
fotoğraflı	3.2
franchise	3.2
fırtınaları	3.2
gaming	3.2
gata	3.2
gayr	3.2
gazetesindeki	3.2
geliyo	3.2
gelişip	3.2
gelişmektedir	3.2
geliştikçe	3.2
geliştirdiler	3.2
gelsenize	3.2
gemilerle	3.2
gençliğine	3.2
getirenler	3.2
getiriyorsunuz	3.2
geçirdiğin	3.2
geçmişleri	3.2
gidemiyor	3.2
giriyordu	3.2
girmekte	3.2
girmemiz	3.2
gitmişsin	3.2
giyimli	3.2
giysilerini	3.2
gordum	3.2
gusül	3.2
göcek	3.2
gölünde	3.2
gölünün	3.2
gönderdiğimiz	3.2
gönüllere	3.2
gördüğüme	3.2
görevdeki	3.2
görevlidir	3.2
görünmezlik	3.2
görünümleri	3.2
görünüşüne	3.2
görüşmesinde	3.2
gösterdiniz	3.2
götürebilir	3.2
götürürler	3.2
gövdenin	3.2
gözlemlenmiştir	3.2
göçler	3.2
güncellenmiştir	3.2
günter	3.2
güzelin	3.2
hafriyat	3.2
hainlere	3.2
hakemli	3.2
hakimiyetine	3.2
halası	3.2
halılar	3.2
hamamlar	3.2
hamleyi	3.2
haset	3.2
hatalarına	3.2
havuzlu	3.2
hazırlanma	3.2
herneyse	3.2
hintçe	3.2
hissedersen	3.2
hissediyorsan	3.2
hissettik	3.2
hizan	3.2
hizmetkarı	3.2
hizmetlerde	3.2
hopper	3.2
hristiyanların	3.2
hukuktan	3.2
hwan	3.2
hızlandırdı	3.2
idarecileri	3.2
ihanetle	3.2
ihtiyat	3.2
ikliminin	3.2
ilahiler	3.2
ilaçlardan	3.2
ileriyi	3.2
ilerleyecek	3.2
iletisim	3.2
ilgilenenler	3.2
illet	3.2
imkanlarıyla	3.2
imparatorluğa	3.2
ins	3.2
insallah	3.2
irtica	3.2
iso	3.2
istemeyi	3.2
isteniyorsa	3.2
istikameti	3.2
istikrarın	3.2
ivedilikle	3.2
izlesin	3.2
içerisindeyim	3.2
işletmecilik	3.2
işletmecisi	3.2
jeans	3.2
kabileleri	3.2
kabilesinin	3.2
kadavra	3.2
kadrosundan	3.2
kahveler	3.2
kaldırdılar	3.2
kaldırılıp	3.2
kalsak	3.2
kampından	3.2
kanallara	3.2
kanallardan	3.2
kanserojen	3.2
kanıtlama	3.2
kapanmadan	3.2
kaptıran	3.2
kapıldı	3.2
kapıma	3.2
kapınızı	3.2
karagöl	3.2
karaisalı	3.2
karartma	3.2
kararınız	3.2
kararıyor	3.2
kartımı	3.2
karışmayın	3.2
kastedilen	3.2
katilim	3.2
katlama	3.2
katlandı	3.2
katlanmış	3.2
katliamlara	3.2
katılabilirsiniz	3.2
kaybımız	3.2
kelimelik	3.2
kentinden	3.2
kesildiğini	3.2
kinci	3.2
kobi	3.2
kocamla	3.2
komutanlarından	3.2
komutanlığında	3.2
konsolos	3.2
konuklarımız	3.2
konusuyla	3.2
korkuyordu	3.2
koruyacaktır	3.2
kovaladı	3.2
koymaz	3.2
koçun	3.2
kredileri	3.2
kullanmaktır	3.2
kullanılmıyor	3.2
kumda	3.2
kurbağalar	3.2
kurmasına	3.2
kurslarına	3.2
kurtarıcısı	3.2
kurtları	3.2
kurulmaya	3.2
kutlayalım	3.2
kuşaklara	3.2
köpeklerini	3.2
kültürden	3.2
kürenin	3.2
kütüğü	3.2
kılavuzluk	3.2
kırdığını	3.2
kırması	3.2
kırılabilir	3.2
kırılmaya	3.2
kırılıp	3.2
kırıntısı	3.2
kısmetse	3.2
kısıtlayan	3.2
kıymetlim	3.2
ladik	3.2
lafayette	3.2
lanetlenmiş	3.2
lawson	3.2
leipzig	3.2
lemon	3.2
lensler	3.2
lezbiyenler	3.2
lgs	3.2
liberaller	3.2
lifli	3.2
lions	3.2
living	3.2
lupus	3.2
madenciler	3.2
makarnayı	3.2
maldan	3.2
manasında	3.2
manning	3.2
martılar	3.2
matris	3.2
maymunları	3.2
mcgill	3.2
mclaren	3.2
merasim	3.2
merasimi	3.2
merdivenlerin	3.2
mezunlarına	3.2
middle	3.2
mihriban	3.2
milletlere	3.2
minaresi	3.2
modunu	3.2
mostar	3.2
muhtarları	3.2
muntazam	3.2
mutlular	3.2
muvazzaf	3.2
mx	3.2
mübadele	3.2
müfreze	3.2
naciye	3.2
nasılda	3.2
ncı	3.2
nere	3.2
nettir	3.2
nezaman	3.2
nfc	3.2
nichols	3.2
nispi	3.2
noble	3.2
nothing	3.2
oakland	3.2
odabaşı	3.2
odakları	3.2
odalarını	3.2
odeabank	3.2
okutan	3.2
olalı	3.2
olduğunuzun	3.2
olgunlaşmış	3.2
olmuyorsa	3.2
oluşurken	3.2
orçun	3.2
otobüsünün	3.2
oyunculu	3.2
oyunculuğunu	3.2
oyuncusunun	3.2
oyundu	3.2
parametresi	3.2
parçaladı	3.2
patatesler	3.2
paylaşılması	3.2
payıma	3.2
performanslar	3.2
perseus	3.2
peynirleri	3.2
phantom	3.2
pisliğe	3.2
pod	3.2
poposu	3.2
popülerliğini	3.2
potansiyelin	3.2
process	3.2
profiller	3.2
proteinlerin	3.2
pt	3.2
qi	3.2
rad	3.2
ragnar	3.2
rahatlatacak	3.2
rahatsızım	3.2
rakiplerin	3.2
rakiplerinden	3.2
rayına	3.2
reasürans	3.2
reformların	3.2
resmiyet	3.2
ridge	3.2
riva	3.2
rodeo	3.2
russo	3.2
sakinlik	3.2
saldırganların	3.2
saldırılarla	3.2
sanayiye	3.2
sandalyesi	3.2
sandıklar	3.2
sarılın	3.2
satırlık	3.2
sauna	3.2
sayfamızda	3.2
sayıma	3.2
scotland	3.2
sebahattin	3.2
seferlerine	3.2
seferlerini	3.2
selamlıyor	3.2
serüven	3.2
sevgilinizin	3.2
seviyeden	3.2
sevişiyor	3.2
sevmediğin	3.2
seçilirken	3.2
shakira	3.2
sign	3.2
sincar	3.2
sineye	3.2
sitelerin	3.2
sokağına	3.2
sonrasının	3.2
sonya	3.2
soracaklar	3.2
sormaz	3.2
soruluyor	3.2
soğutmalı	3.2
spiegel	3.2
sporting	3.2
standardına	3.2
survival	3.2
suçlamaların	3.2
sönüyor	3.2
söyleşiler	3.2
sözleşmede	3.2
sözünüzü	3.2
süreçlerinde	3.2
süsler	3.2
sıcağında	3.2
sıfırın	3.2
sınıfsal	3.2
sınıftayken	3.2
sıralamayı	3.2
sıralanan	3.2
taarruza	3.2
tabiriyle	3.2
tabirle	3.2
tablosunun	3.2
tadıyla	3.2
takılarak	3.2
tanzim	3.2
tattoo	3.2
taşıdık	3.2
taşıdır	3.2
tekneyle	3.2
tekniğine	3.2
telaffuzu	3.2
telefonumda	3.2
temsilcilik	3.2
tepkisiz	3.2
terasta	3.2
tercümanlık	3.2
terme	3.2
teyzesinin	3.2
tipe	3.2
toplumla	3.2
toplumunu	3.2
toprağında	3.2
torino	3.2
toro	3.2
tp	3.2
transilvanya	3.2
trio	3.2
tuck	3.2
turistleri	3.2
tutuklandığı	3.2
tutulmaz	3.2
tuşları	3.2
tüfeğin	3.2
tümeni	3.2
türbin	3.2
ulaştıracak	3.2
umurlarında	3.2
umutsuzca	3.2
unutacağım	3.2
unutuyorsun	3.2
uyarıda	3.2
uygundu	3.2
uymadığı	3.2
uymaya	3.2
uyumsuzluk	3.2
uzaklaştırılan	3.2
uzatın	3.2
uğraşmış	3.2
vaatleri	3.2
vejeteryan	3.2
verenleri	3.2
verilerle	3.2
vicdanına	3.2
villalar	3.2
vin	3.2
vitesli	3.2
vizyonda	3.2
vogel	3.2
voodoo	3.2
vuruyorlar	3.2
windsor	3.2
yahuda	3.2
yalayarak	3.2
yanılmaz	3.2
yapacaksanız	3.2
yapmazsan	3.2
yapmis	3.2
yaptigini	3.2
yapımları	3.2
yapımın	3.2
yapıtlar	3.2
yaramayacak	3.2
yarattılar	3.2
yarattığın	3.2
yarayabilir	3.2
yargılanacak	3.2
yarışçı	3.2
yaveri	3.2
yayınladıkları	3.2
yazdıklarım	3.2
yazik	3.2
yaşamaları	3.2
yaşanmaması	3.2
yaşarsa	3.2
yaşlarını	3.2
yememek	3.2
yemeni	3.2
yemeğinizi	3.2
yendim	3.2
yerdim	3.2
yerleştirdiği	3.2
yeteneğin	3.2
yetersizdir	3.2
yetişme	3.2
yetiştirilmiş	3.2
yetiştiriyor	3.2
yoksulluğun	3.2
yollarımızı	3.2
yoruldun	3.2
yorumların	3.2
yuhanna	3.2
yuttu	3.2
yörüngesine	3.2
yükseltilmesi	3.2
yüzerken	3.2
zachary	3.2
zannediyorsunuz	3.2
zarfın	3.2
zübeyir	3.2
zıplama	3.2
çaldık	3.2
çalıyordu	3.2
çalışacağı	3.2
çalışmışlar	3.2
çalıştın	3.2
çantasına	3.2
çekebilecek	3.2
çekilince	3.2
çevirmeyi	3.2
çiftçilere	3.2
çocuklarında	3.2
çocuğumuzu	3.2
çocuğuyum	3.2
çorbayı	3.2
çözmenin	3.2
çıkacaktı	3.2
çıkarsınız	3.2
çıkartırım	3.2
çıkmışsın	3.2
çıksam	3.2
öldürmeyin	3.2
ölçülerde	3.2
önlenebilir	3.2
önümdeki	3.2
öpüşürken	3.2
örneklerde	3.2
öykülerini	3.2
üretimden	3.2
üzerinedir	3.2
ıng	3.2
ıowa	3.2
ırkına	3.2
ısırır	3.2
şampiyonluğuna	3.2
şantiye	3.2
şaşırdık	3.2
şehrimizi	3.2
şekillerine	3.2
şekip	3.2
şilili	3.2
şirkettir	3.2
şoförler	3.2
abdüllatif	3.19
abicim	3.19
abonesi	3.19
acıttı	3.19
adadı	3.19
adammış	3.19
adıvar	3.19
afacan	3.19
affedecek	3.19
ahlâkı	3.19
akrabalarını	3.19
akçaağaç	3.19
alameti	3.19
aldo	3.19
alevlerin	3.19
ally	3.19
almadın	3.19
almamızı	3.19
almazsa	3.19
altlarında	3.19
altyapısında	3.19
alınamayan	3.19
alınmamış	3.19
alınsa	3.19
alıştı	3.19
anadili	3.19
analizine	3.19
anasına	3.19
anlamlıdır	3.19
anlatmıyor	3.19
anlattıklarını	3.19
anlayacaktır	3.19
anlayamadı	3.19
annan	3.19
another	3.19
aragon	3.19
araştırmalarının	3.19
ardindan	3.19
arttır	3.19
asistanlığı	3.19
aslanları	3.19
astrolog	3.19
atamaya	3.19
atanmak	3.19
ateşkesin	3.19
atfedilen	3.19
atılma	3.19
austen	3.19
ayaklarıyla	3.19
aynadaki	3.19
açamıyorum	3.19
açıklayacağız	3.19
açılırken	3.19
ağlatan	3.19
ağlayacağım	3.19
bahsettiğin	3.19
bakabilirsin	3.19
bakkala	3.19
bakmamız	3.19
balonları	3.19
bariyeri	3.19
basmadan	3.19
basması	3.19
batılılar	3.19
batısına	3.19
bayramlaşma	3.19
bayramınız	3.19
bayrağa	3.19
bazda	3.19
bağlam	3.19
bağının	3.19
başkaldırı	3.19
başkanından	3.19
başlattığını	3.19
başlığın	3.19
başlığının	3.19
becermek	3.19
beckham	3.19
bedenimin	3.19
bedenlerini	3.19
beklersiniz	3.19
belim	3.19
belleğe	3.19
benzerler	3.19
benzine	3.19
beyatlı	3.19
beyefendinin	3.19
beyhan	3.19
beğenisine	3.19
beğenme	3.19
beştepe	3.19
bildiride	3.19
bilene	3.19
bileşikleri	3.19
bilgisiyle	3.19
bilimden	3.19
bilimlerin	3.19
bilinmekte	3.19
bilirse	3.19
biralar	3.19
birimidir	3.19
bodruma	3.19
boyutunun	3.19
bozukluğuna	3.19
bozulduğunu	3.19
boşaltılmış	3.19
bronx	3.19
bs	3.19
bulabilirler	3.19
bullock	3.19
bulunanların	3.19
burasının	3.19
böceğin	3.19
bölgesidir	3.19
bü	3.19
bürosunun	3.19
bütçesine	3.19
büyükbaba	3.19
büyüğüdür	3.19
bırakacaktır	3.19
bırakacağız	3.19
bırakmazlar	3.19
bırakıyorsunuz	3.19
bıçaklanarak	3.19
cassius	3.19
celia	3.19
cennetteki	3.19
cezaevindeki	3.19
ching	3.19
cihanda	3.19
crowe	3.19
cumhuriyetleri	3.19
dacia	3.19
dah	3.19
dansını	3.19
danışmadan	3.19
davutpaşa	3.19
dayanmayan	3.19
defada	3.19
delisin	3.19
demekmiş	3.19
demirhan	3.19
demokratların	3.19
denmesi	3.19
depresyonun	3.19
devekuşu	3.19
devret	3.19
deyimler	3.19
değerlendirdik	3.19
değerlendirmede	3.19
değiyor	3.19
değişikliklerini	3.19
değişimlerin	3.19
değiştiriyoruz	3.19
değiştirmenin	3.19
değmeden	3.19
diablo	3.19
dikeni	3.19
dilimde	3.19
dininden	3.19
direct	3.19
diyebileceğimiz	3.19
diyebilmek	3.19
dolarını	3.19
dolce	3.19
donuyorum	3.19
doğması	3.19
dudu	3.19
duma	3.19
durakları	3.19
durduğum	3.19
durursun	3.19
duruşmasında	3.19
duyduğunuzda	3.19
duygularımız	3.19
duygusunun	3.19
duymasını	3.19
dynamic	3.19
dökük	3.19
dönüştürmeye	3.19
dönüşüme	3.19
dünyamı	3.19
düşkünlüğü	3.19
düşüncen	3.19
düşünmen	3.19
düşünüyorsa	3.19
dışardaki	3.19
dışındadır	3.19
ecel	3.19
eczaneler	3.19
eklenecek	3.19
ekonomileri	3.19
ekonomistler	3.19
ellerimiz	3.19
emekçiler	3.19
emreden	3.19
envanteri	3.19
ergenler	3.19
erica	3.19
ernie	3.19
ertesinde	3.19
eryaman	3.19
esnekliği	3.19
etekleri	3.19
ettirmektedir	3.19
evlenmemiş	3.19
ezen	3.19
eğlenin	3.19
eğmek	3.19
eşinizi	3.19
fabrikalarında	3.19
farkındasın	3.19
farları	3.19
felaketten	3.19
ferda	3.19
fikirlerle	3.19
fraser	3.19
frenler	3.19
front	3.19
gazeteciye	3.19
gecelerinde	3.19
gelişmişlik	3.19
geliştiricileri	3.19
geliştirmeler	3.19
gelseniz	3.19
genişliyor	3.19
gerekenin	3.19
gerekçeleri	3.19
gerçekleşirse	3.19
gerçekçilik	3.19
getirdiğine	3.19
getirmekten	3.19
gidecektik	3.19
gidilmesi	3.19
girişimidir	3.19
girsem	3.19
giydiğin	3.19
giyinmeyi	3.19
glukoz	3.19
gmbh	3.19
godfather	3.19
gofret	3.19
gran	3.19
gsyih	3.19
gölgelerin	3.19
görüldüğünü	3.19
gösterenler	3.19
gözükmek	3.19
gözümle	3.19
gülüşünü	3.19
günahını	3.19
güneşle	3.19
güvenliğimiz	3.19
hacıoğlu	3.19
hadislerde	3.19
hadisleri	3.19
halindeyiz	3.19
hallettim	3.19
hançeri	3.19
hapsine	3.19
harcıyorum	3.19
hareketten	3.19
harmony	3.19
hatırlarsanız	3.19
havalimanından	3.19
hayallerimizi	3.19
hayvancılığın	3.19
hayvanlarına	3.19
hemoglobin	3.19
hendrix	3.19
hepimizde	3.19
herbir	3.19
hermann	3.19
hertürlü	3.19
hesaplaması	3.19
hira	3.19
hissederler	3.19
hizasında	3.19
horozu	3.19
hoşlandığını	3.19
hoşlanmayan	3.19
huzurlarınızda	3.19
höyük	3.19
hücreyi	3.19
hüner	3.19
idame	3.19
ideolojiye	3.19
ifadelere	3.19
ifadelerle	3.19
ihanettir	3.19
ilerlemenin	3.19
ilişkisinde	3.19
illerinin	3.19
imkanınız	3.19
imzaladık	3.19
imzalama	3.19
inandırmaya	3.19
inanmakta	3.19
insanlardı	3.19
insanlarımızın	3.19
istanbulspor	3.19
istediklerim	3.19
isteseydim	3.19
isteyelim	3.19
isyanlar	3.19
itibarlı	3.19
izban	3.19
izliyordu	3.19
iü	3.19
jakuzi	3.19
jonny	3.19
juice	3.19
kadroların	3.19
kafesin	3.19
kafirler	3.19
kalesinin	3.19
kanserle	3.19
kanununda	3.19
kapadım	3.19
kapasiteleri	3.19
kapitalizme	3.19
kaptanlık	3.19
karaciğerde	3.19
kareyi	3.19
karikatürleri	3.19
karılar	3.19
kasabı	3.19
kasasına	3.19
kasim	3.19
kasılma	3.19
katkılı	3.19
katliamını	3.19
katılımlı	3.19
kaufman	3.19
kayapınar	3.19
kaybedebilir	3.19
kaynaklarımızı	3.19
kayıplarını	3.19
kayıtlıdır	3.19
kazasker	3.19
kaçkar	3.19
kaçsın	3.19
kederi	3.19
kemancı	3.19
kemerin	3.19
kemerler	3.19
kentlere	3.19
kesiyorlar	3.19
keş	3.19
keşişler	3.19
kilometreden	3.19
kleopatra	3.19
kocaya	3.19
komisyonunda	3.19
konuşmasıyla	3.19
konuşmayan	3.19
korkutma	3.19
kovanın	3.19
koysun	3.19
krallığa	3.19
kristina	3.19
kuaföre	3.19
kucağımda	3.19
kulağımda	3.19
kullanmadığı	3.19
kullanılabileceği	3.19
kullanılacağı	3.19
kuramları	3.19
kurbana	3.19
kurd	3.19
kurtarsın	3.19
kurulurken	3.19
kurumdan	3.19
kutlayacak	3.19
kuzeyli	3.19
kâtip	3.19
köyişleri	3.19
köylerinin	3.19
küller	3.19
küpeli	3.19
kürsüden	3.19
kürşad	3.19
küçülür	3.19
kılına	3.19
kıskançlıktan	3.19
kıvrım	3.19
kızdırdı	3.19
kızıp	3.19
kızıyorsun	3.19
layer	3.19
lazımsa	3.19
lehinde	3.19
lenfoma	3.19
liglerin	3.19
maaşa	3.19
mace	3.19
mahmutbey	3.19
makbuz	3.19
makinelerini	3.19
malatyalı	3.19
mantarları	3.19
manto	3.19
marino	3.19
marksizm	3.19
masalar	3.19
masato	3.19
matter	3.19
mayer	3.19
melinda	3.19
mendili	3.19
metallerin	3.19
metallica	3.19
mevsimine	3.19
mezarlığın	3.19
mikroplar	3.19
milenyum	3.19
mimarisine	3.19
mitoz	3.19
mohamed	3.19
mood	3.19
motors	3.19
muasır	3.19
muavini	3.19
müdahalesine	3.19
mühendislerin	3.19
mükellef	3.19
mükemmelliği	3.19
müller	3.19
müzakerelerin	3.19
nadya	3.19
nedenlere	3.19
nefessiz	3.19
nefretini	3.19
nehirden	3.19
newport	3.19
neşriyat	3.19
neşter	3.19
nişancılar	3.19
numarasının	3.19
obur	3.19
odaklanıyor	3.19
odalarının	3.19
odamdan	3.19
okları	3.19
olimpiyatı	3.19
olmamaları	3.19
oltu	3.19
oluklu	3.19
oluşmuştu	3.19
onat	3.19
onurla	3.19
optimal	3.19
organizasyonunu	3.19
ortamından	3.19
otelleri	3.19
otogarı	3.19
otoparka	3.19
otoriteler	3.19
outlet	3.19
oylamasına	3.19
oynak	3.19
oynamam	3.19
oynamayın	3.19
ozanı	3.19
paketine	3.19
panayır	3.19
parktaki	3.19
patentini	3.19
perdeden	3.19
perileri	3.19
piano	3.19
pikap	3.19
plandaki	3.19
planlara	3.19
polietilen	3.19
polislerle	3.19
ponpon	3.19
pony	3.19
pota	3.19
pour	3.19
poşete	3.19
prensibine	3.19
prensiplerini	3.19
prix	3.19
pullu	3.19
radyatör	3.19
raja	3.19
rc	3.19
reddetmesi	3.19
referansı	3.19
rehberliğinde	3.19
rektörlüğüne	3.19
rengiyle	3.19
renklerden	3.19
renkleriyle	3.19
ressamı	3.19
rna	3.19
romancı	3.19
rooney	3.19
sabiti	3.19
sadakatini	3.19
sahnelere	3.19
sakinlerine	3.19
saklarım	3.19
salaklık	3.19
salağa	3.19
samed	3.19
sanıkları	3.19
sapla	3.19
saruman	3.19
satılmaya	3.19
savunmasına	3.19
savunmuş	3.19
sayılmam	3.19
sayılırlar	3.19
sağlayacağı	3.19
sağın	3.19
sekizi	3.19
sektörlerde	3.19
senaristi	3.19
sendromuna	3.19
sergilemeye	3.19
servisinden	3.19
sevdiğimizi	3.19
severlerin	3.19
sevgilisinden	3.19
sevindirdi	3.19
sezaryen	3.19
seçeneklerini	3.19
seçik	3.19
seçilip	3.19
sheridan	3.19
sicim	3.19
silahıyla	3.19
simpsons	3.19
sirada	3.19
sistemimizi	3.19
sistemlerden	3.19
skinner	3.19
slav	3.19
sleep	3.19
sokaklarına	3.19
sonucunun	3.19
sopalı	3.19
sorumluluğumuz	3.19
sorumsuzluk	3.19
span	3.19
spd	3.19
sporculara	3.19
springs	3.19
stewie	3.19
stock	3.19
stokları	3.19
stüdyoları	3.19
sushi	3.19
suçunun	3.19
suçuyla	3.19
süperlig	3.19
sürücülerin	3.19
sürüsüne	3.19
sütle	3.19
sütünden	3.19
sıcaklar	3.19
sıddık	3.19
sıhhi	3.19
sınırlara	3.19
sıralanmıştır	3.19
sırplar	3.19
sırtlan	3.19
sıvıları	3.19
sığar	3.19
tada	3.19
tahkikat	3.19
tahminde	3.19
takarım	3.19
takılar	3.19
talihli	3.19
talihsizlik	3.19
tamamlandığı	3.19
tamamlıyor	3.19
tanrıdan	3.19
tanıyanlar	3.19
tanışmayı	3.19
tanıştırayım	3.19
tanışıyoruz	3.19
taraklı	3.19
tarihidir	3.19
tatlandırıcı	3.19
tatlısu	3.19
tavada	3.19
taşınmadan	3.19
tcmb	3.19
tecavüzü	3.19
tehcir	3.19
tektonik	3.19
temsilcileriyle	3.19
tene	3.19
tepkime	3.19
terket	3.19
testte	3.19
testten	3.19
tezer	3.19
th	3.19
thorne	3.19
those	3.19
titremeye	3.19
toker	3.19
toplantılarını	3.19
topluluklarının	3.19
tunalı	3.19
tutarsızlık	3.19
tutmaktan	3.19
tutulabilir	3.19
tuğra	3.19
tüketme	3.19
tıkanıklığı	3.19
tırmanmaya	3.19
tırnaklarını	3.19
tırı	3.19
ulaşamadı	3.19
umbrella	3.19
umudumuzu	3.19
undan	3.19
unuttular	3.19
utancı	3.19
uyarsa	3.19
uydurmaya	3.19
uçaksavar	3.19
uçuşunu	3.19
uğrayın	3.19
vaktine	3.19
varda	3.19
vasküler	3.19
verilmemiştir	3.19
vermemeye	3.19
vicdanlı	3.19
vikipedi	3.19
virüslerin	3.19
virüsten	3.19
vita	3.19
vişneli	3.19
voyager	3.19
vurulup	3.19
wisconsin	3.19
yabancılarla	3.19
yaklaştık	3.19
yaklaşıyoruz	3.19
yapamadığım	3.19
yapamayacağım	3.19
yapamayacağını	3.19
yapmamalı	3.19
yaptıysan	3.19
yapılanmasına	3.19
yaralanmıştı	3.19
yaratmaz	3.19
yaren	3.19
yasalarının	3.19
yaslanıp	3.19
yavaşlatır	3.19
yayınlanacaktır	3.19
yayınlarına	3.19
yayınlıyor	3.19
yazabilirsin	3.19
yazarımız	3.19
yazıcılar	3.19
yazılarından	3.19
yazışma	3.19
yaşadıklarımı	3.19
yaşadıklarımız	3.19
yaşayacağını	3.19
yaşayamazsın	3.19
yaşıyordum	3.19
yelda	3.19
yemeklerde	3.19
yemenli	3.19
yemişsin	3.19
yenilince	3.19
yeterliydi	3.19
yiyeyim	3.19
yolculara	3.19
yurttan	3.19
yükseldiğini	3.19
yürütmüş	3.19
yürütülür	3.19
yürüyüşleri	3.19
yıkadım	3.19
yıldızını	3.19
zamandir	3.19
zamandı	3.19
zamane	3.19
zararına	3.19
zeval	3.19
ziyaretlerinden	3.19
âhiret	3.19
çabalıyor	3.19
çalmışlar	3.19
çalıştığına	3.19
çarem	3.19
çatak	3.19
çayda	3.19
çekilişe	3.19
çektikten	3.19
çelişkiler	3.19
çocukluğumun	3.19
çoğumuzun	3.19
çukurlar	3.19
çök	3.19
çöpler	3.19
çözülmemiş	3.19
çözüyor	3.19
çıkarsak	3.19
çıkarılıyor	3.19
çıktığımızda	3.19
çıldırıyorum	3.19
çıplaklık	3.19
ödediğimiz	3.19
ödevim	3.19
ölmeyecek	3.19
ömrümde	3.19
ömürler	3.19
öneriniz	3.19
örgütten	3.19
örtüsünün	3.19
ötesinden	3.19
öyleymiş	3.19
özbey	3.19
öğrencisini	3.19
öğrendiniz	3.19
öğreniriz	3.19
öğretmenlerimizin	3.19
ülkeyle	3.19
üründür	3.19
üssünü	3.19
üyesiydi	3.19
üzüntüyü	3.19
ırmaklar	3.19
ısmail	3.19
şaibeli	3.19
şampiyonaya	3.19
şanghay	3.19
şarlatan	3.19
şe	3.19
şehirlerdeki	3.19
şehirlerini	3.19
şeytanla	3.19
şimon	3.19
şirketteki	3.19
şovda	3.19
şüpheliyi	3.19
abdülmecid	3.18
abhazya	3.18
acısından	3.18
aforoz	3.18
agos	3.18
ailenle	3.18
ajanların	3.18
akarken	3.18
aktarılmıştır	3.18
alamadan	3.18
albümdeki	3.18
aldattığını	3.18
alnı	3.18
alnının	3.18
alsanız	3.18
alıştık	3.18
amen	3.18
amman	3.18
analizde	3.18
anayasasını	3.18
anlasın	3.18
anlatamadım	3.18
anlatırlar	3.18
annenizi	3.18
aranacak	3.18
arazisine	3.18
araçlık	3.18
archibald	3.18
ariana	3.18
arifiye	3.18
arkadaşlıkları	3.18
arm	3.18
atila	3.18
atmosferine	3.18
avar	3.18
avlar	3.18
avrupalıların	3.18
ayaklarından	3.18
aydınlatmak	3.18
aynadan	3.18
ayrılmayan	3.18
ayrılın	3.18
azalarak	3.18
azınlıkların	3.18
açacaksın	3.18
açılırsa	3.18
ağaçlarla	3.18
ağaçlı	3.18
ağlamaktan	3.18
ağlamaz	3.18
ağrısından	3.18
aşması	3.18
bahsetmeye	3.18
bakamaz	3.18
baksanız	3.18
balkanlardan	3.18
bane	3.18
barker	3.18
basinda	3.18
baskıda	3.18
bastın	3.18
batırıp	3.18
bayi	3.18
bağlantıda	3.18
bağlarının	3.18
bağnaz	3.18
bağıl	3.18
bağımsızlığın	3.18
başarabilen	3.18
başarıdır	3.18
başhekim	3.18
başkaca	3.18
başkanıdır	3.18
başlıklarını	3.18
beceriyor	3.18
bedeliyle	3.18
beklemeniz	3.18
belediyelerinin	3.18
belgeselin	3.18
belgeseller	3.18
beliriyor	3.18
belirtisidir	3.18
bem	3.18
besleyip	3.18
beğenmeyen	3.18
beğenmiyor	3.18
beşincisi	3.18
beşten	3.18
bikinili	3.18
bilmelidir	3.18
birbirimiz	3.18
blaise	3.18
borsaları	3.18
borusan	3.18
boşaltım	3.18
boşanan	3.18
brody	3.18
bucaspor	3.18
bugatti	3.18
bulunuyorsunuz	3.18
bulutun	3.18
bumerang	3.18
burhanettin	3.18
büyümüştür	3.18
büyütüp	3.18
bırakana	3.18
bıraksan	3.18
bırakılmıştı	3.18
bşk	3.18
camel	3.18
camera	3.18
camına	3.18
canlıdır	3.18
cemaatlerin	3.18
cemiyetin	3.18
cenazede	3.18
cezalandırılır	3.18
christy	3.18
cogu	3.18
conway	3.18
css	3.18
cümlelerde	3.18
cümlesiyle	3.18
dakikasını	3.18
danslar	3.18
davalarını	3.18
dayalıdır	3.18
dayanışmayı	3.18
dağılıp	3.18
dağıtmış	3.18
debra	3.18
dediki	3.18
dediğinizde	3.18
demre	3.18
denendi	3.18
dengeleyici	3.18
depolamak	3.18
devresinde	3.18
değerleriyle	3.18
değişerek	3.18
değişmem	3.18
dina	3.18
dinamiği	3.18
dindarlık	3.18
dinlemeyin	3.18
dinleniyor	3.18
dirty	3.18
diskleri	3.18
diyecektir	3.18
diyetisyen	3.18
dmc	3.18
doktorumuz	3.18
dolaşma	3.18
dolaştığı	3.18
donanmasının	3.18
dostlarımın	3.18
dostlarından	3.18
dostuma	3.18
dostumun	3.18
dosyasının	3.18
doğumunun	3.18
doğurmuş	3.18
duvarlarla	3.18
duyusu	3.18
döndüğüm	3.18
dönüştürerek	3.18
dönüşümün	3.18
düeti	3.18
dükkanları	3.18
düsünüyorum	3.18
düzenlemeyle	3.18
düzenleri	3.18
düziçi	3.18
düğmesini	3.18
düşmesiyle	3.18
düşüncelerle	3.18
düşünmüştü	3.18
düşünüyordur	3.18
ebeveynlik	3.18
edeceğin	3.18
ehline	3.18
eldivenler	3.18
emet	3.18
engellerin	3.18
epic	3.18
erwin	3.18
etc	3.18
etine	3.18
etkenlerden	3.18
etmediğimiz	3.18
ettirildi	3.18
evlenerek	3.18
executive	3.18
eyalete	3.18
fabio	3.18
farlar	3.18
faydalar	3.18
fehim	3.18
fenalık	3.18
fertleri	3.18
fethetti	3.18
finch	3.18
fiorentina	3.18
fiyatla	3.18
flex	3.18
fobi	3.18
fontaine	3.18
fotonun	3.18
fotoğraflarından	3.18
fuel	3.18
fünye	3.18
galactica	3.18
garantör	3.18
geleceğinde	3.18
gelemiyor	3.18
gelmeme	3.18
genişlemeye	3.18
genlerin	3.18
getirmişlerdir	3.18
geçersizdir	3.18
geçilerek	3.18
geçmediği	3.18
geçmeniz	3.18
geçmesinden	3.18
giremezsiniz	3.18
golde	3.18
goz	3.18
gq	3.18
guide	3.18
gunler	3.18
gölgeli	3.18
gömüldüğü	3.18
göndereyim	3.18
görevlisine	3.18
görmemezlikten	3.18
görüntülerden	3.18
görüşebiliriz	3.18
gözünüzde	3.18
güleryüz	3.18
gürler	3.18
güvenmeye	3.18
güvercini	3.18
gıdaların	3.18
haftalığına	3.18
hafızaya	3.18
hakarettir	3.18
haliniz	3.18
halklara	3.18
hamileliği	3.18
hangisinde	3.18
hangisinden	3.18
harcanmış	3.18
harcayıp	3.18
harfinin	3.18
haritadaki	3.18
hastalarını	3.18
hastanesinden	3.18
hatrına	3.18
hatırlanacak	3.18
hazırlaması	3.18
hazırlanmasına	3.18
hazırsanız	3.18
haşere	3.18
heights	3.18
hikayelere	3.18
hissetmesini	3.18
hissettiğinde	3.18
hogwarts	3.18
hollande	3.18
hsbc	3.18
hummel	3.18
hükmüne	3.18
idareciler	3.18
idaresini	3.18
idareyi	3.18
ilanının	3.18
ildir	3.18
ilkler	3.18
ilçeyi	3.18
imtiyazlı	3.18
imzalamaya	3.18
inanmadım	3.18
incelemesini	3.18
incelemiş	3.18
indiğinde	3.18
inşaatının	3.18
isini	3.18
iskenderiye	3.18
istemeniz	3.18
item	3.18
iyilikleri	3.18
içindesiniz	3.18
işlemiyor	3.18
işlemlere	3.18
işlerimiz	3.18
jax	3.18
jülide	3.18
kadarlık	3.18
kahveni	3.18
kalanının	3.18
kaldıramıyorum	3.18
kalkalım	3.18
kalktığını	3.18
kalyon	3.18
kalındı	3.18
kalıntılarının	3.18
kalıplar	3.18
kamal	3.18
kami	3.18
kanallarından	3.18
kanısına	3.18
kapandığı	3.18
kaplıcaları	3.18
karakterim	3.18
kararlaştırılmıştır	3.18
karat	3.18
kartının	3.18
karışıklıklar	3.18
karşılaşıyoruz	3.18
katılmamış	3.18
kavşağında	3.18
kayba	3.18
kaybettiğiniz	3.18
kaybolmuştur	3.18
kaynana	3.18
kazandığında	3.18
keban	3.18
kefeye	3.18
kehaneti	3.18
keita	3.18
kemiğini	3.18
kiki	3.18
kiler	3.18
kiralayan	3.18
kitabımın	3.18
kitlesinin	3.18
kokuyordu	3.18
konforu	3.18
konsolosu	3.18
konuşmalarında	3.18
korkarlar	3.18
koçlar	3.18
krallığına	3.18
kristalleri	3.18
kuala	3.18
kulaklığı	3.18
kulede	3.18
kullanmanız	3.18
kullanılırdı	3.18
kwh	3.18
kâinat	3.18
köklerinin	3.18
köleliği	3.18
kötümser	3.18
küstahça	3.18
kırdık	3.18
kısaltılmış	3.18
kısımlara	3.18
kıtaya	3.18
kızarıklık	3.18
lau	3.18
laçin	3.18
lefke	3.18
lennox	3.18
ligini	3.18
liginin	3.18
listeme	3.18
louvre	3.18
mahkemelerinin	3.18
mahkumun	3.18
mahsulleri	3.18
malikane	3.18
maliyetlerini	3.18
malıdır	3.18
manik	3.18
manson	3.18
manşetleri	3.18
maps	3.18
marcello	3.18
marcos	3.18
marek	3.18
mariana	3.18
masif	3.18
maxim	3.18
mccain	3.18
medium	3.18
mek	3.18
mekânlar	3.18
memeliler	3.18
menfur	3.18
menteş	3.18
meslektaşı	3.18
meteorolojik	3.18
meyan	3.18
milletim	3.18
milyara	3.18
mirasının	3.18
mitingine	3.18
monitörü	3.18
move	3.18
muadili	3.18
muhtaçtır	3.18
muhtıra	3.18
mystic	3.18
nafiz	3.18
nakledildi	3.18
nicel	3.18
niki	3.18
noktadaki	3.18
nvidia	3.18
octavia	3.18
odaklanmaya	3.18
ofisler	3.18
okuduğumuz	3.18
okullu	3.18
okuyorlar	3.18
olacağınızı	3.18
olamayacağım	3.18
olaysız	3.18
olmazı	3.18
olumsuzluklara	3.18
oluşun	3.18
onikişubat	3.18
ordudaki	3.18
ori	3.18
original	3.18
ormandan	3.18
ortalamasına	3.18
ortalamasını	3.18
ortalarından	3.18
ortasını	3.18
ortağın	3.18
ortağınız	3.18
osmaneli	3.18
otobüsünde	3.18
otoritesini	3.18
oynardı	3.18
ozzy	3.18
oğlanlar	3.18
pabuç	3.18
padişahların	3.18
palas	3.18
pam	3.18
panelde	3.18
partilerine	3.18
partiyle	3.18
pasaportun	3.18
patatesin	3.18
patronum	3.18
paylaşırım	3.18
paşabahçe	3.18
peabody	3.18
peh	3.18
peyton	3.18
pfdk	3.18
photography	3.18
phyllis	3.18
pie	3.18
plaketi	3.18
platformudur	3.18
platformunu	3.18
platinum	3.18
poirot	3.18
poliçe	3.18
programcısı	3.18
projem	3.18
psikotik	3.18
pulları	3.18
radarı	3.18
rahibin	3.18
raket	3.18
rallisi	3.18
ramazanda	3.18
resimlerinde	3.18
richardson	3.18
roberta	3.18
ruhlara	3.18
rüyalarında	3.18
rüyasını	3.18
rüzgardan	3.18
sadie	3.18
safhasında	3.18
saflığı	3.18
sahibiydi	3.18
sahipli	3.18
salar	3.18
saldırırken	3.18
sallamaya	3.18
sanmiyorum	3.18
sapa	3.18
saya	3.18
sayfalarından	3.18
sayılmıştır	3.18
sec	3.18
sedye	3.18
seksten	3.18
senar	3.18
senaristler	3.18
senkronizasyon	3.18
sensei	3.18
september	3.18
sergileyerek	3.18
serra	3.18
setine	3.18
severlere	3.18
seveyim	3.18
sevgilerini	3.18
seyredip	3.18
seçmene	3.18
share	3.18
sigortalar	3.18
silgi	3.18
sinemalar	3.18
sinemayı	3.18
sinirlenme	3.18
siparişini	3.18
sorsana	3.18
sorunlarınız	3.18
stanton	3.18
sude	3.18
sufle	3.18
sunarız	3.18
surface	3.18
surların	3.18
suru	3.18
sut	3.18
suçlarının	3.18
suçludur	3.18
suşehri	3.18
swing	3.18
syn	3.18
söylemeli	3.18
sözleşmesine	3.18
sürdürmüş	3.18
sürdürülmektedir	3.18
sürdürülmesi	3.18
sürse	3.18
süvarileri	3.18
sıktım	3.18
sıkıntılardan	3.18
sırların	3.18
sırtınızı	3.18
sığınır	3.18
tabuta	3.18
tabutu	3.18
tahammülü	3.18
tahıllar	3.18
takmıyor	3.18
takılabilir	3.18
takımımızı	3.18
taneli	3.18
tanınmayan	3.18
tanıtımında	3.18
tarayıcıları	3.18
tarzındaki	3.18
tavırlarını	3.18
taşınırken	3.18
taşıyalım	3.18
taşıyıcılar	3.18
tbb	3.18
tecrübeleri	3.18
tedaş	3.18
tefrika	3.18
tekisin	3.18
tekrarlamak	3.18
temelden	3.18
tepkili	3.18
tesirli	3.18
tesisinin	3.18
teşekkül	3.18
tong	3.18
tonuyla	3.18
tools	3.18
toplan	3.18
toplanabilir	3.18
tora	3.18
trajikomik	3.18
transport	3.18
trompet	3.18
turabi	3.18
turnuvasına	3.18
tutkusunu	3.18
tutmayın	3.18
tutukluların	3.18
tümörleri	3.18
türlere	3.18
türlüsü	3.18
tırnağı	3.18
ulaşımda	3.18
uman	3.18
umulmadık	3.18
unit	3.18
unutabilirsin	3.18
unutmayacak	3.18
unuttuğumu	3.18
ustaya	3.18
uyarlanmıştır	3.18
uyarmıştı	3.18
uydurulmuş	3.18
uzunluğuna	3.18
uçurdu	3.18
uçuşuyor	3.18
vaatler	3.18
varlığımız	3.18
varma	3.18
vazgeçecek	3.18
vazgeçiyorum	3.18
vazgeçmedim	3.18
velid	3.18
veremediği	3.18
vicdansız	3.18
videolu	3.18
volkanın	3.18
vous	3.18
vurmadan	3.18
whistler	3.18
wikileaks	3.18
wilder	3.18
wind	3.18
winx	3.18
worth	3.18
xıı	3.18
yadigar	3.18
yakacık	3.18
yakaladığımız	3.18
yakayı	3.18
yandaşı	3.18
yansımasıdır	3.18
yapmamıza	3.18
yapmıyorsun	3.18
yapılandırılması	3.18
yapılmasından	3.18
yapışıp	3.18
yarattıkları	3.18
yarayacaktır	3.18
yardımınıza	3.18
yasamak	3.18
yasağın	3.18
yaygınlaşan	3.18
yayıncılığı	3.18
yazdırmak	3.18
yazmıyorum	3.18
yazılarak	3.18
yaşadıklarından	3.18
yaşamadık	3.18
yaşamayan	3.18
yaşamlarının	3.18
yaşantısına	3.18
yaşatmaya	3.18
yaşayanları	3.18
yaşlıları	3.18
yediden	3.18
yemezler	3.18
yenı	3.18
yerlerindeki	3.18
yerleştirmeye	3.18
yesek	3.18
yiyeceksin	3.18
yiyemiyorum	3.18
yollandı	3.18
yollayıp	3.18
yorumun	3.18
yumağı	3.18
yutma	3.18
yuttum	3.18
yöresine	3.18
yünlü	3.18
yüzüyor	3.18
yıkılarak	3.18
zamanlarının	3.18
âlâ	3.18
çalışmalarım	3.18
çalışmışlardır	3.18
çalıştırdı	3.18
çalışırdı	3.18
çanı	3.18
çarp	3.18
çağrışım	3.18
çağırarak	3.18
çağırdığı	3.18
çağırmış	3.18
çekeceğiz	3.18
çekmekte	3.18
çekmeli	3.18
çektirdiği	3.18
çivril	3.18
çiğnemek	3.18
çokluk	3.18
çukurun	3.18
çözülüyor	3.18
çıka	3.18
çıkaracağı	3.18
çıksan	3.18
çıktısı	3.18
ödemelerini	3.18
ödemenin	3.18
ödersiniz	3.18
ödüllerine	3.18
öfkeye	3.18
öldürsün	3.18
öldürülmesinin	3.18
ölebilir	3.18
öncülüğünü	3.18
önerme	3.18
öngörülmektedir	3.18
öperek	3.18
öpeyim	3.18
örs	3.18
özledi	3.18
öğrenciden	3.18
öğrenilir	3.18
ülkeleriyle	3.18
üretebilir	3.18
üreticilerinden	3.18
üretmesi	3.18
ürününün	3.18
üssünde	3.18
üzümün	3.18
üçünde	3.18
ışte	3.18
şalvar	3.18
şaşırtmadı	3.18
şebinkarahisar	3.18
şefkati	3.18
şefler	3.18
şehirlerinin	3.18
şekere	3.18
şekerini	3.18
şekillenir	3.18
şeyse	3.18
şimşekler	3.18
şişkin	3.18
şurdan	3.18
на	3.18
abbasi	3.17
acıktı	3.17
adayına	3.17
adetlik	3.17
akdağmadeni	3.17
aki	3.17
aktörlerin	3.17
alabileceğiniz	3.17
alabilmesi	3.17
alanlardır	3.17
albümlerini	3.17
aldous	3.17
alelade	3.17
almadığım	3.17
almasın	3.17
alonso	3.17
also	3.17
altıgen	3.17
alınsın	3.17
amblem	3.17
amcayı	3.17
anastasia	3.17
anlami	3.17
anlaşıyoruz	3.17
annelerimizin	3.17
antalyada	3.17
arabasında	3.17
aramıyorum	3.17
arapgir	3.17
araçlarından	3.17
arkadaşınızla	3.17
artacaktır	3.17
artmakta	3.17
arındırma	3.17
asiler	3.17
aslolan	3.17
asmalı	3.17
asra	3.17
astronotlar	3.17
asılarak	3.17
atışlarını	3.17
avlama	3.17
avlanmak	3.17
ax	3.17
axl	3.17
ayaklandı	3.17
aydınlığı	3.17
ayetin	3.17
aysal	3.17
ayırmayı	3.17
azda	3.17
azını	3.17
ağaçlık	3.17
ağrıyan	3.17
aşıyı	3.17
babamızın	3.17
bakanlığımızın	3.17
bakışla	3.17
balonun	3.17
balıklara	3.17
bamya	3.17
bankasında	3.17
bataryalar	3.17
başkanlarımız	3.17
başyapıt	3.17
başıdır	3.17
beki	3.17
bekledikleri	3.17
beklemezdim	3.17
beklenirken	3.17
belasız	3.17
belgelerine	3.17
believe	3.17
beyinlerini	3.17
beynindeki	3.17
beyninizi	3.17
bezenmiş	3.17
bezler	3.17
bihter	3.17
bilgilerinize	3.17
bilincine	3.17
bilmeyi	3.17
binadaki	3.17
birayı	3.17
bircok	3.17
biçimlerine	3.17
bonzai	3.17
borcumuzu	3.17
bowman	3.17
boyabat	3.17
bozulmasını	3.17
boğazlar	3.17
boğuluyorum	3.17
branşları	3.17
bros	3.17
bukalemun	3.17
buldukça	3.17
bulduğumda	3.17
bulmadan	3.17
bulmuşlardır	3.17
bulunanlara	3.17
bunlardır	3.17
buyursun	3.17
böldü	3.17
bölükbaşı	3.17
bükücü	3.17
bütünleşme	3.17
büyücüsü	3.17
bırakırsa	3.17
cable	3.17
camından	3.17
cay	3.17
cebini	3.17
celine	3.17
cepkin	3.17
cevad	3.17
char	3.17
cikti	3.17
cinayetine	3.17
cinayetlerini	3.17
cobb	3.17
community	3.17
corleone	3.17
cory	3.17
coupe	3.17
crow	3.17
cumalar	3.17
dahiyane	3.17
damızlık	3.17
davetini	3.17
davranırlar	3.17
davranırım	3.17
dağılımları	3.17
dağılımının	3.17
delgado	3.17
delidir	3.17
demeti	3.17
demiryolunun	3.17
denetleyici	3.17
dengenin	3.17
denizinin	3.17
depreminin	3.17
dergilerin	3.17
derik	3.17
derinde	3.17
derinliğini	3.17
deseniz	3.17
desteğimiz	3.17
devrilmesi	3.17
devrimcilerin	3.17
devriyesi	3.17
değerlendir	3.17
değerlerimize	3.17
değişikliklerden	3.17
değiştirici	3.17
dharma	3.17
diplomasisi	3.17
dizeler	3.17
doe	3.17
doldurulması	3.17
donanmaya	3.17
doğumun	3.17
doğurmak	3.17
dura	3.17
duracaksın	3.17
durdursun	3.17
dururdu	3.17
duruşmanın	3.17
duymadığı	3.17
duyurur	3.17
döktüğü	3.17
döşemealtı	3.17
düzenlemesine	3.17
düğünleri	3.17
düşmanlarından	3.17
edebiyatla	3.17
edemediğimiz	3.17
edilmişlerdir	3.17
elek	3.17
elemelerinde	3.17
eleştirerek	3.17
elinizle	3.17
emekliliğe	3.17
enerjilerini	3.17
engellemesi	3.17
england	3.17
erişen	3.17
erkeklerinin	3.17
erleri	3.17
esenlik	3.17
essay	3.17
etkendir	3.17
etkilerden	3.17
etle	3.17
everything	3.17
evlatlarını	3.17
evlendik	3.17
evlenirken	3.17
ezanın	3.17
ezine	3.17
eşeği	3.17
fareyi	3.17
farzet	3.17
festivalleri	3.17
fethinden	3.17
feyza	3.17
fikirdir	3.17
filmidir	3.17
flores	3.17
fonksiyonun	3.17
formlarının	3.17
forumlar	3.17
frekansta	3.17
frekansını	3.17
friday	3.17
friend	3.17
futbolunu	3.17
fırlatın	3.17
fırsatımız	3.17
fırtınada	3.17
fışkırıyor	3.17
gaia	3.17
galileo	3.17
gaston	3.17
gazabı	3.17
gecemi	3.17
geciken	3.17
geliştirilerek	3.17
gelmemek	3.17
gelmemiz	3.17
gemici	3.17
generallerin	3.17
gertrude	3.17
gerçeklerini	3.17
getirdikten	3.17
getirdiğin	3.17
getirildiğinde	3.17
geçilecek	3.17
geçilmiştir	3.17
geçiyorsa	3.17
gidebileceği	3.17
gidebiliriz	3.17
girebilirler	3.17
gireceksiniz	3.17
giremedim	3.17
girmeyelim	3.17
gitmekle	3.17
gittiğimi	3.17
goran	3.17
goril	3.17
gormek	3.17
gp	3.17
gurbette	3.17
gökdelenler	3.17
gölden	3.17
görele	3.17
görevdeyken	3.17
görülmüştü	3.17
görülürken	3.17
göstermektir	3.17
götürdüğünü	3.17
götürüyorlar	3.17
gözeten	3.17
gülcan	3.17
güldüğünü	3.17
gülizar	3.17
gülümsüyorsun	3.17
güzelleşiyor	3.17
güzergah	3.17
güzergâh	3.17
güzin	3.17
hacivat	3.17
haftaiçi	3.17
hafızamı	3.17
haha	3.17
haki	3.17
haklisin	3.17
halkımızla	3.17
hamleleri	3.17
hamlesini	3.17
hanbel	3.17
harcadığımız	3.17
harcandı	3.17
hareketlerde	3.17
hasıla	3.17
hasılatı	3.17
hatırladı	3.17
hatırlatması	3.17
hayranlığı	3.17
hayvancılığa	3.17
herbiri	3.17
herşeyimi	3.17
hiçsin	3.17
hükumeti	3.17
hükûmeti	3.17
idareleri	3.17
ihtimalimiz	3.17
ikilem	3.17
ikinciyi	3.17
iktisadî	3.17
ilana	3.17
ilişkilerinden	3.17
ilişkisinden	3.17
imamların	3.17
inancından	3.17
inanılıyor	3.17
index	3.17
ingilizleri	3.17
insanüstü	3.17
irşad	3.17
istemişimdir	3.17
isteseniz	3.17
istikametine	3.17
iyinin	3.17
izcilik	3.17
izlemeniz	3.17
işaretin	3.17
işlemle	3.17
jacqueline	3.17
jakob	3.17
jamaika	3.17
jeep	3.17
kabarcık	3.17
kadriye	3.17
kahveden	3.17
kaldırılıyor	3.17
kaldığımda	3.17
kalkmasına	3.17
kalmanız	3.17
kalorifer	3.17
kalçalar	3.17
kalırsak	3.17
kalıtım	3.17
kameralarına	3.17
kamerasına	3.17
kampının	3.17
kamyonetin	3.17
kamyonla	3.17
kanunlarla	3.17
kapakta	3.17
kapağının	3.17
kapital	3.17
karakterlerinden	3.17
kararlaştırdı	3.17
kararlaştırılan	3.17
kararınızı	3.17
karması	3.17
karışmam	3.17
karşımızdaki	3.17
katalogları	3.17
katlanamıyorum	3.17
katmanlar	3.17
katılanlara	3.17
katılmama	3.17
kaybetmeyelim	3.17
kaygılı	3.17
kaçarlar	3.17
kaçmadan	3.17
kaçını	3.17
kaşı	3.17
kesilmesini	3.17
kesiminden	3.17
keyfe	3.17
keyifler	3.17
keyifliydi	3.17
kilisesine	3.17
kis	3.17
klik	3.17
kodunun	3.17
kolaylaşır	3.17
komisyonunun	3.17
komiteleri	3.17
komutası	3.17
konduğu	3.17
konseyde	3.17
kontra	3.17
konumun	3.17
konumunun	3.17
koridorun	3.17
korktuğumuz	3.17
koyunca	3.17
kulaklıklar	3.17
kullanamıyorum	3.17
kullanmama	3.17
kullanmışlardır	3.17
kullanılmamaktadır	3.17
kurallardan	3.17
kurdistan	3.17
kurtuluyor	3.17
kurultayda	3.17
kurumaya	3.17
kuruyan	3.17
kutsi	3.17
kuvvetinin	3.17
kuyrukları	3.17
kuzeyin	3.17
köpeğiniz	3.17
köseoğlu	3.17
kütlesinin	3.17
küçüklüğümden	3.17
kılıp	3.17
kırabilir	3.17
kızıdır	3.17
kızımıza	3.17
lahey	3.17
lakabını	3.17
lanetler	3.17
lenovo	3.17
leverkusen	3.17
lexus	3.17
liglerinde	3.17
lirik	3.17
louisa	3.17
lp	3.17
lupin	3.17
lüzumu	3.17
maaşım	3.17
maaşından	3.17
madalyanın	3.17
mahkumiyet	3.17
makinist	3.17
makyajlı	3.17
malaga	3.17
maral	3.17
marius	3.17
marketi	3.17
marketin	3.17
marquez	3.17
marşını	3.17
mata	3.17
maverick	3.17
maz	3.17
mağlubiyetle	3.17
medusa	3.17
mekanında	3.17
melankoli	3.17
memo	3.17
mesaisi	3.17
meselemiz	3.17
mevzi	3.17
meşruiyet	3.17
milisler	3.17
mint	3.17
miymiş	3.17
monitor	3.17
motorda	3.17
motordan	3.17
mouth	3.17
mudurnu	3.17
muhteşemsin	3.17
mukabil	3.17
mumkun	3.17
muslim	3.17
mücadelesinden	3.17
müessese	3.17
müjdeyi	3.17
mülakatta	3.17
müşrik	3.17
nadine	3.17
napalm	3.17
nefeste	3.17
niceleri	3.17
nitelikteki	3.17
noktaladı	3.17
noktasal	3.17
normalleşme	3.17
odanız	3.17
odasi	3.17
okumamış	3.17
olduğuyla	3.17
olgunlaşmamış	3.17
oluşturduk	3.17
olympiacos	3.17
orana	3.17
orklar	3.17
otobüslerde	3.17
otururum	3.17
own	3.17
oyuncaklarını	3.17
pad	3.17
paketlerin	3.17
pansuman	3.17
paper	3.17
parca	3.17
partilerle	3.17
parçacıkların	3.17
pd	3.17
peck	3.17
pelikan	3.17
peşindesiniz	3.17
piramidin	3.17
plajları	3.17
pompaları	3.17
product	3.17
protokole	3.17
psv	3.17
puerto	3.17
pınarı	3.17
rahatı	3.17
rahiplerin	3.17
raid	3.17
records	3.17
refaha	3.17
rekortmeni	3.17
remember	3.17
results	3.17
rights	3.17
rim	3.17
riskinin	3.17
rousseau	3.17
rumuz	3.17
runner	3.17
rusları	3.17
rızasıyla	3.17
rızkı	3.17
sakatlıklar	3.17
sakladı	3.17
saplanan	3.17
sarık	3.17
satılabilir	3.17
savannah	3.17
savaştığı	3.17
saygının	3.17
saygısızca	3.17
saçmalamayın	3.17
sağladıkları	3.17
sağlanarak	3.17
seferlerinin	3.17
sektörler	3.17
sektörleri	3.17
sendikaya	3.17
senesinden	3.17
sentinel	3.17
seslenen	3.17
sevdiklerinin	3.17
seyahatin	3.17
seyahatine	3.17
seçerdim	3.17
seçtiğin	3.17
sikerken	3.17
sikerler	3.17
sikine	3.17
siliniyor	3.17
sima	3.17
sinirlendi	3.17
skoda	3.17
sonrasi	3.17
sonuçlanabilir	3.17
sonuçlanmış	3.17
sonuçlarıyla	3.17
sosyalizmi	3.17
soyadım	3.17
soyadının	3.17
soylular	3.17
standartlarının	3.17
statüye	3.17
sunuluyor	3.17
surf	3.17
suriyelilere	3.17
surp	3.17
sâlih	3.17
söylemini	3.17
söylemişler	3.17
sülün	3.17
sümeyye	3.17
sürerse	3.17
sürüklemek	3.17
sürüler	3.17
sürüme	3.17
sınai	3.17
sıçıp	3.17
takibini	3.17
tamamlarken	3.17
tanzanya	3.17
tanınmaktadır	3.17
tarabya	3.17
tarafımı	3.17
tartışmalarda	3.17
tatiana	3.17
tatları	3.17
tavrın	3.17
tavırla	3.17
taşıdılar	3.17
taşıyacaktır	3.17
tebliği	3.17
tekdüze	3.17
tekini	3.17
tekneyi	3.17
tekrarladı	3.17
teline	3.17
temizlenen	3.17
temizliğini	3.17
tenin	3.17
terörizmle	3.17
tess	3.17
theory	3.17
tnt	3.17
tohumun	3.17
tondan	3.17
toplanmasına	3.17
towers	3.17
tulumu	3.17
turnike	3.17
turta	3.17
tutkun	3.17
tutmakla	3.17
tutuklandığını	3.17
tuvaletinde	3.17
tuvaletini	3.17
tuzsuz	3.17
tükenme	3.17
tüketilmesi	3.17
tıkandı	3.17
tırmanmak	3.17
ulaşabiliriz	3.17
ulaşılmaz	3.17
universitesi	3.17
unsurlarından	3.17
unutkanlık	3.17
uranüs	3.17
uydurduğu	3.17
uydurup	3.17
uygulamalardan	3.17
uyursun	3.17
uzaklaşarak	3.17
uzaylıların	3.17
uçuran	3.17
vagonu	3.17
valiye	3.17
varlıklarının	3.17
varmaya	3.17
vatandaşlarımızla	3.17
vazgeçerek	3.17
vere	3.17
verseydin	3.17
veysi	3.17
vitaminler	3.17
vitesi	3.17
vücudumda	3.17
vücudumu	3.17
walk	3.17
without	3.17
wolfe	3.17
xıv	3.17
yakasının	3.17
yalancısın	3.17
yaldızlı	3.17
yanadır	3.17
yanımdayken	3.17
yapabileceğinizi	3.17
yaprağın	3.17
yaptırdık	3.17
yarabbim	3.17
yaradılış	3.17
yararlar	3.17
yarışmacıları	3.17
yarışmacıların	3.17
yasaklandığı	3.17
yattıktan	3.17
yaylar	3.17
yazarlarına	3.17
yazdırma	3.17
yazmaz	3.17
yazılmaktadır	3.17
yaşananlardan	3.17
yaşartıcı	3.17
yaşasa	3.17
yaşayabilirler	3.17
yaşların	3.17
yemesini	3.17
yenilgisi	3.17
yeniyor	3.17
yeti	3.17
yiyeceğiz	3.17
yollanan	3.17
yoran	3.17
yorumluyor	3.17
yozlaşma	3.17
yutmak	3.17
yönetmenliğinde	3.17
yükümlülüğü	3.17
yürüyüşler	3.17
yüzyıldaki	3.17
yüzüyle	3.17
yıldızdan	3.17
zahid	3.17
zakkum	3.17
zararını	3.17
zemzem	3.17
zincirine	3.17
zorlandım	3.17
zweig	3.17
zümrüdüanka	3.17
âleme	3.17
çabaların	3.17
çabasını	3.17
çadırın	3.17
çakra	3.17
çalışıyorsanız	3.17
çantasından	3.17
çağırdılar	3.17
çerkesler	3.17
çerçeveler	3.17
çevirmenin	3.17
çiçeklerden	3.17
çocuğusun	3.17
çoğalması	3.17
çürüyen	3.17
çıngıraklı	3.17
ödediğim	3.17
ödersin	3.17
öge	3.17
öldürttü	3.17
öldürülme	3.17
ölüsü	3.17
ölüyorlar	3.17
öncüleri	3.17
önemsiyoruz	3.17
önerilerini	3.17
önermek	3.17
öpücükler	3.17
örtmeye	3.17
özde	3.17
öğelerin	3.17
öğrenciyken	3.17
üretilecek	3.17
üzüldüğünü	3.17
ıb	3.17
ısısını	3.17
ız	3.17
şaha	3.17
şaheser	3.17
şak	3.17
şiirlerde	3.17
şiirlerinden	3.17
şükranlarımızı	3.17
acır	3.16
adresler	3.16
affedersin	3.16
ailedeki	3.16
akran	3.16
aktardığına	3.16
akıyordu	3.16
alayına	3.16
aldığımızı	3.16
aldığınızda	3.16
altar	3.16
altunizade	3.16
altınlar	3.16
altıok	3.16
alışkanlıklarını	3.16
anadolunun	3.16
anahtarıdır	3.16
anketin	3.16
anketine	3.16
anlamadığını	3.16
anlamdaki	3.16
anlatmadan	3.16
anlatmaktan	3.16
anlatılmaz	3.16
antrenmanlara	3.16
anıtın	3.16
aptaldır	3.16
aradığımı	3.16
aramada	3.16
ararsınız	3.16
arayıcı	3.16
arazisinin	3.16
araştırmacılara	3.16
araştırmalarla	3.16
arkadaşımdı	3.16
armada	3.16
armand	3.16
aroması	3.16
arıcı	3.16
arıyormuş	3.16
askerim	3.16
asılır	3.16
atlarım	3.16
aubrey	3.16
ayakkabıya	3.16
ayarlayıp	3.16
aylarına	3.16
aylarını	3.16
açsan	3.16
ağzınızdan	3.16
ağırlayacak	3.16
ağırlığın	3.16
ağıtlar	3.16
aşamasındaki	3.16
aşamayı	3.16
aşiretler	3.16
aşksız	3.16
aşılar	3.16
bahariye	3.16
bakmanızı	3.16
balayına	3.16
balbay	3.16
ballard	3.16
balıklarının	3.16
baraka	3.16
bardaklar	3.16
basen	3.16
bastırılan	3.16
bayilik	3.16
bayrağımız	3.16
bayılma	3.16
bağladık	3.16
bağladılar	3.16
başardığı	3.16
başarısıyla	3.16
başladığımızda	3.16
başlığında	3.16
başvurulan	3.16
bebeğimi	3.16
beleşe	3.16
belirlemektedir	3.16
belirlenmişti	3.16
benimsemiştir	3.16
benzinin	3.16
berkan	3.16
bern	3.16
beğenecek	3.16
bildirme	3.16
billah	3.16
bilmesem	3.16
binmeye	3.16
birbirinizden	3.16
birbirinizle	3.16
birimden	3.16
bitkiye	3.16
bolat	3.16
boo	3.16
bozdoğan	3.16
boğuluyor	3.16
boğuyor	3.16
bright	3.16
britanyalı	3.16
bsk	3.16
buckley	3.16
bulabileceğiniz	3.16
bulancak	3.16
bulunmamakta	3.16
bulunmuşlardır	3.16
buzdolabını	3.16
bâzı	3.16
böbrekler	3.16
bütçesinin	3.16
bütçeyle	3.16
bütünlüğünün	3.16
büyüdün	3.16
büyüleri	3.16
büyüsünü	3.16
bırakmanız	3.16
bıyığı	3.16
caddesine	3.16
candır	3.16
canlandırır	3.16
canlılarda	3.16
ceketini	3.16
cevaplamak	3.16
cezanı	3.16
chico	3.16
cilde	3.16
cildini	3.16
comment	3.16
covid	3.16
critical	3.16
cumhuriyetinde	3.16
dakikanın	3.16
dallarının	3.16
dea	3.16
dedikoducu	3.16
deil	3.16
deplasmanı	3.16
dereye	3.16
destekte	3.16
devr	3.16
devreyi	3.16
değen	3.16
değişirse	3.16
değiştiririm	3.16
değiştirmesine	3.16
dileyip	3.16
dilleriyle	3.16
dinlenir	3.16
dinlenmiş	3.16
dinleyebilirsiniz	3.16
dokunamaz	3.16
dokuyu	3.16
doğduk	3.16
doğumlar	3.16
dudaklarının	3.16
duvarla	3.16
duyarsanız	3.16
duyuyorsunuz	3.16
dynamite	3.16
döngüsünü	3.16
dönüşe	3.16
dönüştürülebilir	3.16
dönüştürüyor	3.16
dövüldü	3.16
düzenlenmesinde	3.16
düşenler	3.16
düşleri	3.16
düşünemez	3.16
edemediğini	3.16
edildikleri	3.16
efor	3.16
ekg	3.16
ekonomimiz	3.16
ekranını	3.16
enerjim	3.16
eng	3.16
ergani	3.16
eruh	3.16
etmenler	3.16
ettirmiştir	3.16
eğitsel	3.16
eğlendirmek	3.16
eşimden	3.16
eşinizle	3.16
eşşek	3.16
fabrikadan	3.16
failleri	3.16
faizleri	3.16
fakire	3.16
faktörlere	3.16
fedai	3.16
fethetmek	3.16
fikstürü	3.16
fizyoterapist	3.16
frederic	3.16
funk	3.16
füzelerin	3.16
füzenin	3.16
fırlamış	3.16
fırıldak	3.16
fısıltı	3.16
fıtığı	3.16
gazap	3.16
gecelere	3.16
gecikti	3.16
gelenektir	3.16
gelirmiş	3.16
gelişime	3.16
gelmekle	3.16
gelmiyorsa	3.16
geriyor	3.16
getirebiliriz	3.16
getireceğine	3.16
getiremez	3.16
getiri	3.16
getirince	3.16
gezintiye	3.16
geçebilmek	3.16
geçilmiş	3.16
geçiriyordu	3.16
geçmesin	3.16
geçmişimiz	3.16
gideon	3.16
girdiğinizde	3.16
girebilecek	3.16
girmelerine	3.16
girmemek	3.16
girmeniz	3.16
gitmesinden	3.16
gitmeyelim	3.16
giysin	3.16
gl	3.16
godfrey	3.16
gönderebilirsiniz	3.16
gönderilmek	3.16
göndermeler	3.16
görevlilerini	3.16
görmelisiniz	3.16
görmezler	3.16
görüntülenir	3.16
görüştüğüm	3.16
göstermediği	3.16
göte	3.16
gövdesine	3.16
gülek	3.16
gülmez	3.16
gülseren	3.16
gümüşten	3.16
gündemdeki	3.16
güvendiğiniz	3.16
güveninizi	3.16
güzelliğinden	3.16
haklarımız	3.16
halleriyle	3.16
halıda	3.16
harflerinin	3.16
hastasının	3.16
havaalanları	3.16
havalanan	3.16
hayalinde	3.16
hb	3.16
hediyelerini	3.16
heller	3.16
hesab	3.16
hesaplanmış	3.16
hex	3.16
heyecanlandıran	3.16
hikâyede	3.16
hissedebilir	3.16
hissetmeyi	3.16
hissettin	3.16
hobisi	3.16
hosuma	3.16
ifadede	3.16
ihracı	3.16
ihsaniye	3.16
iktidarlar	3.16
ilahî	3.16
iledir	3.16
ilerlemektedir	3.16
ilgilenecek	3.16
ilimize	3.16
ilkelerin	3.16
imrân	3.16
inanamayacaksınız	3.16
inanilmaz	3.16
incelenebilir	3.16
inceleyelim	3.16
indeks	3.16
indirimde	3.16
indiğini	3.16
information	3.16
insafına	3.16
istedigin	3.16
istemediler	3.16
istemezseniz	3.16
isteğimi	3.16
isyanları	3.16
iterek	3.16
itirafları	3.16
içilmez	3.16
içindesin	3.16
iğneleri	3.16
iğreniyorum	3.16
işaretlerin	3.16
işgalden	3.16
işleyerek	3.16
jb	3.16
jennie	3.16
jupiter	3.16
kabarcıklar	3.16
kabare	3.16
kadarının	3.16
kalbinle	3.16
kaldırıyorum	3.16
kaleli	3.16
kalkana	3.16
kalkışan	3.16
kalmayacağını	3.16
kalplerinde	3.16
kalınmış	3.16
kamudan	3.16
kanalıyla	3.16
kandırmış	3.16
kanıtlamıştır	3.16
kapatılıp	3.16
kappa	3.16
karacan	3.16
karamollaoğlu	3.16
karaçam	3.16
kartınızı	3.16
karıştırmış	3.16
karışımın	3.16
karşılaşmasının	3.16
karşılaştır	3.16
karşılaşıp	3.16
kasayı	3.16
kattım	3.16
kavramıyla	3.16
kavuştum	3.16
kaybolmaya	3.16
kaydetmeye	3.16
kayıpsız	3.16
kağıtlarını	3.16
kendinizin	3.16
kentini	3.16
kepenk	3.16
kesimlerin	3.16
kesiti	3.16
keşfedilmeyi	3.16
keşfettiler	3.16
killer	3.16
kitaplarıyla	3.16
koalisyona	3.16
koda	3.16
kolejde	3.16
kolundaki	3.16
komisyonda	3.16
komplonun	3.16
komşularının	3.16
konakları	3.16
kontakt	3.16
kontör	3.16
konuşmanız	3.16
korona	3.16
korumalar	3.16
korurlar	3.16
koruyabilir	3.16
kos	3.16
koşmuş	3.16
kristaller	3.16
kriterlerine	3.16
krizde	3.16
kudurmuş	3.16
kulaklı	3.16
kullanılabileceğini	3.16
kullanıldığına	3.16
kullanılmasından	3.16
kullarını	3.16
kuracağım	3.16
kurmakla	3.16
kursunda	3.16
kurtarılmış	3.16
kurulmasından	3.16
kuruluşlarla	3.16
kurutmak	3.16
kuyrukta	3.16
kuzeyinden	3.16
kuşkulu	3.16
köpeklerle	3.16
kötüleri	3.16
kötüyse	3.16
künye	3.16
küçülen	3.16
kılarak	3.16
kınıyor	3.16
kırkağaç	3.16
kırpma	3.16
kızartıcı	3.16
kızılayı	3.16
kızılbaş	3.16
kızımızı	3.16
laboratuarı	3.16
lamb	3.16
levy	3.16
lezzetliydi	3.16
liderlere	3.16
lift	3.16
lille	3.16
linc	3.16
listelerin	3.16
madagaskar	3.16
magma	3.16
mahkemelere	3.16
malibu	3.16
mamut	3.16
mandarin	3.16
manifestosu	3.16
marcia	3.16
marlene	3.16
mass	3.16
mağaralarda	3.16
mağazasına	3.16
medcezir	3.16
medeniyete	3.16
medeniyetleri	3.16
meleklere	3.16
menopoz	3.16
mesh	3.16
metabolizması	3.16
mfö	3.16
mikroorganizmalar	3.16
milletle	3.16
minikler	3.16
mitingler	3.16
moby	3.16
mta	3.16
mukoza	3.16
mulder	3.16
muteber	3.16
mürekkebi	3.16
müteahhitlik	3.16
müzakerelere	3.16
müşerref	3.16
müşrikler	3.16
nasılmış	3.16
nebahat	3.16
nedenlerin	3.16
nefrete	3.16
nispet	3.16
nitelendirdi	3.16
numarasından	3.16
numarasıyla	3.16
nurlu	3.16
nöral	3.16
oksijensiz	3.16
okumaz	3.16
olabileceğin	3.16
olacağınıza	3.16
olamıyoruz	3.16
olanlarından	3.16
olara	3.16
olayıdır	3.16
oldugunda	3.16
olgudur	3.16
olmamdan	3.16
olmayabilirim	3.16
oluşuma	3.16
onaran	3.16
onluk	3.16
ormanlarının	3.16
ortalığın	3.16
oturtmak	3.16
oturuyorsun	3.16
oynanabilir	3.16
oynayacağını	3.16
oyunculuğa	3.16
packard	3.16
paketlerini	3.16
paketlerinin	3.16
papanın	3.16
paradoks	3.16
paralık	3.16
parklarda	3.16
parladı	3.16
patlatır	3.16
patronunun	3.16
pedikür	3.16
pervasızca	3.16
peygamberlere	3.16
pislikten	3.16
pişti	3.16
planlarım	3.16
pls	3.16
podyuma	3.16
pompey	3.16
portföy	3.16
princess	3.16
prometheus	3.16
proteinleri	3.16
provoke	3.16
puanlarını	3.16
pür	3.16
rabbimin	3.16
rabbimize	3.16
radyoterapi	3.16
rahşan	3.16
rakamın	3.16
rastlar	3.16
reddettiler	3.16
refakatçi	3.16
rehberliği	3.16
reilly	3.16
renktedir	3.16
resimlerim	3.16
reçetesi	3.16
ringde	3.16
rj	3.16
rowan	3.16
ruhsar	3.16
rukiye	3.16
rüyalarım	3.16
rüyaya	3.16
sabırlar	3.16
saklanıp	3.16
salazar	3.16
salağın	3.16
same	3.16
sarin	3.16
sarılık	3.16
sayid	3.16
saylan	3.16
sayıdan	3.16
saçından	3.16
sağlanmasına	3.16
sağlı	3.16
sekste	3.16
sektörel	3.16
sektörlerinde	3.16
sendikanın	3.16
senlik	3.16
serdi	3.16
servikal	3.16
sevdirmek	3.16
sevemez	3.16
sevgilileri	3.16
sevilir	3.16
sevmişimdir	3.16
seyran	3.16
seçeneğiniz	3.16
shinji	3.16
silahlarının	3.16
sinif	3.16
sivrisinekler	3.16
siyahın	3.16
sokuyorum	3.16
sormaktan	3.16
sorsanız	3.16
sorunlarınızı	3.16
stadyumda	3.16
suikastı	3.16
sultanım	3.16
sundum	3.16
surede	3.16
suçlamaya	3.16
sweeney	3.16
sökmez	3.16
sömestr	3.16
söylememiş	3.16
söyleyemeyiz	3.16
söyleyemiyorum	3.16
sözcüğünden	3.16
sözlükler	3.16
sümbül	3.16
sürücüye	3.16
sütunları	3.16
sıcakken	3.16
sıcaktı	3.16
sıktır	3.16
sıkıldın	3.16
sıkıntısından	3.16
sınamak	3.16
sıradadır	3.16
sırala	3.16
sıvıların	3.16
sığınmış	3.16
tabanda	3.16
tacizde	3.16
takdirini	3.16
takmam	3.16
takviyeli	3.16
takımlı	3.16
tamdır	3.16
tanıyamadım	3.16
tanıştığınız	3.16
tarafımıza	3.16
tarağı	3.16
target	3.16
tarikatının	3.16
tarlalar	3.16
tartı	3.16
taştır	3.16
taşıdığım	3.16
taşımaktan	3.16
tedarikçisi	3.16
tedirginlik	3.16
telepati	3.16
tepelerinde	3.16
terapisti	3.16
tercihine	3.16
tereyağlı	3.16
teşekür	3.16
tonuna	3.16
topic	3.16
toplamıdır	3.16
toptancı	3.16
topunun	3.16
tutkuyu	3.16
tutmuyorum	3.16
tutuklanmasını	3.16
tutuyorsun	3.16
tzu	3.16
törenlerine	3.16
tüfekçi	3.16
tükendiği	3.16
tıpa	3.16
tıpatıp	3.16
ulaşırlar	3.16
umuyordu	3.16
unutacaksın	3.16
unutulmayan	3.16
unvanları	3.16
uyguladıkları	3.16
uykucu	3.16
uykumu	3.16
uzaklaştıkça	3.16
uzaklaştım	3.16
uzaması	3.16
uzatarak	3.16
uzmanlara	3.16
varmi	3.16
vazgeçen	3.16
vekilin	3.16
vericem	3.16
vermiştin	3.16
visa	3.16
voyage	3.16
vura	3.16
vururuz	3.16
vw	3.16
wanna	3.16
weasley	3.16
whitman	3.16
yabancılık	3.16
yakacağım	3.16
yakınken	3.16
yakıtın	3.16
yakıyorsun	3.16
yalanlara	3.16
yalıtımı	3.16
yandığında	3.16
yanlıştan	3.16
yapabildiğim	3.16
yapacağınıza	3.16
yapmadıkları	3.16
yapmayacağı	3.16
yapmayacağını	3.16
yapmazdım	3.16
yapmışsa	3.16
yaratıcılığı	3.16
yatı	3.16
yazmaları	3.16
yazınca	3.16
yazışmalar	3.16
yağdığında	3.16
yaşamaktadırlar	3.16
yaşamlar	3.16
yedisi	3.16
yekpare	3.16
yenilmezler	3.16
yetkilerinin	3.16
yeşiltepe	3.16
yitiriyor	3.16
yoko	3.16
yoksulluğa	3.16
yorulduk	3.16
yorumlamak	3.16
yorumlarıyla	3.16
yurtlarda	3.16
yönetimlerin	3.16
yönetimsel	3.16
yürüdüler	3.16
yüzeydeki	3.16
yüzlerinde	3.16
yıllarındaki	3.16
zamanlayıcı	3.16
zekiyim	3.16
zlatan	3.16
zulu	3.16
âlimi	3.16
çekimlerini	3.16
çekinen	3.16
çekmem	3.16
çerçeveli	3.16
çiftini	3.16
çiftliğine	3.16
çiğneyip	3.16
çobanlar	3.16
çobanı	3.16
çoktandır	3.16
çöllerde	3.16
çözülme	3.16
çıkarana	3.16
çıkarttık	3.16
çıkmıyoruz	3.16
çıkışın	3.16
öderim	3.16
ödeyeceğiz	3.16
öldürürken	3.16
ölmüyor	3.16
ömründe	3.16
öncelikleri	3.16
övmek	3.16
özelleştirilmiş	3.16
öğrencilerimizle	3.16
öğretmenden	3.16
ülkeyiz	3.16
üniversitemiz	3.16
üretilip	3.16
üretirler	3.16
üzülmek	3.16
üzülürüm	3.16
ıg	3.16
ımage	3.16
ınoue	3.16
ısırıyor	3.16
ışınlarını	3.16
şahsiyeti	3.16
şarkıdır	3.16
şatosu	3.16
şaşı	3.16
şerhi	3.16
şevk	3.16
şiirlerle	3.16
şikâyetçi	3.16
şirketlerinde	3.16
я	3.16
abbey	3.15
abime	3.15
acımadan	3.15
adetleri	3.15
adlî	3.15
adımdan	3.15
agustos	3.15
ailelerimizin	3.15
ajanlık	3.15
ajitasyon	3.15
akabe	3.15
aklımdaki	3.15
aklımız	3.15
akrobasi	3.15
aktörün	3.15
aldığıma	3.15
aletim	3.15
algoritmalar	3.15
alımlarında	3.15
alındılar	3.15
alınmazsa	3.15
amac	3.15
amazing	3.15
amaçlarının	3.15
anadoluda	3.15
analize	3.15
anh	3.15
anlamın	3.15
anlatınca	3.15
anlatırdı	3.15
anlayamazsınız	3.15
anlayışım	3.15
anlaşmazlıkları	3.15
anlaşır	3.15
anneyim	3.15
anter	3.15
antivirüs	3.15
anımı	3.15
aramızı	3.15
aranılan	3.15
arasindaki	3.15
arazisini	3.15
arenaya	3.15
arife	3.15
array	3.15
arsuz	3.15
artışları	3.15
ashab	3.15
atmosferinde	3.15
atsana	3.15
atölyede	3.15
atıflar	3.15
avcının	3.15
avlusuna	3.15
avukatlığını	3.15
ayakkabısını	3.15
ayarlamaları	3.15
aydos	3.15
aygıtlar	3.15
ayrılışının	3.15
ayrıştırma	3.15
ayırmadan	3.15
azaltacak	3.15
azcık	3.15
azizi	3.15
açlıkla	3.15
açmaktan	3.15
ağladın	3.15
ağızlarından	3.15
aşının	3.15
babaannem	3.15
babalarından	3.15
babasi	3.15
bakanlığınca	3.15
baksak	3.15
balla	3.15
bankacılığı	3.15
basamakta	3.15
baskıyla	3.15
basınla	3.15
basınına	3.15
batak	3.15
bağım	3.15
bağırsakları	3.15
bağışlama	3.15
başaramaz	3.15
başarılıdır	3.15
başladıysa	3.15
başlangıçtaki	3.15
başlangıçtır	3.15
başlatmaya	3.15
başlattığımız	3.15
başparmak	3.15
başsız	3.15
başvurusunu	3.15
başındayım	3.15
başınızın	3.15
bebeğimin	3.15
bedeller	3.15
bekaret	3.15
beklemediğim	3.15
belözoğlu	3.15
benimkinden	3.15
bentley	3.15
berg	3.15
bergman	3.15
besiktas	3.15
beyefendiler	3.15
bilmezsiniz	3.15
birilerinden	3.15
birthday	3.15
biteceği	3.15
bizsiz	3.15
blank	3.15
blogger	3.15
boat	3.15
borcunuz	3.15
borçludur	3.15
boyadım	3.15
boylam	3.15
bozulursa	3.15
boşalttı	3.15
browning	3.15
brutus	3.15
buddha	3.15
bulduğumu	3.15
bulls	3.15
bulucu	3.15
bulunabilecek	3.15
bulunacağı	3.15
bulunmaları	3.15
bulunmalıdır	3.15
bulurken	3.15
buralardaki	3.15
burjuvazinin	3.15
burnumuzun	3.15
buzdan	3.15
bölümleriyle	3.15
bünyesi	3.15
büroları	3.15
cadısı	3.15
camiasında	3.15
capitol	3.15
carr	3.15
cause	3.15
children	3.15
chrysler	3.15
cilvesi	3.15
cinleri	3.15
comfort	3.15
connecticut	3.15
csı	3.15
cümlesinde	3.15
cüretkar	3.15
danış	3.15
danışmak	3.15
daralan	3.15
davos	3.15
dağıtılacak	3.15
dediklerimi	3.15
defterler	3.15
dei	3.15
delegeleri	3.15
denetler	3.15
değerlerden	3.15
değerlerimiz	3.15
değerlerinden	3.15
değişeceğini	3.15
değiştirebilecek	3.15
değiştiremezsin	3.15
dilekler	3.15
dileklerimizi	3.15
dinlemenizi	3.15
dinlenip	3.15
dinlersin	3.15
diren	3.15
direğine	3.15
dirilişi	3.15
disco	3.15
disket	3.15
doktorlardan	3.15
dolapları	3.15
dolardır	3.15
downey	3.15
droid	3.15
dualarımız	3.15
dulkadiroğlu	3.15
duramam	3.15
durmaktan	3.15
dusty	3.15
duyulmaktadır	3.15
duyuyorlar	3.15
döndürmeye	3.15
dönemle	3.15
dönse	3.15
dönüyordu	3.15
döv	3.15
dövüşçü	3.15
döşenmiş	3.15
dünyamda	3.15
düzenlenmesini	3.15
düzeyli	3.15
düştükleri	3.15
düşüncelerinden	3.15
düşürdüler	3.15
düşüyordu	3.15
düşüşün	3.15
dışlı	3.15
eba	3.15
ebi	3.15
ecza	3.15
edebiliyoruz	3.15
edeceğinden	3.15
eeg	3.15
elbiseyle	3.15
eleştirilerine	3.15
ellerimizle	3.15
